origin	destination	great_circle_dist_km
united_states	united_states	0.0
united_states	jamaica	2684.91026348
united_states	honduras	2600.36515012
united_states	colombia	3981.40842915
united_states	mexico	1922.06469663
united_states	saint_kitts_nevis	4403.12110845
united_states	turks_caicos_islands	2718.31689562
united_states	sint_maarten	3650.85238561
united_states	saint_vincent_grenadines	4172.41476404
united_states	paraguay	7962.86154429
united_states	nicaragua	2901.25597195
united_states	barbados	4296.48767078
united_states	canada	1077.10699075
united_states	united_states_virgin_islands	3497.28293612
united_states	curacao	3723.37650621
united_states	bolivia	6772.27334562
united_states	panama	3462.74127176
united_states	uruguay	8847.26198863
united_states	bahamas	2008.60543594
united_states	bermuda	2646.70102104
united_states	aruba	3623.3222873
united_states	peru	5682.08119617
united_states	costa_rica	3210.65912936
united_states	anguilla	3636.67232452
united_states	venezuela	3987.18106767
united_states	french_guiana	5459.87038486
united_states	cayman_islands	2340.63599071
united_states	brazil	7934.5354583
united_states	trinidad_tobago	4379.13376353
united_states	dominican_republic	3054.53969602
united_states	cuba	2176.08655777
united_states	guatemala	2558.17928361
united_states	chile	8258.91178679
united_states	martinique	4070.36594877
united_states	haiti	2903.10965566
united_states	belize	2293.14332244
united_states	argentina	8498.11600916
united_states	dominica	3983.75632443
united_states	suriname	5214.52277396
united_states	saint_lucia	4129.24455411
united_states	el_salvador	2694.66435636
united_states	puerto_rico	3383.73943362
united_states	british_virgin_islands	3498.95568765
united_states	ecuador	4583.20212159
united_states	guyana	4950.44812
united_states	grenada	4220.35436172
united_states	guadeloupe	3900.11776152
united_states	antigua_barbuda	3815.24931602
jamaica	united_states	2684.91026348
jamaica	jamaica	0.0
jamaica	honduras	1167.67527642
jamaica	colombia	1365.33328115
jamaica	mexico	2496.47970178
jamaica	saint_kitts_nevis	2407.81487795
jamaica	turks_caicos_islands	688.414712008
jamaica	sint_maarten	1480.50854379
jamaica	saint_vincent_grenadines	1782.36553881
jamaica	paraguay	5295.32649482
jamaica	nicaragua	1160.49671009
jamaica	barbados	1947.79929201
jamaica	canada	3346.20135091
jamaica	united_states_virgin_islands	1286.04522956
jamaica	curacao	1094.23535771
jamaica	bolivia	4142.27067759
jamaica	panama	1075.17048245
jamaica	uruguay	6207.08290441
jamaica	bahamas	816.532171857
jamaica	bermuda	2012.96672332
jamaica	aruba	979.714541226
jamaica	peru	3231.91652251
jamaica	costa_rica	1182.02772345
jamaica	anguilla	1479.67880415
jamaica	venezuela	1344.92644782
jamaica	french_guiana	3003.57076301
jamaica	cayman_islands	472.769312755
jamaica	brazil	5279.06829694
jamaica	trinidad_tobago	1884.48374754
jamaica	dominican_republic	727.33026877
jamaica	cuba	508.887509952
jamaica	guatemala	1504.2020544
jamaica	chile	5793.3402669
jamaica	martinique	1754.07657847
jamaica	haiti	490.708847798
jamaica	belize	1208.47289633
jamaica	argentina	5898.64913884
jamaica	dominica	1696.80333573
jamaica	suriname	2729.54115421
jamaica	saint_lucia	1779.96029652
jamaica	el_salvador	1376.68335872
jamaica	puerto_rico	1139.01313015
jamaica	british_virgin_islands	1313.11164522
jamaica	ecuador	2195.38840792
jamaica	guyana	2425.56165161
jamaica	grenada	1776.15102487
jamaica	guadeloupe	1657.2957042
jamaica	antigua_barbuda	1617.05243054
honduras	united_states	2600.36515012
honduras	jamaica	1167.67527642
honduras	honduras	0.0
honduras	colombia	1695.26844985
honduras	mexico	1582.19065139
honduras	saint_kitts_nevis	3548.47241126
honduras	turks_caicos_islands	1829.13946751
honduras	sint_maarten	2627.38613497
honduras	saint_vincent_grenadines	2839.56357448
honduras	paraguay	5560.56561543
honduras	nicaragua	313.077380194
honduras	barbados	3012.32931616
honduras	canada	3542.40274495
honduras	united_states_virgin_islands	2435.64831362
honduras	curacao	2027.31929612
honduras	bolivia	4317.5667109
honduras	panama	1043.40063774
honduras	uruguay	6368.63020017
honduras	bahamas	1566.12067823
honduras	bermuda	3016.48494644
honduras	aruba	1907.68502841
honduras	peru	3114.98201771
honduras	costa_rica	651.34324987
honduras	anguilla	2628.83396885
honduras	venezuela	2211.75875361
honduras	french_guiana	3939.8419472
honduras	cayman_islands	819.434547818
honduras	brazil	5859.7245251
honduras	trinidad_tobago	2867.8357333
honduras	dominican_republic	1890.13258156
honduras	cuba	1143.35239361
honduras	guatemala	350.597352058
honduras	chile	5670.11714382
honduras	martinique	2845.29468491
honduras	haiti	1656.46577965
honduras	belize	310.702067506
honduras	argentina	5974.87259061
honduras	dominica	2802.20504534
honduras	suriname	3658.96881356
honduras	saint_lucia	2856.13196436
honduras	el_salvador	216.027916996
honduras	puerto_rico	2290.9010721
honduras	british_virgin_islands	2465.49473193
honduras	ecuador	2024.81571755
honduras	guyana	3339.76166872
honduras	grenada	2803.90286835
honduras	guadeloupe	2778.41936491
honduras	antigua_barbuda	2751.45553698
colombia	united_states	3981.40842915
colombia	jamaica	1365.33328115
colombia	honduras	1695.26844985
colombia	colombia	0.0
colombia	mexico	3275.72471713
colombia	saint_kitts_nevis	2561.41839236
colombia	turks_caicos_islands	1778.01299188
colombia	sint_maarten	1853.13156746
colombia	saint_vincent_grenadines	1695.14505011
colombia	paraguay	3985.17337547
colombia	nicaragua	1424.78267405
colombia	barbados	1849.65640133
colombia	canada	4707.47522348
colombia	united_states_virgin_islands	1735.87489866
colombia	curacao	941.947127212
colombia	bolivia	2795.20112112
colombia	panama	660.291096314
colombia	uruguay	4868.73471694
colombia	bahamas	2177.98756905
colombia	bermuda	3115.38584959
colombia	aruba	899.186694194
colombia	peru	1896.54506697
colombia	costa_rica	1116.09280222
colombia	anguilla	1867.71947636
colombia	venezuela	909.912598047
colombia	french_guiana	2436.21036327
colombia	cayman_islands	1640.81914668
colombia	brazil	4167.35515061
colombia	trinidad_tobago	1560.49890898
colombia	dominican_republic	1516.86844911
colombia	cuba	1848.73066146
colombia	guatemala	1992.31152809
colombia	chile	4432.47561221
colombia	martinique	1792.5103776
colombia	haiti	1449.31466256
colombia	belize	1954.03447306
colombia	argentina	4541.82679726
colombia	dominica	1805.00909798
colombia	suriname	2166.3706323
colombia	saint_lucia	1757.44552625
colombia	el_salvador	1782.31010594
colombia	puerto_rico	1656.5162331
colombia	british_virgin_islands	1773.4877108
colombia	ecuador	978.543612897
colombia	guyana	1856.18878325
colombia	grenada	1599.30189882
colombia	guadeloupe	1844.01624037
colombia	antigua_barbuda	1880.08017584
mexico	united_states	1922.06469663
mexico	jamaica	2496.47970178
mexico	honduras	1582.19065139
mexico	colombia	3275.72471713
mexico	mexico	0.0
mexico	saint_kitts_nevis	4862.43666067
mexico	turks_caicos_islands	2986.20192403
mexico	sint_maarten	3943.7635023
mexico	saint_vincent_grenadines	4277.85791059
mexico	paraguay	7040.07670825
mexico	nicaragua	1856.93053545
mexico	barbados	4444.16243386
mexico	canada	2997.40071088
mexico	united_states_virgin_islands	3750.18347469
mexico	curacao	3528.51539109
mexico	bolivia	5784.57104876
mexico	panama	2618.98346886
mexico	uruguay	7778.43046245
mexico	bahamas	2390.19842385
mexico	bermuda	3734.0170736
mexico	aruba	3407.25007244
mexico	peru	4482.95029906
mexico	costa_rica	2187.96004411
mexico	anguilla	3939.30050153
mexico	venezuela	3742.12672159
mexico	french_guiana	5463.44884109
mexico	cayman_islands	2025.55762713
mexico	brazil	7432.83986564
mexico	trinidad_tobago	4358.81070264
mexico	dominican_republic	3185.44326556
mexico	cuba	2167.24323117
mexico	guatemala	1295.37218905
mexico	chile	6903.38133781
mexico	martinique	4249.22279633
mexico	haiti	2952.7957765
mexico	belize	1358.74272165
mexico	argentina	7342.07126894
mexico	dominica	4188.80240351
mexico	suriname	5183.99855082
mexico	saint_lucia	4276.40922695
mexico	el_salvador	1506.2044951
mexico	puerto_rico	3603.84269826
mexico	british_virgin_islands	3771.67795787
mexico	ecuador	3458.1353706
mexico	guyana	4868.93040089
mexico	grenada	4265.65811
mexico	guadeloupe	4142.48313392
mexico	antigua_barbuda	4092.60550583
saint_kitts_nevis	united_states	4403.12110845
saint_kitts_nevis	jamaica	2407.81487795
saint_kitts_nevis	honduras	3548.47241126
saint_kitts_nevis	colombia	2561.41839236
saint_kitts_nevis	mexico	4862.43666067
saint_kitts_nevis	saint_kitts_nevis	0.0
saint_kitts_nevis	turks_caicos_islands	1884.07804402
saint_kitts_nevis	sint_maarten	927.442807399
saint_kitts_nevis	saint_vincent_grenadines	869.52207823
saint_kitts_nevis	paraguay	4749.19993604
saint_kitts_nevis	nicaragua	3456.54784486
saint_kitts_nevis	barbados	732.877351179
saint_kitts_nevis	canada	4513.65569683
saint_kitts_nevis	united_states_virgin_islands	1122.19037399
saint_kitts_nevis	curacao	1672.66362072
saint_kitts_nevis	bolivia	4055.56261152
saint_kitts_nevis	panama	2940.00839993
saint_kitts_nevis	uruguay	5721.35134043
saint_kitts_nevis	bahamas	2560.94251724
saint_kitts_nevis	bermuda	1970.53476697
saint_kitts_nevis	aruba	1764.76368813
saint_kitts_nevis	peru	3982.46779893
saint_kitts_nevis	costa_rica	3320.33266972
saint_kitts_nevis	anguilla	929.093606999
saint_kitts_nevis	venezuela	1651.62230172
saint_kitts_nevis	french_guiana	1377.28351204
saint_kitts_nevis	cayman_islands	2858.32374277
saint_kitts_nevis	brazil	4040.3001086
saint_kitts_nevis	trinidad_tobago	1077.96811852
saint_kitts_nevis	dominican_republic	1686.95121175
saint_kitts_nevis	cuba	2697.47359641
saint_kitts_nevis	guatemala	3895.76870366
saint_kitts_nevis	chile	5950.41128804
saint_kitts_nevis	martinique	773.531050729
saint_kitts_nevis	haiti	1924.33609447
saint_kitts_nevis	belize	3616.28586332
saint_kitts_nevis	argentina	5637.20279483
saint_kitts_nevis	dominica	780.777675636
saint_kitts_nevis	suriname	1282.02381336
saint_kitts_nevis	saint_lucia	803.972943226
saint_kitts_nevis	el_salvador	3743.34719976
saint_kitts_nevis	puerto_rico	1269.54301714
saint_kitts_nevis	british_virgin_islands	1096.75370408
saint_kitts_nevis	ecuador	3458.507732
saint_kitts_nevis	guyana	1264.68985494
saint_kitts_nevis	grenada	977.161133371
saint_kitts_nevis	guadeloupe	779.380346871
saint_kitts_nevis	antigua_barbuda	797.144236947
turks_caicos_islands	united_states	2718.31689562
turks_caicos_islands	jamaica	688.414712008
turks_caicos_islands	honduras	1829.13946751
turks_caicos_islands	colombia	1778.01299188
turks_caicos_islands	mexico	2986.20192403
turks_caicos_islands	saint_kitts_nevis	1884.07804402
turks_caicos_islands	turks_caicos_islands	0.0
turks_caicos_islands	sint_maarten	992.058340528
turks_caicos_islands	saint_vincent_grenadines	1461.37292977
turks_caicos_islands	paraguay	5465.56822484
turks_caicos_islands	nicaragua	1847.48439449
turks_caicos_islands	barbados	1597.54042097
turks_caicos_islands	canada	3158.98584618
turks_caicos_islands	united_states_virgin_islands	811.371947206
turks_caicos_islands	curacao	1103.18379492
turks_caicos_islands	bolivia	4400.06195367
turks_caicos_islands	panama	1684.08717434
turks_caicos_islands	uruguay	6416.09287377
turks_caicos_islands	bahamas	723.3429952
turks_caicos_islands	bermuda	1373.62879615
turks_caicos_islands	aruba	1038.11413913
turks_caicos_islands	peru	3670.99088605
turks_caicos_islands	costa_rica	1860.56855764
turks_caicos_islands	anguilla	983.174319567
turks_caicos_islands	venezuela	1359.8707389
turks_caicos_islands	french_guiana	2749.38301842
turks_caicos_islands	cayman_islands	1037.92468709
turks_caicos_islands	brazil	5245.2120631
turks_caicos_islands	trinidad_tobago	1661.12320993
turks_caicos_islands	dominican_republic	351.058147795
turks_caicos_islands	cuba	819.51491385
turks_caicos_islands	guatemala	2149.45137596
turks_caicos_islands	chile	6161.53551409
turks_caicos_islands	martinique	1375.05144403
turks_caicos_islands	haiti	329.148963452
turks_caicos_islands	belize	1814.56776313
turks_caicos_islands	argentina	6161.6777258
turks_caicos_islands	dominica	1294.97952336
turks_caicos_islands	suriname	2498.23976585
turks_caicos_islands	saint_lucia	1426.30409006
turks_caicos_islands	el_salvador	2043.10357523
turks_caicos_islands	puerto_rico	679.953690438
turks_caicos_islands	british_virgin_islands	823.041199322
turks_caicos_islands	ecuador	2714.42227395
turks_caicos_islands	guyana	2232.47004824
turks_caicos_islands	grenada	1502.90012558
turks_caicos_islands	guadeloupe	1224.02609618
turks_caicos_islands	antigua_barbuda	1153.57487963
sint_maarten	united_states	3650.85238561
sint_maarten	jamaica	1480.50854379
sint_maarten	honduras	2627.38613497
sint_maarten	colombia	1853.13156746
sint_maarten	mexico	3943.7635023
sint_maarten	saint_kitts_nevis	927.442807399
sint_maarten	turks_caicos_islands	992.058340528
sint_maarten	sint_maarten	0.0
sint_maarten	saint_vincent_grenadines	575.887744595
sint_maarten	paraguay	4866.47586354
sint_maarten	nicaragua	2551.69952231
sint_maarten	barbados	659.152239637
sint_maarten	canada	3938.15819549
sint_maarten	united_states_virgin_islands	194.865004556
sint_maarten	curacao	911.247375044
sint_maarten	bolivia	3953.14377208
sint_maarten	panama	2103.50071622
sint_maarten	uruguay	5842.36523175
sint_maarten	bahamas	1703.96566818
sint_maarten	bermuda	1601.30796597
sint_maarten	aruba	965.398303677
sint_maarten	peru	3550.43905527
sint_maarten	costa_rica	2444.36417386
sint_maarten	anguilla	20.7298556794
sint_maarten	venezuela	1016.09531339
sint_maarten	french_guiana	1822.9072807
sint_maarten	cayman_islands	1932.10206263
sint_maarten	brazil	4435.10926622
sint_maarten	trinidad_tobago	858.8037387
sint_maarten	dominican_republic	760.771019053
sint_maarten	cuba	1786.60179852
sint_maarten	guatemala	2972.93847438
sint_maarten	chile	5819.61887973
sint_maarten	martinique	436.367628904
sint_maarten	haiti	997.497016087
sint_maarten	belize	2688.94275057
sint_maarten	argentina	5664.62637521
sint_maarten	dominica	344.380183468
sint_maarten	suriname	1599.50717652
sint_maarten	saint_lucia	507.757262062
sint_maarten	el_salvador	2825.86190477
sint_maarten	puerto_rico	342.278238788
sint_maarten	british_virgin_islands	172.34549166
sint_maarten	ecuador	2819.24737496
sint_maarten	guyana	1387.32698113
sint_maarten	grenada	670.657103396
sint_maarten	guadeloupe	251.627294904
sint_maarten	antigua_barbuda	164.939123604
saint_vincent_grenadines	united_states	4172.41476404
saint_vincent_grenadines	jamaica	1782.36553881
saint_vincent_grenadines	honduras	2839.56357448
saint_vincent_grenadines	colombia	1695.14505011
saint_vincent_grenadines	mexico	4277.85791059
saint_vincent_grenadines	saint_kitts_nevis	869.52207823
saint_vincent_grenadines	turks_caicos_islands	1461.37292977
saint_vincent_grenadines	sint_maarten	575.887744595
saint_vincent_grenadines	saint_vincent_grenadines	0.0
saint_vincent_grenadines	paraguay	4305.24519182
saint_vincent_grenadines	nicaragua	2702.06877377
saint_vincent_grenadines	barbados	173.500230263
saint_vincent_grenadines	canada	4506.23148624
saint_vincent_grenadines	united_states_virgin_islands	684.423001007
saint_vincent_grenadines	curacao	846.875370463
saint_vincent_grenadines	bolivia	3436.49168875
saint_vincent_grenadines	panama	2115.31046226
saint_vincent_grenadines	uruguay	5282.9707007
saint_vincent_grenadines	bahamas	2184.18957709
saint_vincent_grenadines	bermuda	2163.12839005
saint_vincent_grenadines	aruba	955.060204445
saint_vincent_grenadines	peru	3174.80903694
saint_vincent_grenadines	costa_rica	2524.48009546
saint_vincent_grenadines	anguilla	595.406602135
saint_vincent_grenadines	venezuela	785.77772046
saint_vincent_grenadines	french_guiana	1288.50059814
saint_vincent_grenadines	cayman_islands	2254.87379346
saint_vincent_grenadines	brazil	3862.68920752
saint_vincent_grenadines	trinidad_tobago	300.461940603
saint_vincent_grenadines	dominican_republic	1151.4991351
saint_vincent_grenadines	cuba	2182.41320169
saint_vincent_grenadines	guatemala	3190.08244751
saint_vincent_grenadines	chile	5320.68849442
saint_vincent_grenadines	martinique	164.247011461
saint_vincent_grenadines	haiti	1357.51289589
saint_vincent_grenadines	belize	2958.87480183
saint_vincent_grenadines	argentina	5122.13225081
saint_vincent_grenadines	dominica	247.480524637
saint_vincent_grenadines	suriname	1044.59670547
saint_vincent_grenadines	saint_lucia	88.4905641365
saint_vincent_grenadines	el_salvador	3017.42861076
saint_vincent_grenadines	puerto_rico	788.727469271
saint_vincent_grenadines	british_virgin_islands	690.689053407
saint_vincent_grenadines	ecuador	2591.40356312
saint_vincent_grenadines	guyana	812.963315761
saint_vincent_grenadines	grenada	124.871479685
saint_vincent_grenadines	guadeloupe	346.836597799
saint_vincent_grenadines	antigua_barbuda	443.580636625
paraguay	united_states	7962.86154429
paraguay	jamaica	5295.32649482
paraguay	honduras	5560.56561543
paraguay	colombia	3985.17337547
paraguay	mexico	7040.07670825
paraguay	saint_kitts_nevis	4749.19993604
paraguay	turks_caicos_islands	5465.56822484
paraguay	sint_maarten	4866.47586354
paraguay	saint_vincent_grenadines	4305.24519182
paraguay	paraguay	0.0
paraguay	nicaragua	5251.16483968
paraguay	barbados	4284.84079868
paraguay	canada	8609.01238787
paraguay	united_states_virgin_islands	4915.95928207
paraguay	curacao	4363.05901893
paraguay	bolivia	1255.92385078
paraguay	panama	4555.14821672
paraguay	uruguay	978.914788558
paraguay	bahamas	6060.21179678
paraguay	bermuda	6466.64031376
paraguay	aruba	4437.46938373
paraguay	peru	2609.88202912
paraguay	costa_rica	4910.10280343
paraguay	anguilla	4887.01900508
paraguay	venezuela	4106.08575272
paraguay	french_guiana	3401.24599834
paraguay	cayman_islands	5623.56534664
paraguay	brazil	1416.09773679
paraguay	trinidad_tobago	4010.18402595
paraguay	dominican_republic	5118.95960398
paraguay	cuba	5800.98257782
paraguay	guatemala	5772.03861951
paraguay	chile	1665.6932286
paraguay	martinique	4465.02825728
paraguay	haiti	5188.30079033
paraguay	belize	5857.5421025
paraguay	argentina	960.44513858
paraguay	dominica	4552.55970193
paraguay	suriname	3467.55381159
paraguay	saint_lucia	4386.74560307
paraguay	el_salvador	5569.78180301
paraguay	puerto_rico	4957.02453038
paraguay	british_virgin_islands	4936.82255719
paraguay	ecuador	3581.94488997
paraguay	guyana	3545.39395639
paraguay	grenada	4198.4737785
paraguay	guadeloupe	4652.07876123
paraguay	antigua_barbuda	4748.45234703
nicaragua	united_states	2901.25597195
nicaragua	jamaica	1160.49671009
nicaragua	honduras	313.077380194
nicaragua	colombia	1424.78267405
nicaragua	mexico	1856.93053545
nicaragua	saint_kitts_nevis	3456.54784486
nicaragua	turks_caicos_islands	1847.48439449
nicaragua	sint_maarten	2551.69952231
nicaragua	saint_vincent_grenadines	2702.06877377
nicaragua	paraguay	5251.16483968
nicaragua	nicaragua	0.0
nicaragua	barbados	2875.56043701
nicaragua	canada	3823.34285748
nicaragua	united_states_virgin_islands	2365.81501504
nicaragua	curacao	1866.78676958
nicaragua	bolivia	4006.49086485
nicaragua	panama	764.820726187
nicaragua	uruguay	6055.84177674
nicaragua	bahamas	1706.97764896
nicaragua	bermuda	3115.72389933
nicaragua	aruba	1751.33904654
nicaragua	peru	2803.17205472
nicaragua	costa_rica	341.291120159
nicaragua	anguilla	2555.62761017
nicaragua	venezuela	2024.91680375
nicaragua	french_guiana	3741.85466157
nicaragua	cayman_islands	926.046142147
nicaragua	brazil	5576.05374303
nicaragua	trinidad_tobago	2699.85594639
nicaragua	dominican_republic	1848.63660557
nicaragua	cuba	1268.42409379
nicaragua	guatemala	567.529075504
nicaragua	chile	5362.82300368
nicaragua	martinique	2725.15064799
nicaragua	haiti	1626.78072778
nicaragua	belize	621.928917888
nicaragua	argentina	5661.88040287
nicaragua	dominica	2691.18223948
nicaragua	suriname	3461.69860167
nicaragua	saint_lucia	2727.67997329
nicaragua	el_salvador	358.090691072
nicaragua	puerto_rico	2226.11176335
nicaragua	british_virgin_islands	2398.42103187
nicaragua	ecuador	1711.89591625
nicaragua	guyana	3141.73814404
nicaragua	grenada	2654.12696202
nicaragua	guadeloupe	2678.32606343
nicaragua	antigua_barbuda	2662.17395996
barbados	united_states	4296.48767078
barbados	jamaica	1947.79929201
barbados	honduras	3012.32931616
barbados	colombia	1849.65640133
barbados	mexico	4444.16243386
barbados	saint_kitts_nevis	732.877351179
barbados	turks_caicos_islands	1597.54042097
barbados	sint_maarten	659.152239637
barbados	saint_vincent_grenadines	173.500230263
barbados	paraguay	4284.84079868
barbados	nicaragua	2875.56043701
barbados	barbados	0.0
barbados	canada	4595.7633887
barbados	united_states_virgin_islands	799.206045559
barbados	curacao	1018.77773197
barbados	bolivia	3460.51631031
barbados	panama	2284.90770151
barbados	uruguay	5263.71165913
barbados	bahamas	2320.73106369
barbados	bermuda	2200.88089739
barbados	aruba	1127.99536596
barbados	peru	3268.28618377
barbados	costa_rica	2696.70752597
barbados	anguilla	676.389991226
barbados	venezuela	943.921705494
barbados	french_guiana	1166.33836837
barbados	cayman_islands	2419.74093699
barbados	brazil	3783.82532668
barbados	trinidad_tobago	354.26860625
barbados	dominican_republic	1300.44480028
barbados	cuba	2337.45462705
barbados	guatemala	3362.88256684
barbados	chile	5352.02641078
barbados	martinique	226.356740957
barbados	haiti	1513.52041878
barbados	belize	3129.18598011
barbados	argentina	5121.498755
barbados	dominica	315.713288294
barbados	suriname	940.848244773
barbados	saint_lucia	172.565845578
barbados	el_salvador	3190.71271323
barbados	puerto_rico	918.38466743
barbados	british_virgin_islands	798.683639519
barbados	ecuador	2727.79737336
barbados	guyana	750.779953184
barbados	grenada	250.447238136
barbados	guadeloupe	408.724114095
barbados	antigua_barbuda	503.985858129
canada	united_states	1077.10699075
canada	jamaica	3346.20135091
canada	honduras	3542.40274495
canada	colombia	4707.47522348
canada	mexico	2997.40071088
canada	saint_kitts_nevis	4513.65569683
canada	turks_caicos_islands	3158.98584618
canada	sint_maarten	3938.15819549
canada	saint_vincent_grenadines	4506.23148624
canada	paraguay	8609.01238787
canada	nicaragua	3823.34285748
canada	barbados	4595.7633887
canada	canada	0.0
canada	united_states_virgin_islands	3825.9853792
canada	curacao	4253.05901738
canada	bolivia	7486.0903777
canada	panama	4278.93870895
canada	uruguay	9541.88040826
canada	bahamas	2553.29629255
canada	bermuda	2561.70138753
canada	aruba	4173.37768227
canada	peru	6520.55218456
canada	costa_rica	4102.81314521
canada	anguilla	3920.22523365
canada	venezuela	4514.52723701
canada	french_guiana	5747.26146521
canada	cayman_islands	3110.19052277
canada	brazil	8367.04785097
canada	trinidad_tobago	4760.21172266
canada	dominican_republic	3509.78423905
canada	cuba	2860.41875608
canada	guatemala	3556.07697568
canada	chile	9105.82616674
canada	martinique	4374.52533594
canada	haiti	3422.22146213
canada	belize	3248.79369439
canada	argentina	9244.67627582
canada	dominica	4282.46055978
canada	suriname	5536.53312565
canada	saint_lucia	4444.78720575
canada	el_salvador	3667.524282
canada	puerto_rico	3745.20200699
canada	british_virgin_islands	3816.48563764
canada	ecuador	5432.66982587
canada	guyana	5317.87914868
canada	grenada	4581.52709545
canada	guadeloupe	4187.10242931
canada	antigua_barbuda	4092.07914765
united_states_virgin_islands	united_states	3497.28293612
united_states_virgin_islands	jamaica	1286.04522956
united_states_virgin_islands	honduras	2435.64831362
united_states_virgin_islands	colombia	1735.87489866
united_states_virgin_islands	mexico	3750.18347469
united_states_virgin_islands	saint_kitts_nevis	1122.19037399
united_states_virgin_islands	turks_caicos_islands	811.371947206
united_states_virgin_islands	sint_maarten	194.865004556
united_states_virgin_islands	saint_vincent_grenadines	684.423001007
united_states_virgin_islands	paraguay	4915.95928207
united_states_virgin_islands	nicaragua	2365.81501504
united_states_virgin_islands	barbados	799.206045559
united_states_virgin_islands	canada	3825.9853792
united_states_virgin_islands	united_states_virgin_islands	0.0
united_states_virgin_islands	curacao	803.253614961
united_states_virgin_islands	bolivia	3962.78518276
united_states_virgin_islands	panama	1941.95374364
united_states_virgin_islands	uruguay	5888.0142818
united_states_virgin_islands	bahamas	1530.29814599
united_states_virgin_islands	bermuda	1574.12028601
united_states_virgin_islands	aruba	837.397105613
united_states_virgin_islands	peru	3488.5140314
united_states_virgin_islands	costa_rica	2268.35061223
united_states_virgin_islands	anguilla	193.753849249
united_states_virgin_islands	venezuela	952.404945423
united_states_virgin_islands	french_guiana	1964.13085965
united_states_virgin_islands	cayman_islands	1737.29827169
united_states_virgin_islands	brazil	4541.09599746
united_states_virgin_islands	trinidad_tobago	937.049415744
united_states_virgin_islands	dominican_republic	566.108482409
united_states_virgin_islands	cuba	1595.79846439
united_states_virgin_islands	guatemala	2780.43762536
united_states_virgin_islands	chile	5812.51250182
united_states_virgin_islands	martinique	573.13910383
united_states_virgin_islands	haiti	802.648759256
united_states_virgin_islands	belize	2494.39393721
united_states_virgin_islands	argentina	5691.69166692
united_states_virgin_islands	dominica	487.969559375
united_states_virgin_islands	suriname	1727.78873851
united_states_virgin_islands	saint_lucia	633.247114025
united_states_virgin_islands	el_salvador	2635.36851454
united_states_virgin_islands	puerto_rico	147.413285116
united_states_virgin_islands	british_virgin_islands	37.8573438163
united_states_virgin_islands	ecuador	2710.73990961
united_states_virgin_islands	guyana	1492.36929585
united_states_virgin_islands	grenada	755.73230205
united_states_virgin_islands	guadeloupe	412.718257317
united_states_virgin_islands	antigua_barbuda	345.609442889
curacao	united_states	3723.37650621
curacao	jamaica	1094.23535771
curacao	honduras	2027.31929612
curacao	colombia	941.947127212
curacao	mexico	3528.51539109
curacao	saint_kitts_nevis	1672.66362072
curacao	turks_caicos_islands	1103.18379492
curacao	sint_maarten	911.247375044
curacao	saint_vincent_grenadines	846.875370463
curacao	paraguay	4363.05901893
curacao	nicaragua	1866.78676958
curacao	barbados	1018.77773197
curacao	canada	4253.05901738
curacao	united_states_virgin_islands	803.253614961
curacao	curacao	0.0
curacao	bolivia	3306.69233585
curacao	panama	1272.00552598
curacao	uruguay	5313.02828298
curacao	bahamas	1730.5653005
curacao	bermuda	2290.84039091
curacao	aruba	121.323655773
curacao	peru	2703.60314526
curacao	costa_rica	1677.96229706
curacao	anguilla	926.01792841
curacao	venezuela	264.798638994
curacao	french_guiana	1935.14025461
curacao	cayman_islands	1549.99091804
curacao	brazil	4212.11563469
curacao	trinidad_tobago	840.639374874
curacao	dominican_republic	761.072004951
curacao	cuba	1576.78013523
curacao	guatemala	2375.58161327
curacao	chile	5103.78114674
curacao	martinique	901.811579775
curacao	haiti	834.597787781
curacao	belize	2179.85377616
curacao	argentina	5064.75246373
curacao	dominica	894.280730987
curacao	suriname	1656.27960194
curacao	saint_lucia	886.446109366
curacao	el_salvador	2193.45496617
curacao	puerto_rico	745.094957385
curacao	british_virgin_islands	840.177884753
curacao	ecuador	1910.45585067
curacao	guyana	1343.96519557
curacao	grenada	788.446325136
curacao	guadeloupe	917.921820666
curacao	antigua_barbuda	944.108822798
bolivia	united_states	6772.27334562
bolivia	jamaica	4142.27067759
bolivia	honduras	4317.5667109
bolivia	colombia	2795.20112112
bolivia	mexico	5784.57104876
bolivia	saint_kitts_nevis	4055.56261152
bolivia	turks_caicos_islands	4400.06195367
bolivia	sint_maarten	3953.14377208
bolivia	saint_vincent_grenadines	3436.49168875
bolivia	paraguay	1255.92385078
bolivia	nicaragua	4006.49086485
bolivia	barbados	3460.51631031
bolivia	canada	7486.0903777
bolivia	united_states_virgin_islands	3962.78518276
bolivia	curacao	3306.69233585
bolivia	bolivia	0.0
bolivia	panama	3329.42664331
bolivia	uruguay	2074.99219098
bolivia	bahamas	4935.1435419
bolivia	bermuda	5536.85357361
bolivia	aruba	3362.25888728
bolivia	peru	1379.81931482
bolivia	costa_rica	3666.25417934
bolivia	anguilla	3973.8097739
bolivia	venezuela	3067.51419217
bolivia	french_guiana	2860.63159826
bolivia	cayman_islands	4433.87009229
bolivia	brazil	2109.97613989
bolivia	trinidad_tobago	3136.76276182
bolivia	dominican_republic	4066.40935577
bolivia	cuba	4638.65241561
bolivia	guatemala	4520.20840933
bolivia	chile	1895.89129935
bolivia	martinique	3600.72355189
bolivia	haiti	4099.49446335
bolivia	belize	4618.13141355
bolivia	argentina	1763.71719079
bolivia	dominica	3678.67907741
bolivia	suriname	2823.58435849
bolivia	saint_lucia	3523.98134261
bolivia	el_salvador	4319.50416283
bolivia	puerto_rico	3975.41586015
bolivia	british_virgin_islands	3989.55079005
bolivia	ecuador	2326.62271764
bolivia	guyana	2791.08559234
bolivia	grenada	3316.9169322
bolivia	guadeloupe	3772.98320008
bolivia	antigua_barbuda	3862.96862393
panama	united_states	3462.74127176
panama	jamaica	1075.17048245
panama	honduras	1043.40063774
panama	colombia	660.291096314
panama	mexico	2618.98346886
panama	saint_kitts_nevis	2940.00839993
panama	turks_caicos_islands	1684.08717434
panama	sint_maarten	2103.50071622
panama	saint_vincent_grenadines	2115.31046226
panama	paraguay	4555.14821672
panama	nicaragua	764.820726187
panama	barbados	2284.90770151
panama	canada	4278.93870895
panama	united_states_virgin_islands	1941.95374364
panama	curacao	1272.00552598
panama	bolivia	3329.42664331
panama	panama	0.0
panama	uruguay	5399.63668523
panama	bahamas	1858.98230136
panama	bermuda	3055.15992916
panama	aruba	1175.27117872
panama	peru	2241.88077929
panama	costa_rica	462.699485406
panama	anguilla	2112.80278898
panama	venezuela	1366.25761021
panama	french_guiana	3034.92350785
panama	cayman_islands	1170.29962049
panama	brazil	4816.80264576
panama	trinidad_tobago	2054.89248737
panama	dominican_republic	1538.93672412
panama	cuba	1456.27250654
panama	guatemala	1332.27701635
panama	chile	4828.08084641
panama	martinique	2172.86159173
panama	haiti	1377.68704277
panama	belize	1317.64092866
panama	argentina	5036.40997686
panama	dominica	2159.25987834
panama	suriname	2757.96702567
panama	saint_lucia	2158.26865858
panama	el_salvador	1122.07616392
panama	puerto_rico	1823.82986552
panama	british_virgin_islands	1978.805672
panama	ecuador	1158.07331793
panama	guyana	2440.04449557
panama	grenada	2044.70385084
panama	guadeloupe	2170.24453193
panama	antigua_barbuda	2178.28959889
uruguay	united_states	8847.26198863
uruguay	jamaica	6207.08290441
uruguay	honduras	6368.63020017
uruguay	colombia	4868.73471694
uruguay	mexico	7778.43046245
uruguay	saint_kitts_nevis	5721.35134043
uruguay	turks_caicos_islands	6416.09287377
uruguay	sint_maarten	5842.36523175
uruguay	saint_vincent_grenadines	5282.9707007
uruguay	paraguay	978.914788558
uruguay	nicaragua	6055.84177674
uruguay	barbados	5263.71165913
uruguay	canada	9541.88040826
uruguay	united_states_virgin_islands	5888.0142818
uruguay	curacao	5313.02828298
uruguay	bolivia	2074.99219098
uruguay	panama	5399.63668523
uruguay	uruguay	0.0
uruguay	bahamas	6988.66932733
uruguay	bermuda	7443.21650177
uruguay	aruba	5381.94161491
uruguay	peru	3295.5319739
uruguay	costa_rica	5718.4744017
uruguay	anguilla	5862.95059027
uruguay	venezuela	5059.83618505
uruguay	french_guiana	4364.26375639
uruguay	cayman_islands	6508.45095808
uruguay	brazil	2074.66319898
uruguay	trinidad_tobago	4987.2013434
uruguay	dominican_republic	6072.38613055
uruguay	cuba	6707.43653041
uruguay	guatemala	6547.81737246
uruguay	chile	1379.44910087
uruguay	martinique	5443.12742007
uruguay	haiti	6130.33066816
uruguay	belize	6673.54066082
uruguay	argentina	521.561846323
uruguay	dominica	5530.3680877
uruguay	suriname	4440.96785605
uruguay	saint_lucia	5364.81768333
uruguay	el_salvador	6353.83758379
uruguay	puerto_rico	5925.20660749
uruguay	british_virgin_islands	5909.61675762
uruguay	ecuador	4350.60402126
uruguay	guyana	4524.05779064
uruguay	grenada	5175.37124125
uruguay	guadeloupe	5629.76787015
uruguay	antigua_barbuda	5725.94532414
bahamas	united_states	2008.60543594
bahamas	jamaica	816.532171857
bahamas	honduras	1566.12067823
bahamas	colombia	2177.98756905
bahamas	mexico	2390.19842385
bahamas	saint_kitts_nevis	2560.94251724
bahamas	turks_caicos_islands	723.3429952
bahamas	sint_maarten	1703.96566818
bahamas	saint_vincent_grenadines	2184.18957709
bahamas	paraguay	6060.21179678
bahamas	nicaragua	1706.97764896
bahamas	barbados	2320.73106369
bahamas	canada	2553.29629255
bahamas	united_states_virgin_islands	1530.29814599
bahamas	curacao	1730.5653005
bahamas	bolivia	4935.1435419
bahamas	panama	1858.98230136
bahamas	uruguay	6988.66932733
bahamas	bahamas	0.0
bahamas	bermuda	1467.06456483
bahamas	aruba	1639.15329748
bahamas	peru	4047.90756933
bahamas	costa_rica	1853.0918705
bahamas	anguilla	1693.19294463
bahamas	venezuela	1995.34613548
bahamas	french_guiana	3471.51599029
bahamas	cayman_islands	782.337868791
bahamas	brazil	5931.52208527
bahamas	trinidad_tobago	2375.09006176
bahamas	dominican_republic	1047.66383618
bahamas	cuba	439.796546401
bahamas	guatemala	1813.94565878
bahamas	chile	6608.95976244
bahamas	martinique	2097.7235614
bahamas	haiti	899.221102492
bahamas	belize	1432.3230909
bahamas	argentina	6696.45640937
bahamas	dominica	2016.51763108
bahamas	suriname	3217.89452782
bahamas	saint_lucia	2149.621291
bahamas	el_salvador	1775.76816539
bahamas	puerto_rico	1402.63099293
bahamas	british_virgin_islands	1538.97048923
bahamas	ecuador	3001.98567118
bahamas	guyana	2945.72114461
bahamas	grenada	2222.29352719
bahamas	guadeloupe	1942.60162131
bahamas	antigua_barbuda	1867.80465894
bermuda	united_states	2646.70102104
bermuda	jamaica	2012.96672332
bermuda	honduras	3016.48494644
bermuda	colombia	3115.38584959
bermuda	mexico	3734.0170736
bermuda	saint_kitts_nevis	1970.53476697
bermuda	turks_caicos_islands	1373.62879615
bermuda	sint_maarten	1601.30796597
bermuda	saint_vincent_grenadines	2163.12839005
bermuda	paraguay	6466.64031376
bermuda	nicaragua	3115.72389933
bermuda	barbados	2200.88089739
bermuda	canada	2561.70138753
bermuda	united_states_virgin_islands	1574.12028601
bermuda	curacao	2290.84039091
bermuda	bolivia	5536.85357361
bermuda	panama	3055.15992916
bermuda	uruguay	7443.21650177
bermuda	bahamas	1467.06456483
bermuda	bermuda	0.0
bermuda	aruba	2273.2399824
bermuda	peru	4981.06713624
bermuda	costa_rica	3191.22414205
bermuda	anguilla	1580.66774465
bermuda	venezuela	2496.11362014
bermuda	french_guiana	3280.40980146
bermuda	cayman_islands	2202.99278159
bermuda	brazil	5955.56532518
bermuda	trinidad_tobago	2456.51734654
bermuda	dominican_republic	1598.61268972
bermuda	cuba	1873.26857601
bermuda	guatemala	3279.56181423
bermuda	chile	7379.25032822
bermuda	martinique	2005.99104647
bermuda	haiti	1694.0840171
bermuda	belize	2899.25636731
bermuda	argentina	7262.40884301
bermuda	dominica	1916.64289636
bermuda	suriname	3108.98529275
bermuda	saint_lucia	2083.81310124
bermuda	el_salvador	3230.05677511
bermuda	puerto_rico	1569.2313007
bermuda	british_virgin_islands	1547.91751678
bermuda	ecuador	4074.27663018
bermuda	guyana	2951.65460726
bermuda	grenada	2268.18634571
bermuda	guadeloupe	1816.66762231
bermuda	antigua_barbuda	1719.55301649
aruba	united_states	3623.3222873
aruba	jamaica	979.714541226
aruba	honduras	1907.68502841
aruba	colombia	899.186694194
aruba	mexico	3407.25007244
aruba	saint_kitts_nevis	1764.76368813
aruba	turks_caicos_islands	1038.11413913
aruba	sint_maarten	965.398303677
aruba	saint_vincent_grenadines	955.060204445
aruba	paraguay	4437.46938373
aruba	nicaragua	1751.33904654
aruba	barbados	1127.99536596
aruba	canada	4173.37768227
aruba	united_states_virgin_islands	837.397105613
aruba	curacao	121.323655773
aruba	bolivia	3362.25888728
aruba	panama	1175.27117872
aruba	uruguay	5381.94161491
aruba	bahamas	1639.15329748
aruba	bermuda	2273.2399824
aruba	aruba	0.0
aruba	peru	2709.50188765
aruba	costa_rica	1570.47104139
aruba	anguilla	978.388488781
aruba	venezuela	367.02067976
aruba	french_guiana	2056.33107921
aruba	cayman_islands	1431.84867333
aruba	brazil	4315.06696606
aruba	trinidad_tobago	960.894582221
aruba	dominican_republic	707.882533625
aruba	cuba	1468.00408942
aruba	guatemala	2256.33982747
aruba	chile	5141.00665205
aruba	martinique	999.125772452
aruba	haiti	751.17149427
aruba	belize	2058.59161884
aruba	argentina	5123.56993685
aruba	dominica	984.069991342
aruba	suriname	1777.34770986
aruba	saint_lucia	989.390341544
aruba	el_salvador	2075.47088424
aruba	puerto_rico	759.417299261
aruba	british_virgin_islands	875.123229525
aruba	ecuador	1876.22262257
aruba	guyana	1464.5622447
aruba	grenada	902.795630824
aruba	guadeloupe	998.746639915
aruba	antigua_barbuda	1015.58911689
peru	united_states	5682.08119617
peru	jamaica	3231.91652251
peru	honduras	3114.98201771
peru	colombia	1896.54506697
peru	mexico	4482.95029906
peru	saint_kitts_nevis	3982.46779893
peru	turks_caicos_islands	3670.99088605
peru	sint_maarten	3550.43905527
peru	saint_vincent_grenadines	3174.80903694
peru	paraguay	2609.88202912
peru	nicaragua	2803.17205472
peru	barbados	3268.28618377
peru	canada	6520.55218456
peru	united_states_virgin_islands	3488.5140314
peru	curacao	2703.60314526
peru	bolivia	1379.81931482
peru	panama	2241.88077929
peru	uruguay	3295.5319739
peru	bahamas	4047.90756933
peru	bermuda	4981.06713624
peru	aruba	2709.50188765
peru	peru	0.0
peru	costa_rica	2477.60663547
peru	anguilla	3569.08267519
peru	venezuela	2538.50175062
peru	french_guiana	3167.81477934
peru	cayman_islands	3410.61560143
peru	brazil	3408.60009902
peru	trinidad_tobago	2914.18818041
peru	dominican_republic	3390.30964779
peru	cuba	3678.36672463
peru	guatemala	3264.21400732
peru	chile	2586.43858157
peru	martinique	3323.71326669
peru	haiti	3343.42580905
peru	belize	3425.01972625
peru	argentina	2870.8405174
peru	dominica	3375.5217751
peru	suriname	3006.60794148
peru	saint_lucia	3259.95216174
peru	el_salvador	3077.1780906
peru	puerto_rico	3447.41428487
peru	british_virgin_islands	3523.14384251
peru	ecuador	1098.88594844
peru	guyana	2825.04918506
peru	grenada	3051.28047372
peru	guadeloupe	3449.35495961
peru	antigua_barbuda	3517.93574861
costa_rica	united_states	3210.65912936
costa_rica	jamaica	1182.02772345
costa_rica	honduras	651.34324987
costa_rica	colombia	1116.09280222
costa_rica	mexico	2187.96004411
costa_rica	saint_kitts_nevis	3320.33266972
costa_rica	turks_caicos_islands	1860.56855764
costa_rica	sint_maarten	2444.36417386
costa_rica	saint_vincent_grenadines	2524.48009546
costa_rica	paraguay	4910.10280343
costa_rica	nicaragua	341.291120159
costa_rica	barbados	2696.70752597
costa_rica	canada	4102.81314521
costa_rica	united_states_virgin_islands	2268.35061223
costa_rica	curacao	1677.96229706
costa_rica	bolivia	3666.25417934
costa_rica	panama	462.699485406
costa_rica	uruguay	5718.4744017
costa_rica	bahamas	1853.0918705
costa_rica	bermuda	3191.22414205
costa_rica	aruba	1570.47104139
costa_rica	peru	2477.60663547
costa_rica	costa_rica	0.0
costa_rica	anguilla	2450.96129726
costa_rica	venezuela	1802.5342441
costa_rica	french_guiana	3492.10102705
costa_rica	cayman_islands	1082.24491542
costa_rica	brazil	5246.12488918
costa_rica	trinidad_tobago	2489.04095254
costa_rica	dominican_republic	1796.02430556
costa_rica	cuba	1416.80943058
costa_rica	guatemala	892.795329226
costa_rica	chile	5048.29284624
costa_rica	martinique	2566.27425412
costa_rica	haiti	1595.72364907
costa_rica	belize	955.230787275
costa_rica	argentina	5328.90462624
costa_rica	dominica	2542.77762933
costa_rica	suriname	3214.06514845
costa_rica	saint_lucia	2559.66735561
costa_rica	el_salvador	681.763164983
costa_rica	puerto_rico	2137.19683739
costa_rica	british_virgin_islands	2303.37407717
costa_rica	ecuador	1381.43794689
costa_rica	guyana	2895.21399485
costa_rica	grenada	2463.69305809
costa_rica	guadeloupe	2542.11742042
costa_rica	antigua_barbuda	2538.09638038
anguilla	united_states	3636.67232452
anguilla	jamaica	1479.67880415
anguilla	honduras	2628.83396885
anguilla	colombia	1867.71947636
anguilla	mexico	3939.30050153
anguilla	saint_kitts_nevis	929.093606999
anguilla	turks_caicos_islands	983.174319567
anguilla	sint_maarten	20.7298556794
anguilla	saint_vincent_grenadines	595.406602135
anguilla	paraguay	4887.01900508
anguilla	nicaragua	2555.62761017
anguilla	barbados	676.389991226
anguilla	canada	3920.22523365
anguilla	united_states_virgin_islands	193.753849249
anguilla	curacao	926.01792841
anguilla	bolivia	3973.8097739
anguilla	panama	2112.80278898
anguilla	uruguay	5862.95059027
anguilla	bahamas	1693.19294463
anguilla	bermuda	1580.66774465
anguilla	aruba	978.388488781
anguilla	peru	3569.08267519
anguilla	costa_rica	2450.96129726
anguilla	anguilla	0.0
anguilla	venezuela	1034.0207481
anguilla	french_guiana	1839.21607522
anguilla	cayman_islands	1929.50788683
anguilla	brazil	4453.75563721
anguilla	trinidad_tobago	879.108711585
anguilla	dominican_republic	758.027841736
anguilla	cuba	1780.57812589
anguilla	guatemala	2973.92310744
anguilla	chile	5840.10048076
anguilla	martinique	454.446453287
anguilla	haiti	995.255445182
anguilla	belize	2687.94365651
anguilla	argentina	5685.35198939
anguilla	dominica	362.252001608
anguilla	suriname	1617.0222216
anguilla	saint_lucia	526.464693169
anguilla	el_salvador	2827.97011994
anguilla	puerto_rico	340.701257551
anguilla	british_virgin_islands	167.944623132
anguilla	ecuador	2834.8012491
anguilla	guyana	1406.40036164
anguilla	grenada	690.909273953
anguilla	guadeloupe	268.130789326
anguilla	antigua_barbuda	178.589097112
venezuela	united_states	3987.18106767
venezuela	jamaica	1344.92644782
venezuela	honduras	2211.75875361
venezuela	colombia	909.912598047
venezuela	mexico	3742.12672159
venezuela	saint_kitts_nevis	1651.62230172
venezuela	turks_caicos_islands	1359.8707389
venezuela	sint_maarten	1016.09531339
venezuela	saint_vincent_grenadines	785.77772046
venezuela	paraguay	4106.08575272
venezuela	nicaragua	2024.91680375
venezuela	barbados	943.921705494
venezuela	canada	4514.52723701
venezuela	united_states_virgin_islands	952.404945423
venezuela	curacao	264.798638994
venezuela	bolivia	3067.51419217
venezuela	panama	1366.25761021
venezuela	uruguay	5059.83618505
venezuela	bahamas	1995.34613548
venezuela	bermuda	2496.11362014
venezuela	aruba	367.02067976
venezuela	peru	2538.50175062
venezuela	costa_rica	1802.5342441
venezuela	anguilla	1034.0207481
venezuela	venezuela	0.0
venezuela	french_guiana	1728.72297763
venezuela	cayman_islands	1790.8805073
venezuela	brazil	3949.27354876
venezuela	trinidad_tobago	688.646307454
venezuela	dominican_republic	1013.03561866
venezuela	cuba	1835.02237639
venezuela	guatemala	2555.2620969
venezuela	chile	4884.78440887
venezuela	martinique	885.167796635
venezuela	haiti	1098.80866315
venezuela	belize	2386.15714365
venezuela	argentina	4820.71573768
venezuela	dominica	904.964308716
venezuela	suriname	1447.90999277
venezuela	saint_lucia	847.693750261
venezuela	el_salvador	2364.63938733
venezuela	puerto_rico	928.456523821
venezuela	british_virgin_islands	986.151784361
venezuela	ecuador	1831.81322356
venezuela	guyana	1129.63014061
venezuela	grenada	694.904203388
venezuela	guadeloupe	955.37211254
venezuela	antigua_barbuda	1006.11732729
french_guiana	united_states	5459.87038486
french_guiana	jamaica	3003.57076301
french_guiana	honduras	3939.8419472
french_guiana	colombia	2436.21036327
french_guiana	mexico	5463.44884109
french_guiana	saint_kitts_nevis	1377.28351204
french_guiana	turks_caicos_islands	2749.38301842
french_guiana	sint_maarten	1822.9072807
french_guiana	saint_vincent_grenadines	1288.50059814
french_guiana	paraguay	3401.24599834
french_guiana	nicaragua	3741.85466157
french_guiana	barbados	1166.33836837
french_guiana	canada	5747.26146521
french_guiana	united_states_virgin_islands	1964.13085965
french_guiana	curacao	1935.14025461
french_guiana	bolivia	2860.63159826
french_guiana	panama	3034.92350785
french_guiana	uruguay	4364.26375639
french_guiana	bahamas	3471.51599029
french_guiana	bermuda	3280.40980146
french_guiana	aruba	2056.33107921
french_guiana	peru	3167.81477934
french_guiana	costa_rica	3492.10102705
french_guiana	anguilla	1839.21607522
french_guiana	venezuela	1728.72297763
french_guiana	french_guiana	0.0
french_guiana	cayman_islands	3472.02624234
french_guiana	brazil	2678.4282311
french_guiana	trinidad_tobago	1120.6345992
french_guiana	dominican_republic	2431.55340923
french_guiana	cuba	3443.15899896
french_guiana	guatemala	4281.65786063
french_guiana	chile	4719.24404139
french_guiana	martinique	1392.58506648
french_guiana	haiti	2623.10609216
french_guiana	belize	4111.66569176
french_guiana	argentina	4316.27995455
french_guiana	dominica	1481.68025269
french_guiana	suriname	280.873677638
french_guiana	saint_lucia	1331.07827212
french_guiana	el_salvador	4087.78073325
french_guiana	puerto_rico	2076.4676346
french_guiana	british_virgin_islands	1964.81540806
french_guiana	ecuador	3040.23864936
french_guiana	guyana	600.492218662
french_guiana	grenada	1252.65770996
french_guiana	guadeloupe	1571.28479029
french_guiana	antigua_barbuda	1662.7114134
cayman_islands	united_states	2340.63599071
cayman_islands	jamaica	472.769312755
cayman_islands	honduras	819.434547818
cayman_islands	colombia	1640.81914668
cayman_islands	mexico	2025.55762713
cayman_islands	saint_kitts_nevis	2858.32374277
cayman_islands	turks_caicos_islands	1037.92468709
cayman_islands	sint_maarten	1932.10206263
cayman_islands	saint_vincent_grenadines	2254.87379346
cayman_islands	paraguay	5623.56534664
cayman_islands	nicaragua	926.046142147
cayman_islands	barbados	2419.74093699
cayman_islands	canada	3110.19052277
cayman_islands	united_states_virgin_islands	1737.29827169
cayman_islands	curacao	1549.99091804
cayman_islands	bolivia	4433.87009229
cayman_islands	panama	1170.29962049
cayman_islands	uruguay	6508.45095808
cayman_islands	bahamas	782.337868791
cayman_islands	bermuda	2202.99278159
cayman_islands	aruba	1431.84867333
cayman_islands	peru	3410.61560143
cayman_islands	costa_rica	1082.24491542
cayman_islands	anguilla	1929.50788683
cayman_islands	venezuela	1790.8805073
cayman_islands	french_guiana	3472.02624234
cayman_islands	cayman_islands	0.0
cayman_islands	brazil	5691.83443581
cayman_islands	trinidad_tobago	2354.54866294
cayman_islands	dominican_republic	1171.48074525
cayman_islands	cuba	342.754018509
cayman_islands	guatemala	1118.292673
cayman_islands	chile	5995.65199861
cayman_islands	martinique	2223.68122498
cayman_islands	haiti	934.752029372
cayman_islands	belize	776.980079293
cayman_islands	argentina	6170.80522646
cayman_islands	dominica	2164.0385709
cayman_islands	suriname	3196.65101039
cayman_islands	saint_lucia	2251.28772284
cayman_islands	el_salvador	1035.23232038
cayman_islands	puerto_rico	1589.94575468
cayman_islands	british_virgin_islands	1761.66728191
cayman_islands	ecuador	2327.61487763
cayman_islands	guyana	2889.81528668
cayman_islands	grenada	2248.70588297
cayman_islands	guadeloupe	2120.45889381
cayman_islands	antigua_barbuda	2075.10953608
brazil	united_states	7934.5354583
brazil	jamaica	5279.06829694
brazil	honduras	5859.7245251
brazil	colombia	4167.35515061
brazil	mexico	7432.83986564
brazil	saint_kitts_nevis	4040.3001086
brazil	turks_caicos_islands	5245.2120631
brazil	sint_maarten	4435.10926622
brazil	saint_vincent_grenadines	3862.68920752
brazil	paraguay	1416.09773679
brazil	nicaragua	5576.05374303
brazil	barbados	3783.82532668
brazil	canada	8367.04785097
brazil	united_states_virgin_islands	4541.09599746
brazil	curacao	4212.11563469
brazil	bolivia	2109.97613989
brazil	panama	4816.80264576
brazil	uruguay	2074.66319898
brazil	bahamas	5931.52208527
brazil	bermuda	5955.56532518
brazil	aruba	4315.06696606
brazil	peru	3408.60009902
brazil	costa_rica	5246.12488918
brazil	anguilla	4453.75563721
brazil	venezuela	3949.27354876
brazil	french_guiana	2678.4282311
brazil	cayman_islands	5691.83443581
brazil	brazil	0.0
brazil	trinidad_tobago	3607.69428378
brazil	dominican_republic	4897.7628573
brazil	cuba	5779.83993499
brazil	guatemala	6138.73775844
brazil	chile	3079.26387756
brazil	martinique	3999.89880951
brazil	haiti	5033.13277531
brazil	belize	6120.80829806
brazil	argentina	2300.35229852
brazil	dominica	4092.33342001
brazil	suriname	2851.0618279
brazil	saint_lucia	3927.35231897
brazil	el_salvador	5927.52400272
brazil	puerto_rico	4624.32390684
brazil	british_virgin_islands	4551.06273554
brazil	ecuador	4114.32938883
brazil	guyana	3049.96120658
brazil	grenada	3785.52314768
brazil	guadeloupe	4189.92910065
brazil	antigua_barbuda	4286.74832604
trinidad_tobago	united_states	4379.13376353
trinidad_tobago	jamaica	1884.48374754
trinidad_tobago	honduras	2867.8357333
trinidad_tobago	colombia	1560.49890898
trinidad_tobago	mexico	4358.81070264
trinidad_tobago	saint_kitts_nevis	1077.96811852
trinidad_tobago	turks_caicos_islands	1661.12320993
trinidad_tobago	sint_maarten	858.8037387
trinidad_tobago	saint_vincent_grenadines	300.461940603
trinidad_tobago	paraguay	4010.18402595
trinidad_tobago	nicaragua	2699.85594639
trinidad_tobago	barbados	354.26860625
trinidad_tobago	canada	4760.21172266
trinidad_tobago	united_states_virgin_islands	937.049415744
trinidad_tobago	curacao	840.639374874
trinidad_tobago	bolivia	3136.76276182
trinidad_tobago	panama	2054.89248737
trinidad_tobago	uruguay	4987.2013434
trinidad_tobago	bahamas	2375.09006176
trinidad_tobago	bermuda	2456.51734654
trinidad_tobago	aruba	960.894582221
trinidad_tobago	peru	2914.18818041
trinidad_tobago	costa_rica	2489.04095254
trinidad_tobago	anguilla	879.108711585
trinidad_tobago	venezuela	688.646307454
trinidad_tobago	french_guiana	1120.6345992
trinidad_tobago	cayman_islands	2354.54866294
trinidad_tobago	brazil	3607.69428378
trinidad_tobago	trinidad_tobago	0.0
trinidad_tobago	dominican_republic	1327.77458921
trinidad_tobago	cuba	2323.877607
trinidad_tobago	guatemala	3215.74150535
trinidad_tobago	chile	5022.48968061
trinidad_tobago	martinique	464.558832084
trinidad_tobago	haiti	1507.39808724
trinidad_tobago	belize	3016.6990937
trinidad_tobago	argentina	4822.35984379
trinidad_tobago	dominica	546.482299489
trinidad_tobago	suriname	851.639076591
trinidad_tobago	saint_lucia	387.311424818
trinidad_tobago	el_salvador	3031.76481196
trinidad_tobago	puerto_rico	1016.99316261
trinidad_tobago	british_virgin_islands	950.451226189
trinidad_tobago	ecuador	2399.73304857
trinidad_tobago	guyana	571.350008116
trinidad_tobago	grenada	188.409446765
trinidad_tobago	guadeloupe	644.438018225
trinidad_tobago	antigua_barbuda	739.430561696
dominican_republic	united_states	3054.53969602
dominican_republic	jamaica	727.33026877
dominican_republic	honduras	1890.13258156
dominican_republic	colombia	1516.86844911
dominican_republic	mexico	3185.44326556
dominican_republic	saint_kitts_nevis	1686.95121175
dominican_republic	turks_caicos_islands	351.058147795
dominican_republic	sint_maarten	760.771019053
dominican_republic	saint_vincent_grenadines	1151.4991351
dominican_republic	paraguay	5118.95960398
dominican_republic	nicaragua	1848.63660557
dominican_republic	barbados	1300.44480028
dominican_republic	canada	3509.78423905
dominican_republic	united_states_virgin_islands	566.108482409
dominican_republic	curacao	761.072004951
dominican_republic	bolivia	4066.40935577
dominican_republic	panama	1538.93672412
dominican_republic	uruguay	6072.38613055
dominican_republic	bahamas	1047.66383618
dominican_republic	bermuda	1598.61268972
dominican_republic	aruba	707.882533625
dominican_republic	peru	3390.30964779
dominican_republic	costa_rica	1796.02430556
dominican_republic	anguilla	758.027841736
dominican_republic	venezuela	1013.03561866
dominican_republic	french_guiana	2431.55340923
dominican_republic	cayman_islands	1171.48074525
dominican_republic	brazil	4897.7628573
dominican_republic	trinidad_tobago	1327.77458921
dominican_republic	dominican_republic	0.0
dominican_republic	cuba	1041.23628534
dominican_republic	guatemala	2230.24151229
dominican_republic	chile	5847.81336835
dominican_republic	martinique	1086.45605719
dominican_republic	haiti	237.934127379
dominican_republic	belize	1932.80467662
dominican_republic	argentina	5825.54668455
dominican_republic	dominica	1015.67959637
dominican_republic	suriname	2173.4341635
dominican_republic	saint_lucia	1127.89702457
dominican_republic	el_salvador	2095.32823871
dominican_republic	puerto_rico	418.984694337
dominican_republic	british_virgin_islands	590.21325263
dominican_republic	ecuador	2481.00486443
dominican_republic	guyana	1898.11228493
dominican_republic	grenada	1179.18372138
dominican_republic	guadeloupe	960.229391446
dominican_republic	antigua_barbuda	907.16618578
cuba	united_states	2176.08655777
cuba	jamaica	508.887509952
cuba	honduras	1143.35239361
cuba	colombia	1848.73066146
cuba	mexico	2167.24323117
cuba	saint_kitts_nevis	2697.47359641
cuba	turks_caicos_islands	819.51491385
cuba	sint_maarten	1786.60179852
cuba	saint_vincent_grenadines	2182.41320169
cuba	paraguay	5800.98257782
cuba	nicaragua	1268.42409379
cuba	barbados	2337.45462705
cuba	canada	2860.41875608
cuba	united_states_virgin_islands	1595.79846439
cuba	curacao	1576.78013523
cuba	bolivia	4638.65241561
cuba	panama	1456.27250654
cuba	uruguay	6707.43653041
cuba	bahamas	439.796546401
cuba	bermuda	1873.26857601
cuba	aruba	1468.00408942
cuba	peru	3678.36672463
cuba	costa_rica	1416.80943058
cuba	anguilla	1780.57812589
cuba	venezuela	1835.02237639
cuba	french_guiana	3443.15899896
cuba	cayman_islands	342.754018509
cuba	brazil	5779.83993499
cuba	trinidad_tobago	2323.877607
cuba	dominican_republic	1041.23628534
cuba	cuba	0.0
cuba	guatemala	1416.19103491
cuba	chile	6255.59738533
cuba	martinique	2126.79613674
cuba	haiti	824.91227671
cuba	belize	1047.78083968
cuba	argentina	6390.18925038
cuba	dominica	2056.91566149
cuba	suriname	3175.33590818
cuba	saint_lucia	2165.31701666
cuba	el_salvador	1356.81046553
cuba	puerto_rico	1452.19613293
cuba	british_virgin_islands	1614.32641403
cuba	ecuador	2611.38705554
cuba	guyana	2881.23420701
cuba	grenada	2195.57528877
cuba	guadeloupe	1999.69574358
cuba	antigua_barbuda	1941.15102536
guatemala	united_states	2558.17928361
guatemala	jamaica	1504.2020544
guatemala	honduras	350.597352058
guatemala	colombia	1992.31152809
guatemala	mexico	1295.37218905
guatemala	saint_kitts_nevis	3895.76870366
guatemala	turks_caicos_islands	2149.45137596
guatemala	sint_maarten	2972.93847438
guatemala	saint_vincent_grenadines	3190.08244751
guatemala	paraguay	5772.03861951
guatemala	nicaragua	567.529075504
guatemala	barbados	3362.88256684
guatemala	canada	3556.07697568
guatemala	united_states_virgin_islands	2780.43762536
guatemala	curacao	2375.58161327
guatemala	bolivia	4520.20840933
guatemala	panama	1332.27701635
guatemala	uruguay	6547.81737246
guatemala	bahamas	1813.94565878
guatemala	bermuda	3279.56181423
guatemala	aruba	2256.33982747
guatemala	peru	3264.21400732
guatemala	costa_rica	892.795329226
guatemala	anguilla	2973.92310744
guatemala	venezuela	2555.2620969
guatemala	french_guiana	4281.65786063
guatemala	cayman_islands	1118.292673
guatemala	brazil	6138.73775844
guatemala	trinidad_tobago	3215.74150535
guatemala	dominican_republic	2230.24151229
guatemala	cuba	1416.19103491
guatemala	guatemala	0.0
guatemala	chile	5777.63481208
guatemala	martinique	3195.67214202
guatemala	haiti	1994.73887955
guatemala	belize	386.978963053
guatemala	argentina	6134.92086354
guatemala	dominica	3152.09075259
guatemala	suriname	4000.85798215
guatemala	saint_lucia	3206.71590262
guatemala	el_salvador	211.266245413
guatemala	puerto_rico	2635.00064244
guatemala	british_virgin_islands	2809.67788807
guatemala	ecuador	2199.31750421
guatemala	guyana	3681.23335934
guatemala	grenada	3153.81262409
guatemala	guadeloupe	3127.34303247
guatemala	antigua_barbuda	3099.05218947
chile	united_states	8258.91178679
chile	jamaica	5793.3402669
chile	honduras	5670.11714382
chile	colombia	4432.47561221
chile	mexico	6903.38133781
chile	saint_kitts_nevis	5950.41128804
chile	turks_caicos_islands	6161.53551409
chile	sint_maarten	5819.61887973
chile	saint_vincent_grenadines	5320.68849442
chile	paraguay	1665.6932286
chile	nicaragua	5362.82300368
chile	barbados	5352.02641078
chile	canada	9105.82616674
chile	united_states_virgin_islands	5812.51250182
chile	curacao	5103.78114674
chile	bolivia	1895.89129935
chile	panama	4828.08084641
chile	uruguay	1379.44910087
chile	bahamas	6608.95976244
chile	bermuda	7379.25032822
chile	aruba	5141.00665205
chile	peru	2586.43858157
chile	costa_rica	5048.29284624
chile	anguilla	5840.10048076
chile	venezuela	4884.78440887
chile	french_guiana	4719.24404139
chile	cayman_islands	5995.65199861
chile	brazil	3079.26387756
chile	trinidad_tobago	5022.48968061
chile	dominican_republic	5847.81336835
chile	cuba	6255.59738533
chile	guatemala	5777.63481208
chile	chile	0.0
chile	martinique	5484.57572489
chile	haiti	5843.48248635
chile	belize	5980.64070283
chile	argentina	889.26329893
chile	dominica	5559.70107209
chile	suriname	4706.3396725
chile	saint_lucia	5408.74953633
chile	el_salvador	5606.8849425
chile	puerto_rico	5810.03547307
chile	british_virgin_islands	5841.67340918
chile	ecuador	3681.33670194
chile	guyana	4686.38614419
chile	grenada	5199.29414918
chile	guadeloupe	5651.8772856
chile	antigua_barbuda	5739.31337516
martinique	united_states	4070.36594877
martinique	jamaica	1754.07657847
martinique	honduras	2845.29468491
martinique	colombia	1792.5103776
martinique	mexico	4249.22279633
martinique	saint_kitts_nevis	773.531050729
martinique	turks_caicos_islands	1375.05144403
martinique	sint_maarten	436.367628904
martinique	saint_vincent_grenadines	164.247011461
martinique	paraguay	4465.02825728
martinique	nicaragua	2725.15064799
martinique	barbados	226.356740957
martinique	canada	4374.52533594
martinique	united_states_virgin_islands	573.13910383
martinique	curacao	901.811579775
martinique	bolivia	3600.72355189
martinique	panama	2172.86159173
martinique	uruguay	5443.12742007
martinique	bahamas	2097.7235614
martinique	bermuda	2005.99104647
martinique	aruba	999.125772452
martinique	peru	3323.71326669
martinique	costa_rica	2566.27425412
martinique	anguilla	454.446453287
martinique	venezuela	885.167796635
martinique	french_guiana	1392.58506648
martinique	cayman_islands	2223.68122498
martinique	brazil	3999.89880951
martinique	trinidad_tobago	464.558832084
martinique	dominican_republic	1086.45605719
martinique	cuba	2126.79613674
martinique	guatemala	3195.67214202
martinique	chile	5484.57572489
martinique	martinique	0.0
martinique	haiti	1305.85587498
martinique	belize	2947.57484691
martinique	argentina	5285.23898411
martinique	dominica	92.4409954521
martinique	suriname	1163.74319503
martinique	saint_lucia	78.3534739372
martinique	el_salvador	3029.96408973
martinique	puerto_rico	695.146227592
martinique	british_virgin_islands	572.33027499
martinique	ecuador	2710.19310055
martinique	guyana	955.311480419
martinique	grenada	285.902280746
martinique	guadeloupe	191.437178828
martinique	antigua_barbuda	289.31410438
haiti	united_states	2903.10965566
haiti	jamaica	490.708847798
haiti	honduras	1656.46577965
haiti	colombia	1449.31466256
haiti	mexico	2952.7957765
haiti	saint_kitts_nevis	1924.33609447
haiti	turks_caicos_islands	329.148963452
haiti	sint_maarten	997.497016087
haiti	saint_vincent_grenadines	1357.51289589
haiti	paraguay	5188.30079033
haiti	nicaragua	1626.78072778
haiti	barbados	1513.52041878
haiti	canada	3422.22146213
haiti	united_states_virgin_islands	802.648759256
haiti	curacao	834.597787781
haiti	bolivia	4099.49446335
haiti	panama	1377.68704277
haiti	uruguay	6130.33066816
haiti	bahamas	899.221102492
haiti	bermuda	1694.0840171
haiti	aruba	751.17149427
haiti	peru	3343.42580905
haiti	costa_rica	1595.72364907
haiti	anguilla	995.255445182
haiti	venezuela	1098.80866315
haiti	french_guiana	2623.10609216
haiti	cayman_islands	934.752029372
haiti	brazil	5033.13277531
haiti	trinidad_tobago	1507.39808724
haiti	dominican_republic	237.934127379
haiti	cuba	824.91227671
haiti	guatemala	1994.73887955
haiti	chile	5843.48248635
haiti	martinique	1305.85587498
haiti	haiti	0.0
haiti	belize	1694.89751105
haiti	argentina	5862.89950638
haiti	dominica	1239.72824527
haiti	suriname	2358.5994888
haiti	saint_lucia	1341.73386602
haiti	el_salvador	1863.38326071
haiti	puerto_rico	655.257728362
haiti	british_virgin_islands	827.625933772
haiti	ecuador	2386.60347294
haiti	guyana	2071.82730193
haiti	grenada	1372.53027437
haiti	guadeloupe	1189.84532273
haiti	antigua_barbuda	1141.05593193
belize	united_states	2293.14332244
belize	jamaica	1208.47289633
belize	honduras	310.702067506
belize	colombia	1954.03447306
belize	mexico	1358.74272165
belize	saint_kitts_nevis	3616.28586332
belize	turks_caicos_islands	1814.56776313
belize	sint_maarten	2688.94275057
belize	saint_vincent_grenadines	2958.87480183
belize	paraguay	5857.5421025
belize	nicaragua	621.928917888
belize	barbados	3129.18598011
belize	canada	3248.79369439
belize	united_states_virgin_islands	2494.39393721
belize	curacao	2179.85377616
belize	bolivia	4618.13141355
belize	panama	1317.64092866
belize	uruguay	6673.54066082
belize	bahamas	1432.3230909
belize	bermuda	2899.25636731
belize	aruba	2058.59161884
belize	peru	3425.01972625
belize	costa_rica	955.230787275
belize	anguilla	2687.94365651
belize	venezuela	2386.15714365
belize	french_guiana	4111.66569176
belize	cayman_islands	776.980079293
belize	brazil	6120.80829806
belize	trinidad_tobago	3016.6990937
belize	dominican_republic	1932.80467662
belize	cuba	1047.78083968
belize	guatemala	386.978963053
belize	chile	5980.64070283
belize	martinique	2947.57484691
belize	haiti	1694.89751105
belize	belize	0.0
belize	argentina	6282.9967328
belize	dominica	2896.0556264
belize	suriname	3831.45990033
belize	saint_lucia	2966.42159709
belize	el_salvador	423.928345247
belize	puerto_rico	2347.24271475
belize	british_virgin_islands	2521.06551345
belize	ecuador	2333.41150331
belize	guyana	3514.84004833
belize	grenada	2935.58931024
belize	guadeloupe	2861.86538618
belize	antigua_barbuda	2824.65745084
argentina	united_states	8498.11600916
argentina	jamaica	5898.64913884
argentina	honduras	5974.87259061
argentina	colombia	4541.82679726
argentina	mexico	7342.07126894
argentina	saint_kitts_nevis	5637.20279483
argentina	turks_caicos_islands	6161.6777258
argentina	sint_maarten	5664.62637521
argentina	saint_vincent_grenadines	5122.13225081
argentina	paraguay	960.44513858
argentina	nicaragua	5661.88040287
argentina	barbados	5121.498755
argentina	canada	9244.67627582
argentina	united_states_virgin_islands	5691.69166692
argentina	curacao	5064.75246373
argentina	bolivia	1763.71719079
argentina	panama	5036.40997686
argentina	uruguay	521.561846323
argentina	bahamas	6696.45640937
argentina	bermuda	7262.40884301
argentina	aruba	5123.56993685
argentina	peru	2870.8405174
argentina	costa_rica	5328.90462624
argentina	anguilla	5685.35198939
argentina	venezuela	4820.71573768
argentina	french_guiana	4316.27995455
argentina	cayman_islands	6170.80522646
argentina	brazil	2300.35229852
argentina	trinidad_tobago	4822.35984379
argentina	dominican_republic	5825.54668455
argentina	cuba	6390.18925038
argentina	guatemala	6134.92086354
argentina	chile	889.26329893
argentina	martinique	5285.23898411
argentina	haiti	5862.89950638
argentina	belize	6282.9967328
argentina	argentina	0.0
argentina	dominica	5368.83972511
argentina	suriname	4357.79075096
argentina	saint_lucia	5207.08734088
argentina	el_salvador	5946.39437463
argentina	puerto_rico	5715.12349744
argentina	british_virgin_islands	5716.17905501
argentina	ecuador	3950.11265891
argentina	guyana	4401.61788732
argentina	grenada	5008.3527297
argentina	guadeloupe	5466.50378571
argentina	antigua_barbuda	5560.34319093
dominica	united_states	3983.75632443
dominica	jamaica	1696.80333573
dominica	honduras	2802.20504534
dominica	colombia	1805.00909798
dominica	mexico	4188.80240351
dominica	saint_kitts_nevis	780.777675636
dominica	turks_caicos_islands	1294.97952336
dominica	sint_maarten	344.380183468
dominica	saint_vincent_grenadines	247.480524637
dominica	paraguay	4552.55970193
dominica	nicaragua	2691.18223948
dominica	barbados	315.713288294
dominica	canada	4282.46055978
dominica	united_states_virgin_islands	487.969559375
dominica	curacao	894.280730987
dominica	bolivia	3678.67907741
dominica	panama	2159.25987834
dominica	uruguay	5530.3680877
dominica	bahamas	2016.51763108
dominica	bermuda	1916.64289636
dominica	aruba	984.069991342
dominica	peru	3375.5217751
dominica	costa_rica	2542.77762933
dominica	anguilla	362.252001608
dominica	venezuela	904.964308716
dominica	french_guiana	1481.68025269
dominica	cayman_islands	2164.0385709
dominica	brazil	4092.33342001
dominica	trinidad_tobago	546.482299489
dominica	dominican_republic	1015.67959637
dominica	cuba	2056.91566149
dominica	guatemala	3152.09075259
dominica	chile	5559.70107209
dominica	martinique	92.4409954521
dominica	haiti	1239.72824527
dominica	belize	2896.0556264
dominica	argentina	5368.83972511
dominica	dominica	0.0
dominica	suriname	1255.22688126
dominica	saint_lucia	167.863504823
dominica	el_salvador	2990.08427131
dominica	puerto_rico	615.519061843
dominica	british_virgin_islands	484.804305733
dominica	ecuador	2736.05224854
dominica	guyana	1047.46741305
dominica	grenada	361.995836867
dominica	guadeloupe	100.107854173
dominica	antigua_barbuda	197.891922672
suriname	united_states	5214.52277396
suriname	jamaica	2729.54115421
suriname	honduras	3658.96881356
suriname	colombia	2166.3706323
suriname	mexico	5183.99855082
suriname	saint_kitts_nevis	1282.02381336
suriname	turks_caicos_islands	2498.23976585
suriname	sint_maarten	1599.50717652
suriname	saint_vincent_grenadines	1044.59670547
suriname	paraguay	3467.55381159
suriname	nicaragua	3461.69860167
suriname	barbados	940.848244773
suriname	canada	5536.53312565
suriname	united_states_virgin_islands	1727.78873851
suriname	curacao	1656.27960194
suriname	bolivia	2823.58435849
suriname	panama	2757.96702567
suriname	uruguay	4440.96785605
suriname	bahamas	3217.89452782
suriname	bermuda	3108.98529275
suriname	aruba	1777.34770986
suriname	peru	3006.60794148
suriname	costa_rica	3214.06514845
suriname	anguilla	1617.0222216
suriname	venezuela	1447.90999277
suriname	french_guiana	280.873677638
suriname	cayman_islands	3196.65101039
suriname	brazil	2851.0618279
suriname	trinidad_tobago	851.639076591
suriname	dominican_republic	2173.4341635
suriname	cuba	3175.33590818
suriname	guatemala	4000.85798215
suriname	chile	4706.3396725
suriname	martinique	1163.74319503
suriname	haiti	2358.5994888
suriname	belize	3831.45990033
suriname	argentina	4357.79075096
suriname	dominica	1255.22688126
suriname	suriname	0.0
suriname	saint_lucia	1096.50860512
suriname	el_salvador	3807.19420324
suriname	puerto_rico	1832.36040781
suriname	british_virgin_islands	1731.67899895
suriname	ecuador	2805.61681007
suriname	guyana	319.966444552
suriname	grenada	995.63921027
suriname	guadeloupe	1349.571076
suriname	antigua_barbuda	1444.47199369
saint_lucia	united_states	4129.24455411
saint_lucia	jamaica	1779.96029652
saint_lucia	honduras	2856.13196436
saint_lucia	colombia	1757.44552625
saint_lucia	mexico	4276.40922695
saint_lucia	saint_kitts_nevis	803.972943226
saint_lucia	turks_caicos_islands	1426.30409006
saint_lucia	sint_maarten	507.757262062
saint_lucia	saint_vincent_grenadines	88.4905641365
saint_lucia	paraguay	4386.74560307
saint_lucia	nicaragua	2727.67997329
saint_lucia	barbados	172.565845578
saint_lucia	canada	4444.78720575
saint_lucia	united_states_virgin_islands	633.247114025
saint_lucia	curacao	886.446109366
saint_lucia	bolivia	3523.98134261
saint_lucia	panama	2158.26865858
saint_lucia	uruguay	5364.81768333
saint_lucia	bahamas	2149.621291
saint_lucia	bermuda	2083.81310124
saint_lucia	aruba	989.390341544
saint_lucia	peru	3259.95216174
saint_lucia	costa_rica	2559.66735561
saint_lucia	anguilla	526.464693169
saint_lucia	venezuela	847.693750261
saint_lucia	french_guiana	1331.07827212
saint_lucia	cayman_islands	2251.28772284
saint_lucia	brazil	3927.35231897
saint_lucia	trinidad_tobago	387.311424818
saint_lucia	dominican_republic	1127.89702457
saint_lucia	cuba	2165.31701666
saint_lucia	guatemala	3206.71590262
saint_lucia	chile	5408.74953633
saint_lucia	martinique	78.3534739372
saint_lucia	haiti	1341.73386602
saint_lucia	belize	2966.42159709
saint_lucia	argentina	5207.08734088
saint_lucia	dominica	167.863504823
saint_lucia	suriname	1096.50860512
saint_lucia	saint_lucia	0.0
saint_lucia	el_salvador	3037.65875549
saint_lucia	puerto_rico	748.036955454
saint_lucia	british_virgin_islands	635.478798238
saint_lucia	ecuador	2664.06408466
saint_lucia	guyana	880.514978937
saint_lucia	grenada	212.88846567
saint_lucia	guadeloupe	267.909166006
saint_lucia	antigua_barbuda	365.751534952
el_salvador	united_states	2694.66435636
el_salvador	jamaica	1376.68335872
el_salvador	honduras	216.027916996
el_salvador	colombia	1782.31010594
el_salvador	mexico	1506.2044951
el_salvador	saint_kitts_nevis	3743.34719976
el_salvador	turks_caicos_islands	2043.10357523
el_salvador	sint_maarten	2825.86190477
el_salvador	saint_vincent_grenadines	3017.42861076
el_salvador	paraguay	5569.78180301
el_salvador	nicaragua	358.090691072
el_salvador	barbados	3190.71271323
el_salvador	canada	3667.524282
el_salvador	united_states_virgin_islands	2635.36851454
el_salvador	curacao	2193.45496617
el_salvador	bolivia	4319.50416283
el_salvador	panama	1122.07616392
el_salvador	uruguay	6353.83758379
el_salvador	bahamas	1775.76816539
el_salvador	bermuda	3230.05677511
el_salvador	aruba	2075.47088424
el_salvador	peru	3077.1780906
el_salvador	costa_rica	681.763164983
el_salvador	anguilla	2827.97011994
el_salvador	venezuela	2364.63938733
el_salvador	french_guiana	4087.78073325
el_salvador	cayman_islands	1035.23232038
el_salvador	brazil	5927.52400272
el_salvador	trinidad_tobago	3031.76481196
el_salvador	dominican_republic	2095.32823871
el_salvador	cuba	1356.81046553
el_salvador	guatemala	211.266245413
el_salvador	chile	5606.8849425
el_salvador	martinique	3029.96408973
el_salvador	haiti	1863.38326071
el_salvador	belize	423.928345247
el_salvador	argentina	5946.39437463
el_salvador	dominica	2990.08427131
el_salvador	suriname	3807.19420324
el_salvador	saint_lucia	3037.65875549
el_salvador	el_salvador	0.0
el_salvador	puerto_rico	2491.64669997
el_salvador	british_virgin_islands	2665.96298598
el_salvador	ecuador	2003.36180183
el_salvador	guyana	3487.3079257
el_salvador	grenada	2976.4212483
el_salvador	guadeloupe	2969.92019373
el_salvador	antigua_barbuda	2946.26385588
puerto_rico	united_states	3383.73943362
puerto_rico	jamaica	1139.01313015
puerto_rico	honduras	2290.9010721
puerto_rico	colombia	1656.5162331
puerto_rico	mexico	3603.84269826
puerto_rico	saint_kitts_nevis	1269.54301714
puerto_rico	turks_caicos_islands	679.953690438
puerto_rico	sint_maarten	342.278238788
puerto_rico	saint_vincent_grenadines	788.727469271
puerto_rico	paraguay	4957.02453038
puerto_rico	nicaragua	2226.11176335
puerto_rico	barbados	918.38466743
puerto_rico	canada	3745.20200699
puerto_rico	united_states_virgin_islands	147.413285116
puerto_rico	curacao	745.094957385
puerto_rico	bolivia	3975.41586015
puerto_rico	panama	1823.82986552
puerto_rico	uruguay	5925.20660749
puerto_rico	bahamas	1402.63099293
puerto_rico	bermuda	1569.2313007
puerto_rico	aruba	759.417299261
puerto_rico	peru	3447.41428487
puerto_rico	costa_rica	2137.19683739
puerto_rico	anguilla	340.701257551
puerto_rico	venezuela	928.456523821
puerto_rico	french_guiana	2076.4676346
puerto_rico	cayman_islands	1589.94575468
puerto_rico	brazil	4624.32390684
puerto_rico	trinidad_tobago	1016.99316261
puerto_rico	dominican_republic	418.984694337
puerto_rico	cuba	1452.19613293
puerto_rico	guatemala	2635.00064244
puerto_rico	chile	5810.03547307
puerto_rico	martinique	695.146227592
puerto_rico	haiti	655.257728362
puerto_rico	belize	2347.24271475
puerto_rico	argentina	5715.12349744
puerto_rico	dominica	615.519061843
puerto_rico	suriname	1832.36040781
puerto_rico	saint_lucia	748.036955454
puerto_rico	el_salvador	2491.64669997
puerto_rico	puerto_rico	0.0
puerto_rico	british_virgin_islands	174.678762451
puerto_rico	ecuador	2634.70921298
puerto_rico	guyana	1582.86134275
puerto_rico	grenada	844.401434369
puerto_rico	guadeloupe	549.254868265
puerto_rico	antigua_barbuda	489.540135848
british_virgin_islands	united_states	3498.95568765
british_virgin_islands	jamaica	1313.11164522
british_virgin_islands	honduras	2465.49473193
british_virgin_islands	colombia	1773.4877108
british_virgin_islands	mexico	3771.67795787
british_virgin_islands	saint_kitts_nevis	1096.75370408
british_virgin_islands	turks_caicos_islands	823.041199322
british_virgin_islands	sint_maarten	172.34549166
british_virgin_islands	saint_vincent_grenadines	690.689053407
british_virgin_islands	paraguay	4936.82255719
british_virgin_islands	nicaragua	2398.42103187
british_virgin_islands	barbados	798.683639519
british_virgin_islands	canada	3816.48563764
british_virgin_islands	united_states_virgin_islands	37.8573438163
british_virgin_islands	curacao	840.177884753
british_virgin_islands	bolivia	3989.55079005
british_virgin_islands	panama	1978.805672
british_virgin_islands	uruguay	5909.61675762
british_virgin_islands	bahamas	1538.97048923
british_virgin_islands	bermuda	1547.91751678
british_virgin_islands	aruba	875.123229525
british_virgin_islands	peru	3523.14384251
british_virgin_islands	costa_rica	2303.37407717
british_virgin_islands	anguilla	167.944623132
british_virgin_islands	venezuela	986.151784361
british_virgin_islands	french_guiana	1964.81540806
british_virgin_islands	cayman_islands	1761.66728191
british_virgin_islands	brazil	4551.06273554
british_virgin_islands	trinidad_tobago	950.451226189
british_virgin_islands	dominican_republic	590.21325263
british_virgin_islands	cuba	1614.32641403
british_virgin_islands	guatemala	2809.67788807
british_virgin_islands	chile	5841.67340918
british_virgin_islands	martinique	572.33027499
british_virgin_islands	haiti	827.625933772
british_virgin_islands	belize	2521.06551345
british_virgin_islands	argentina	5716.17905501
british_virgin_islands	dominica	484.804305733
british_virgin_islands	suriname	1731.67899895
british_virgin_islands	saint_lucia	635.478798238
british_virgin_islands	el_salvador	2665.96298598
british_virgin_islands	puerto_rico	174.678762451
british_virgin_islands	british_virgin_islands	0.0
british_virgin_islands	ecuador	2748.15057644
british_virgin_islands	guyana	1501.40034725
british_virgin_islands	grenada	767.129898607
british_virgin_islands	guadeloupe	404.278045957
british_virgin_islands	antigua_barbuda	330.585589887
ecuador	united_states	4583.20212159
ecuador	jamaica	2195.38840792
ecuador	honduras	2024.81571755
ecuador	colombia	978.543612897
ecuador	mexico	3458.1353706
ecuador	saint_kitts_nevis	3458.507732
ecuador	turks_caicos_islands	2714.42227395
ecuador	sint_maarten	2819.24737496
ecuador	saint_vincent_grenadines	2591.40356312
ecuador	paraguay	3581.94488997
ecuador	nicaragua	1711.89591625
ecuador	barbados	2727.79737336
ecuador	canada	5432.66982587
ecuador	united_states_virgin_islands	2710.73990961
ecuador	curacao	1910.45585067
ecuador	bolivia	2326.62271764
ecuador	panama	1158.07331793
ecuador	uruguay	4350.60402126
ecuador	bahamas	3001.98567118
ecuador	bermuda	4074.27663018
ecuador	aruba	1876.22262257
ecuador	peru	1098.88594844
ecuador	costa_rica	1381.43794689
ecuador	anguilla	2834.8012491
ecuador	venezuela	1831.81322356
ecuador	french_guiana	3040.23864936
ecuador	cayman_islands	2327.61487763
ecuador	brazil	4114.32938883
ecuador	trinidad_tobago	2399.73304857
ecuador	dominican_republic	2481.00486443
ecuador	cuba	2611.38705554
ecuador	guatemala	2199.31750421
ecuador	chile	3681.33670194
ecuador	martinique	2710.19310055
ecuador	haiti	2386.60347294
ecuador	belize	2333.41150331
ecuador	argentina	3950.11265891
ecuador	dominica	2736.05224854
ecuador	suriname	2805.61681007
ecuador	saint_lucia	2664.06408466
ecuador	el_salvador	2003.36180183
ecuador	puerto_rico	2634.70921298
ecuador	british_virgin_islands	2748.15057644
ecuador	ecuador	0.0
ecuador	guyana	2535.98655709
ecuador	grenada	2481.3550021
ecuador	guadeloupe	2786.54663522
ecuador	antigua_barbuda	2832.31391408
guyana	united_states	4950.44812
guyana	jamaica	2425.56165161
guyana	honduras	3339.76166872
guyana	colombia	1856.18878325
guyana	mexico	4868.93040089
guyana	saint_kitts_nevis	1264.68985494
guyana	turks_caicos_islands	2232.47004824
guyana	sint_maarten	1387.32698113
guyana	saint_vincent_grenadines	812.963315761
guyana	paraguay	3545.39395639
guyana	nicaragua	3141.73814404
guyana	barbados	750.779953184
guyana	canada	5317.87914868
guyana	united_states_virgin_islands	1492.36929585
guyana	curacao	1343.96519557
guyana	bolivia	2791.08559234
guyana	panama	2440.04449557
guyana	uruguay	4524.05779064
guyana	bahamas	2945.72114461
guyana	bermuda	2951.65460726
guyana	aruba	1464.5622447
guyana	peru	2825.04918506
guyana	costa_rica	2895.21399485
guyana	anguilla	1406.40036164
guyana	venezuela	1129.63014061
guyana	french_guiana	600.492218662
guyana	cayman_islands	2889.81528668
guyana	brazil	3049.96120658
guyana	trinidad_tobago	571.350008116
guyana	dominican_republic	1898.11228493
guyana	cuba	2881.23420701
guyana	guatemala	3681.23335934
guyana	chile	4686.38614419
guyana	martinique	955.311480419
guyana	haiti	2071.82730193
guyana	belize	3514.84004833
guyana	argentina	4401.61788732
guyana	dominica	1047.46741305
guyana	suriname	319.966444552
guyana	saint_lucia	880.514978937
guyana	el_salvador	3487.3079257
guyana	puerto_rico	1582.86134275
guyana	british_virgin_islands	1501.40034725
guyana	ecuador	2535.98655709
guyana	guyana	0.0
guyana	grenada	738.789817622
guyana	guadeloupe	1146.67836172
guyana	antigua_barbuda	1244.44316732
grenada	united_states	4220.35436172
grenada	jamaica	1776.15102487
grenada	honduras	2803.90286835
grenada	colombia	1599.30189882
grenada	mexico	4265.65811
grenada	saint_kitts_nevis	977.161133371
grenada	turks_caicos_islands	1502.90012558
grenada	sint_maarten	670.657103396
grenada	saint_vincent_grenadines	124.871479685
grenada	paraguay	4198.4737785
grenada	nicaragua	2654.12696202
grenada	barbados	250.447238136
grenada	canada	4581.52709545
grenada	united_states_virgin_islands	755.73230205
grenada	curacao	788.446325136
grenada	bolivia	3316.9169322
grenada	panama	2044.70385084
grenada	uruguay	5175.37124125
grenada	bahamas	2222.29352719
grenada	bermuda	2268.18634571
grenada	aruba	902.795630824
grenada	peru	3051.28047372
grenada	costa_rica	2463.69305809
grenada	anguilla	690.909273953
grenada	venezuela	694.904203388
grenada	french_guiana	1252.65770996
grenada	cayman_islands	2248.70588297
grenada	brazil	3785.52314768
grenada	trinidad_tobago	188.409446765
grenada	dominican_republic	1179.18372138
grenada	cuba	2195.57528877
grenada	guatemala	3153.81262409
grenada	chile	5199.29414918
grenada	martinique	285.902280746
grenada	haiti	1372.53027437
grenada	belize	2935.58931024
grenada	argentina	5008.3527297
grenada	dominica	361.995836867
grenada	suriname	995.63921027
grenada	saint_lucia	212.88846567
grenada	el_salvador	2976.4212483
grenada	puerto_rico	844.401434369
grenada	british_virgin_islands	767.129898607
grenada	ecuador	2481.3550021
grenada	guyana	738.789817622
grenada	grenada	0.0
grenada	guadeloupe	458.303803763
grenada	antigua_barbuda	552.19770344
guadeloupe	united_states	3900.11776152
guadeloupe	jamaica	1657.2957042
guadeloupe	honduras	2778.41936491
guadeloupe	colombia	1844.01624037
guadeloupe	mexico	4142.48313392
guadeloupe	saint_kitts_nevis	779.380346871
guadeloupe	turks_caicos_islands	1224.02609618
guadeloupe	sint_maarten	251.627294904
guadeloupe	saint_vincent_grenadines	346.836597799
guadeloupe	paraguay	4652.07876123
guadeloupe	nicaragua	2678.32606343
guadeloupe	barbados	408.724114095
guadeloupe	canada	4187.10242931
guadeloupe	united_states_virgin_islands	412.718257317
guadeloupe	curacao	917.921820666
guadeloupe	bolivia	3772.98320008
guadeloupe	panama	2170.24453193
guadeloupe	uruguay	5629.76787015
guadeloupe	bahamas	1942.60162131
guadeloupe	bermuda	1816.66762231
guadeloupe	aruba	998.746639915
guadeloupe	peru	3449.35495961
guadeloupe	costa_rica	2542.11742042
guadeloupe	anguilla	268.130789326
guadeloupe	venezuela	955.37211254
guadeloupe	french_guiana	1571.28479029
guadeloupe	cayman_islands	2120.45889381
guadeloupe	brazil	4189.92910065
guadeloupe	trinidad_tobago	644.438018225
guadeloupe	dominican_republic	960.229391446
guadeloupe	cuba	1999.69574358
guadeloupe	guatemala	3127.34303247
guadeloupe	chile	5651.8772856
guadeloupe	martinique	191.437178828
guadeloupe	haiti	1189.84532273
guadeloupe	belize	2861.86538618
guadeloupe	argentina	5466.50378571
guadeloupe	dominica	100.107854173
guadeloupe	suriname	1349.571076
guadeloupe	saint_lucia	267.909166006
guadeloupe	el_salvador	2969.92019373
guadeloupe	puerto_rico	549.254868265
guadeloupe	british_virgin_islands	404.278045957
guadeloupe	ecuador	2786.54663522
guadeloupe	guyana	1146.67836172
guadeloupe	grenada	458.303803763
guadeloupe	guadeloupe	0.0
guadeloupe	antigua_barbuda	97.9100190605
antigua_barbuda	united_states	3815.24931602
antigua_barbuda	jamaica	1617.05243054
antigua_barbuda	honduras	2751.45553698
antigua_barbuda	colombia	1880.08017584
antigua_barbuda	mexico	4092.60550583
antigua_barbuda	saint_kitts_nevis	797.144236947
antigua_barbuda	turks_caicos_islands	1153.57487963
antigua_barbuda	sint_maarten	164.939123604
antigua_barbuda	saint_vincent_grenadines	443.580636625
antigua_barbuda	paraguay	4748.45234703
antigua_barbuda	nicaragua	2662.17395996
antigua_barbuda	barbados	503.985858129
antigua_barbuda	canada	4092.07914765
antigua_barbuda	united_states_virgin_islands	345.609442889
antigua_barbuda	curacao	944.108822798
antigua_barbuda	bolivia	3862.96862393
antigua_barbuda	panama	2178.28959889
antigua_barbuda	uruguay	5725.94532414
antigua_barbuda	bahamas	1867.80465894
antigua_barbuda	bermuda	1719.55301649
antigua_barbuda	aruba	1015.58911689
antigua_barbuda	peru	3517.93574861
antigua_barbuda	costa_rica	2538.09638038
antigua_barbuda	anguilla	178.589097112
antigua_barbuda	venezuela	1006.11732729
antigua_barbuda	french_guiana	1662.7114134
antigua_barbuda	cayman_islands	2075.10953608
antigua_barbuda	brazil	4286.74832604
antigua_barbuda	trinidad_tobago	739.430561696
antigua_barbuda	dominican_republic	907.16618578
antigua_barbuda	cuba	1941.15102536
antigua_barbuda	guatemala	3099.05218947
antigua_barbuda	chile	5739.31337516
antigua_barbuda	martinique	289.31410438
antigua_barbuda	haiti	1141.05593193
antigua_barbuda	belize	2824.65745084
antigua_barbuda	argentina	5560.34319093
antigua_barbuda	dominica	197.891922672
antigua_barbuda	suriname	1444.47199369
antigua_barbuda	saint_lucia	365.751534952
antigua_barbuda	el_salvador	2946.26385588
antigua_barbuda	puerto_rico	489.540135848
antigua_barbuda	british_virgin_islands	330.585589887
antigua_barbuda	ecuador	2832.31391408
antigua_barbuda	guyana	1244.44316732
antigua_barbuda	grenada	552.19770344
antigua_barbuda	guadeloupe	97.9100190605
antigua_barbuda	antigua_barbuda	0.0
