origin	destination	destination_urban_proportion
canada	united_states	0.81788
canada	bermuda	1.0
canada	mexico	0.79517
canada	belize	0.43845
canada	guatemala	0.5203
canada	honduras	0.55315
canada	el_salvador	0.67189
canada	nicaragua	0.59107
canada	costa_rica	0.77675
canada	panama	0.66895
canada	bahamas	0.82951
canada	cuba	0.77184
canada	turks_caicos_islands	0.92502
canada	cayman_islands	1.0
canada	jamaica	0.5503
canada	haiti	0.59794
canada	dominican_republic	0.79841
canada	puerto_rico	0.93569
canada	united_states_virgin_islands	0.95459
canada	saint_kitts_nevis	0.32153
canada	antigua_barbuda	0.23393
canada	guadeloupe	0.984
canada	dominica	0.6982
canada	martinique	0.889
canada	saint_lucia	0.1854
canada	saint_vincent_grenadines	0.50899
canada	barbados	0.31415
canada	grenada	0.35616
canada	trinidad_tobago	0.08352
canada	curacao	0.89241
canada	aruba	0.41304
canada	french_guiana	0.844
canada	suriname	0.66015
canada	guyana	0.28661
canada	venezuela	0.89043
canada	colombia	0.76708
canada	ecuador	0.63976
canada	peru	0.78924
canada	bolivia	0.68911
canada	brazil	0.85933
canada	paraguay	0.59924
canada	uruguay	0.9546
canada	argentina	0.91893
canada	chile	0.89697
united_states	canada	0.82006
united_states	bermuda	1.0
united_states	mexico	0.79517
united_states	belize	0.43845
united_states	guatemala	0.5203
united_states	honduras	0.55315
united_states	el_salvador	0.67189
united_states	nicaragua	0.59107
united_states	costa_rica	0.77675
united_states	panama	0.66895
united_states	bahamas	0.82951
united_states	cuba	0.77184
united_states	turks_caicos_islands	0.92502
united_states	cayman_islands	1.0
united_states	jamaica	0.5503
united_states	haiti	0.59794
united_states	dominican_republic	0.79841
united_states	puerto_rico	0.93569
united_states	united_states_virgin_islands	0.95459
united_states	saint_kitts_nevis	0.32153
united_states	antigua_barbuda	0.23393
united_states	guadeloupe	0.984
united_states	dominica	0.6982
united_states	martinique	0.889
united_states	saint_lucia	0.1854
united_states	saint_vincent_grenadines	0.50899
united_states	barbados	0.31415
united_states	grenada	0.35616
united_states	trinidad_tobago	0.08352
united_states	curacao	0.89241
united_states	aruba	0.41304
united_states	french_guiana	0.844
united_states	suriname	0.66015
united_states	guyana	0.28661
united_states	venezuela	0.89043
united_states	colombia	0.76708
united_states	ecuador	0.63976
united_states	peru	0.78924
united_states	bolivia	0.68911
united_states	brazil	0.85933
united_states	paraguay	0.59924
united_states	uruguay	0.9546
united_states	argentina	0.91893
united_states	chile	0.89697
bermuda	canada	0.82006
bermuda	united_states	0.81788
bermuda	mexico	0.79517
bermuda	belize	0.43845
bermuda	guatemala	0.5203
bermuda	honduras	0.55315
bermuda	el_salvador	0.67189
bermuda	nicaragua	0.59107
bermuda	costa_rica	0.77675
bermuda	panama	0.66895
bermuda	bahamas	0.82951
bermuda	cuba	0.77184
bermuda	turks_caicos_islands	0.92502
bermuda	cayman_islands	1.0
bermuda	jamaica	0.5503
bermuda	haiti	0.59794
bermuda	dominican_republic	0.79841
bermuda	puerto_rico	0.93569
bermuda	united_states_virgin_islands	0.95459
bermuda	saint_kitts_nevis	0.32153
bermuda	antigua_barbuda	0.23393
bermuda	guadeloupe	0.984
bermuda	dominica	0.6982
bermuda	martinique	0.889
bermuda	saint_lucia	0.1854
bermuda	saint_vincent_grenadines	0.50899
bermuda	barbados	0.31415
bermuda	grenada	0.35616
bermuda	trinidad_tobago	0.08352
bermuda	curacao	0.89241
bermuda	aruba	0.41304
bermuda	french_guiana	0.844
bermuda	suriname	0.66015
bermuda	guyana	0.28661
bermuda	venezuela	0.89043
bermuda	colombia	0.76708
bermuda	ecuador	0.63976
bermuda	peru	0.78924
bermuda	bolivia	0.68911
bermuda	brazil	0.85933
bermuda	paraguay	0.59924
bermuda	uruguay	0.9546
bermuda	argentina	0.91893
bermuda	chile	0.89697
mexico	canada	0.82006
mexico	united_states	0.81788
mexico	bermuda	1.0
mexico	belize	0.43845
mexico	guatemala	0.5203
mexico	honduras	0.55315
mexico	el_salvador	0.67189
mexico	nicaragua	0.59107
mexico	costa_rica	0.77675
mexico	panama	0.66895
mexico	bahamas	0.82951
mexico	cuba	0.77184
mexico	turks_caicos_islands	0.92502
mexico	cayman_islands	1.0
mexico	jamaica	0.5503
mexico	haiti	0.59794
mexico	dominican_republic	0.79841
mexico	puerto_rico	0.93569
mexico	united_states_virgin_islands	0.95459
mexico	saint_kitts_nevis	0.32153
mexico	antigua_barbuda	0.23393
mexico	guadeloupe	0.984
mexico	dominica	0.6982
mexico	martinique	0.889
mexico	saint_lucia	0.1854
mexico	saint_vincent_grenadines	0.50899
mexico	barbados	0.31415
mexico	grenada	0.35616
mexico	trinidad_tobago	0.08352
mexico	curacao	0.89241
mexico	aruba	0.41304
mexico	french_guiana	0.844
mexico	suriname	0.66015
mexico	guyana	0.28661
mexico	venezuela	0.89043
mexico	colombia	0.76708
mexico	ecuador	0.63976
mexico	peru	0.78924
mexico	bolivia	0.68911
mexico	brazil	0.85933
mexico	paraguay	0.59924
mexico	uruguay	0.9546
mexico	argentina	0.91893
mexico	chile	0.89697
belize	canada	0.82006
belize	united_states	0.81788
belize	bermuda	1.0
belize	mexico	0.79517
belize	guatemala	0.5203
belize	honduras	0.55315
belize	el_salvador	0.67189
belize	nicaragua	0.59107
belize	costa_rica	0.77675
belize	panama	0.66895
belize	bahamas	0.82951
belize	cuba	0.77184
belize	turks_caicos_islands	0.92502
belize	cayman_islands	1.0
belize	jamaica	0.5503
belize	haiti	0.59794
belize	dominican_republic	0.79841
belize	puerto_rico	0.93569
belize	united_states_virgin_islands	0.95459
belize	saint_kitts_nevis	0.32153
belize	antigua_barbuda	0.23393
belize	guadeloupe	0.984
belize	dominica	0.6982
belize	martinique	0.889
belize	saint_lucia	0.1854
belize	saint_vincent_grenadines	0.50899
belize	barbados	0.31415
belize	grenada	0.35616
belize	trinidad_tobago	0.08352
belize	curacao	0.89241
belize	aruba	0.41304
belize	french_guiana	0.844
belize	suriname	0.66015
belize	guyana	0.28661
belize	venezuela	0.89043
belize	colombia	0.76708
belize	ecuador	0.63976
belize	peru	0.78924
belize	bolivia	0.68911
belize	brazil	0.85933
belize	paraguay	0.59924
belize	uruguay	0.9546
belize	argentina	0.91893
belize	chile	0.89697
guatemala	canada	0.82006
guatemala	united_states	0.81788
guatemala	bermuda	1.0
guatemala	mexico	0.79517
guatemala	belize	0.43845
guatemala	honduras	0.55315
guatemala	el_salvador	0.67189
guatemala	nicaragua	0.59107
guatemala	costa_rica	0.77675
guatemala	panama	0.66895
guatemala	bahamas	0.82951
guatemala	cuba	0.77184
guatemala	turks_caicos_islands	0.92502
guatemala	cayman_islands	1.0
guatemala	jamaica	0.5503
guatemala	haiti	0.59794
guatemala	dominican_republic	0.79841
guatemala	puerto_rico	0.93569
guatemala	united_states_virgin_islands	0.95459
guatemala	saint_kitts_nevis	0.32153
guatemala	antigua_barbuda	0.23393
guatemala	guadeloupe	0.984
guatemala	dominica	0.6982
guatemala	martinique	0.889
guatemala	saint_lucia	0.1854
guatemala	saint_vincent_grenadines	0.50899
guatemala	barbados	0.31415
guatemala	grenada	0.35616
guatemala	trinidad_tobago	0.08352
guatemala	curacao	0.89241
guatemala	aruba	0.41304
guatemala	french_guiana	0.844
guatemala	suriname	0.66015
guatemala	guyana	0.28661
guatemala	venezuela	0.89043
guatemala	colombia	0.76708
guatemala	ecuador	0.63976
guatemala	peru	0.78924
guatemala	bolivia	0.68911
guatemala	brazil	0.85933
guatemala	paraguay	0.59924
guatemala	uruguay	0.9546
guatemala	argentina	0.91893
guatemala	chile	0.89697
honduras	canada	0.82006
honduras	united_states	0.81788
honduras	bermuda	1.0
honduras	mexico	0.79517
honduras	belize	0.43845
honduras	guatemala	0.5203
honduras	el_salvador	0.67189
honduras	nicaragua	0.59107
honduras	costa_rica	0.77675
honduras	panama	0.66895
honduras	bahamas	0.82951
honduras	cuba	0.77184
honduras	turks_caicos_islands	0.92502
honduras	cayman_islands	1.0
honduras	jamaica	0.5503
honduras	haiti	0.59794
honduras	dominican_republic	0.79841
honduras	puerto_rico	0.93569
honduras	united_states_virgin_islands	0.95459
honduras	saint_kitts_nevis	0.32153
honduras	antigua_barbuda	0.23393
honduras	guadeloupe	0.984
honduras	dominica	0.6982
honduras	martinique	0.889
honduras	saint_lucia	0.1854
honduras	saint_vincent_grenadines	0.50899
honduras	barbados	0.31415
honduras	grenada	0.35616
honduras	trinidad_tobago	0.08352
honduras	curacao	0.89241
honduras	aruba	0.41304
honduras	french_guiana	0.844
honduras	suriname	0.66015
honduras	guyana	0.28661
honduras	venezuela	0.89043
honduras	colombia	0.76708
honduras	ecuador	0.63976
honduras	peru	0.78924
honduras	bolivia	0.68911
honduras	brazil	0.85933
honduras	paraguay	0.59924
honduras	uruguay	0.9546
honduras	argentina	0.91893
honduras	chile	0.89697
el_salvador	canada	0.82006
el_salvador	united_states	0.81788
el_salvador	bermuda	1.0
el_salvador	mexico	0.79517
el_salvador	belize	0.43845
el_salvador	guatemala	0.5203
el_salvador	honduras	0.55315
el_salvador	nicaragua	0.59107
el_salvador	costa_rica	0.77675
el_salvador	panama	0.66895
el_salvador	bahamas	0.82951
el_salvador	cuba	0.77184
el_salvador	turks_caicos_islands	0.92502
el_salvador	cayman_islands	1.0
el_salvador	jamaica	0.5503
el_salvador	haiti	0.59794
el_salvador	dominican_republic	0.79841
el_salvador	puerto_rico	0.93569
el_salvador	united_states_virgin_islands	0.95459
el_salvador	saint_kitts_nevis	0.32153
el_salvador	antigua_barbuda	0.23393
el_salvador	guadeloupe	0.984
el_salvador	dominica	0.6982
el_salvador	martinique	0.889
el_salvador	saint_lucia	0.1854
el_salvador	saint_vincent_grenadines	0.50899
el_salvador	barbados	0.31415
el_salvador	grenada	0.35616
el_salvador	trinidad_tobago	0.08352
el_salvador	curacao	0.89241
el_salvador	aruba	0.41304
el_salvador	french_guiana	0.844
el_salvador	suriname	0.66015
el_salvador	guyana	0.28661
el_salvador	venezuela	0.89043
el_salvador	colombia	0.76708
el_salvador	ecuador	0.63976
el_salvador	peru	0.78924
el_salvador	bolivia	0.68911
el_salvador	brazil	0.85933
el_salvador	paraguay	0.59924
el_salvador	uruguay	0.9546
el_salvador	argentina	0.91893
el_salvador	chile	0.89697
nicaragua	canada	0.82006
nicaragua	united_states	0.81788
nicaragua	bermuda	1.0
nicaragua	mexico	0.79517
nicaragua	belize	0.43845
nicaragua	guatemala	0.5203
nicaragua	honduras	0.55315
nicaragua	el_salvador	0.67189
nicaragua	costa_rica	0.77675
nicaragua	panama	0.66895
nicaragua	bahamas	0.82951
nicaragua	cuba	0.77184
nicaragua	turks_caicos_islands	0.92502
nicaragua	cayman_islands	1.0
nicaragua	jamaica	0.5503
nicaragua	haiti	0.59794
nicaragua	dominican_republic	0.79841
nicaragua	puerto_rico	0.93569
nicaragua	united_states_virgin_islands	0.95459
nicaragua	saint_kitts_nevis	0.32153
nicaragua	antigua_barbuda	0.23393
nicaragua	guadeloupe	0.984
nicaragua	dominica	0.6982
nicaragua	martinique	0.889
nicaragua	saint_lucia	0.1854
nicaragua	saint_vincent_grenadines	0.50899
nicaragua	barbados	0.31415
nicaragua	grenada	0.35616
nicaragua	trinidad_tobago	0.08352
nicaragua	curacao	0.89241
nicaragua	aruba	0.41304
nicaragua	french_guiana	0.844
nicaragua	suriname	0.66015
nicaragua	guyana	0.28661
nicaragua	venezuela	0.89043
nicaragua	colombia	0.76708
nicaragua	ecuador	0.63976
nicaragua	peru	0.78924
nicaragua	bolivia	0.68911
nicaragua	brazil	0.85933
nicaragua	paraguay	0.59924
nicaragua	uruguay	0.9546
nicaragua	argentina	0.91893
nicaragua	chile	0.89697
costa_rica	canada	0.82006
costa_rica	united_states	0.81788
costa_rica	bermuda	1.0
costa_rica	mexico	0.79517
costa_rica	belize	0.43845
costa_rica	guatemala	0.5203
costa_rica	honduras	0.55315
costa_rica	el_salvador	0.67189
costa_rica	nicaragua	0.59107
costa_rica	panama	0.66895
costa_rica	bahamas	0.82951
costa_rica	cuba	0.77184
costa_rica	turks_caicos_islands	0.92502
costa_rica	cayman_islands	1.0
costa_rica	jamaica	0.5503
costa_rica	haiti	0.59794
costa_rica	dominican_republic	0.79841
costa_rica	puerto_rico	0.93569
costa_rica	united_states_virgin_islands	0.95459
costa_rica	saint_kitts_nevis	0.32153
costa_rica	antigua_barbuda	0.23393
costa_rica	guadeloupe	0.984
costa_rica	dominica	0.6982
costa_rica	martinique	0.889
costa_rica	saint_lucia	0.1854
costa_rica	saint_vincent_grenadines	0.50899
costa_rica	barbados	0.31415
costa_rica	grenada	0.35616
costa_rica	trinidad_tobago	0.08352
costa_rica	curacao	0.89241
costa_rica	aruba	0.41304
costa_rica	french_guiana	0.844
costa_rica	suriname	0.66015
costa_rica	guyana	0.28661
costa_rica	venezuela	0.89043
costa_rica	colombia	0.76708
costa_rica	ecuador	0.63976
costa_rica	peru	0.78924
costa_rica	bolivia	0.68911
costa_rica	brazil	0.85933
costa_rica	paraguay	0.59924
costa_rica	uruguay	0.9546
costa_rica	argentina	0.91893
costa_rica	chile	0.89697
panama	canada	0.82006
panama	united_states	0.81788
panama	bermuda	1.0
panama	mexico	0.79517
panama	belize	0.43845
panama	guatemala	0.5203
panama	honduras	0.55315
panama	el_salvador	0.67189
panama	nicaragua	0.59107
panama	costa_rica	0.77675
panama	bahamas	0.82951
panama	cuba	0.77184
panama	turks_caicos_islands	0.92502
panama	cayman_islands	1.0
panama	jamaica	0.5503
panama	haiti	0.59794
panama	dominican_republic	0.79841
panama	puerto_rico	0.93569
panama	united_states_virgin_islands	0.95459
panama	saint_kitts_nevis	0.32153
panama	antigua_barbuda	0.23393
panama	guadeloupe	0.984
panama	dominica	0.6982
panama	martinique	0.889
panama	saint_lucia	0.1854
panama	saint_vincent_grenadines	0.50899
panama	barbados	0.31415
panama	grenada	0.35616
panama	trinidad_tobago	0.08352
panama	curacao	0.89241
panama	aruba	0.41304
panama	french_guiana	0.844
panama	suriname	0.66015
panama	guyana	0.28661
panama	venezuela	0.89043
panama	colombia	0.76708
panama	ecuador	0.63976
panama	peru	0.78924
panama	bolivia	0.68911
panama	brazil	0.85933
panama	paraguay	0.59924
panama	uruguay	0.9546
panama	argentina	0.91893
panama	chile	0.89697
bahamas	canada	0.82006
bahamas	united_states	0.81788
bahamas	bermuda	1.0
bahamas	mexico	0.79517
bahamas	belize	0.43845
bahamas	guatemala	0.5203
bahamas	honduras	0.55315
bahamas	el_salvador	0.67189
bahamas	nicaragua	0.59107
bahamas	costa_rica	0.77675
bahamas	panama	0.66895
bahamas	cuba	0.77184
bahamas	turks_caicos_islands	0.92502
bahamas	cayman_islands	1.0
bahamas	jamaica	0.5503
bahamas	haiti	0.59794
bahamas	dominican_republic	0.79841
bahamas	puerto_rico	0.93569
bahamas	united_states_virgin_islands	0.95459
bahamas	saint_kitts_nevis	0.32153
bahamas	antigua_barbuda	0.23393
bahamas	guadeloupe	0.984
bahamas	dominica	0.6982
bahamas	martinique	0.889
bahamas	saint_lucia	0.1854
bahamas	saint_vincent_grenadines	0.50899
bahamas	barbados	0.31415
bahamas	grenada	0.35616
bahamas	trinidad_tobago	0.08352
bahamas	curacao	0.89241
bahamas	aruba	0.41304
bahamas	french_guiana	0.844
bahamas	suriname	0.66015
bahamas	guyana	0.28661
bahamas	venezuela	0.89043
bahamas	colombia	0.76708
bahamas	ecuador	0.63976
bahamas	peru	0.78924
bahamas	bolivia	0.68911
bahamas	brazil	0.85933
bahamas	paraguay	0.59924
bahamas	uruguay	0.9546
bahamas	argentina	0.91893
bahamas	chile	0.89697
cuba	canada	0.82006
cuba	united_states	0.81788
cuba	bermuda	1.0
cuba	mexico	0.79517
cuba	belize	0.43845
cuba	guatemala	0.5203
cuba	honduras	0.55315
cuba	el_salvador	0.67189
cuba	nicaragua	0.59107
cuba	costa_rica	0.77675
cuba	panama	0.66895
cuba	bahamas	0.82951
cuba	turks_caicos_islands	0.92502
cuba	cayman_islands	1.0
cuba	jamaica	0.5503
cuba	haiti	0.59794
cuba	dominican_republic	0.79841
cuba	puerto_rico	0.93569
cuba	united_states_virgin_islands	0.95459
cuba	saint_kitts_nevis	0.32153
cuba	antigua_barbuda	0.23393
cuba	guadeloupe	0.984
cuba	dominica	0.6982
cuba	martinique	0.889
cuba	saint_lucia	0.1854
cuba	saint_vincent_grenadines	0.50899
cuba	barbados	0.31415
cuba	grenada	0.35616
cuba	trinidad_tobago	0.08352
cuba	curacao	0.89241
cuba	aruba	0.41304
cuba	french_guiana	0.844
cuba	suriname	0.66015
cuba	guyana	0.28661
cuba	venezuela	0.89043
cuba	colombia	0.76708
cuba	ecuador	0.63976
cuba	peru	0.78924
cuba	bolivia	0.68911
cuba	brazil	0.85933
cuba	paraguay	0.59924
cuba	uruguay	0.9546
cuba	argentina	0.91893
cuba	chile	0.89697
turks_caicos_islands	canada	0.82006
turks_caicos_islands	united_states	0.81788
turks_caicos_islands	bermuda	1.0
turks_caicos_islands	mexico	0.79517
turks_caicos_islands	belize	0.43845
turks_caicos_islands	guatemala	0.5203
turks_caicos_islands	honduras	0.55315
turks_caicos_islands	el_salvador	0.67189
turks_caicos_islands	nicaragua	0.59107
turks_caicos_islands	costa_rica	0.77675
turks_caicos_islands	panama	0.66895
turks_caicos_islands	bahamas	0.82951
turks_caicos_islands	cuba	0.77184
turks_caicos_islands	cayman_islands	1.0
turks_caicos_islands	jamaica	0.5503
turks_caicos_islands	haiti	0.59794
turks_caicos_islands	dominican_republic	0.79841
turks_caicos_islands	puerto_rico	0.93569
turks_caicos_islands	united_states_virgin_islands	0.95459
turks_caicos_islands	saint_kitts_nevis	0.32153
turks_caicos_islands	antigua_barbuda	0.23393
turks_caicos_islands	guadeloupe	0.984
turks_caicos_islands	dominica	0.6982
turks_caicos_islands	martinique	0.889
turks_caicos_islands	saint_lucia	0.1854
turks_caicos_islands	saint_vincent_grenadines	0.50899
turks_caicos_islands	barbados	0.31415
turks_caicos_islands	grenada	0.35616
turks_caicos_islands	trinidad_tobago	0.08352
turks_caicos_islands	curacao	0.89241
turks_caicos_islands	aruba	0.41304
turks_caicos_islands	french_guiana	0.844
turks_caicos_islands	suriname	0.66015
turks_caicos_islands	guyana	0.28661
turks_caicos_islands	venezuela	0.89043
turks_caicos_islands	colombia	0.76708
turks_caicos_islands	ecuador	0.63976
turks_caicos_islands	peru	0.78924
turks_caicos_islands	bolivia	0.68911
turks_caicos_islands	brazil	0.85933
turks_caicos_islands	paraguay	0.59924
turks_caicos_islands	uruguay	0.9546
turks_caicos_islands	argentina	0.91893
turks_caicos_islands	chile	0.89697
cayman_islands	canada	0.82006
cayman_islands	united_states	0.81788
cayman_islands	bermuda	1.0
cayman_islands	mexico	0.79517
cayman_islands	belize	0.43845
cayman_islands	guatemala	0.5203
cayman_islands	honduras	0.55315
cayman_islands	el_salvador	0.67189
cayman_islands	nicaragua	0.59107
cayman_islands	costa_rica	0.77675
cayman_islands	panama	0.66895
cayman_islands	bahamas	0.82951
cayman_islands	cuba	0.77184
cayman_islands	turks_caicos_islands	0.92502
cayman_islands	jamaica	0.5503
cayman_islands	haiti	0.59794
cayman_islands	dominican_republic	0.79841
cayman_islands	puerto_rico	0.93569
cayman_islands	united_states_virgin_islands	0.95459
cayman_islands	saint_kitts_nevis	0.32153
cayman_islands	antigua_barbuda	0.23393
cayman_islands	guadeloupe	0.984
cayman_islands	dominica	0.6982
cayman_islands	martinique	0.889
cayman_islands	saint_lucia	0.1854
cayman_islands	saint_vincent_grenadines	0.50899
cayman_islands	barbados	0.31415
cayman_islands	grenada	0.35616
cayman_islands	trinidad_tobago	0.08352
cayman_islands	curacao	0.89241
cayman_islands	aruba	0.41304
cayman_islands	french_guiana	0.844
cayman_islands	suriname	0.66015
cayman_islands	guyana	0.28661
cayman_islands	venezuela	0.89043
cayman_islands	colombia	0.76708
cayman_islands	ecuador	0.63976
cayman_islands	peru	0.78924
cayman_islands	bolivia	0.68911
cayman_islands	brazil	0.85933
cayman_islands	paraguay	0.59924
cayman_islands	uruguay	0.9546
cayman_islands	argentina	0.91893
cayman_islands	chile	0.89697
jamaica	canada	0.82006
jamaica	united_states	0.81788
jamaica	bermuda	1.0
jamaica	mexico	0.79517
jamaica	belize	0.43845
jamaica	guatemala	0.5203
jamaica	honduras	0.55315
jamaica	el_salvador	0.67189
jamaica	nicaragua	0.59107
jamaica	costa_rica	0.77675
jamaica	panama	0.66895
jamaica	bahamas	0.82951
jamaica	cuba	0.77184
jamaica	turks_caicos_islands	0.92502
jamaica	cayman_islands	1.0
jamaica	haiti	0.59794
jamaica	dominican_republic	0.79841
jamaica	puerto_rico	0.93569
jamaica	united_states_virgin_islands	0.95459
jamaica	saint_kitts_nevis	0.32153
jamaica	antigua_barbuda	0.23393
jamaica	guadeloupe	0.984
jamaica	dominica	0.6982
jamaica	martinique	0.889
jamaica	saint_lucia	0.1854
jamaica	saint_vincent_grenadines	0.50899
jamaica	barbados	0.31415
jamaica	grenada	0.35616
jamaica	trinidad_tobago	0.08352
jamaica	curacao	0.89241
jamaica	aruba	0.41304
jamaica	french_guiana	0.844
jamaica	suriname	0.66015
jamaica	guyana	0.28661
jamaica	venezuela	0.89043
jamaica	colombia	0.76708
jamaica	ecuador	0.63976
jamaica	peru	0.78924
jamaica	bolivia	0.68911
jamaica	brazil	0.85933
jamaica	paraguay	0.59924
jamaica	uruguay	0.9546
jamaica	argentina	0.91893
jamaica	chile	0.89697
haiti	canada	0.82006
haiti	united_states	0.81788
haiti	bermuda	1.0
haiti	mexico	0.79517
haiti	belize	0.43845
haiti	guatemala	0.5203
haiti	honduras	0.55315
haiti	el_salvador	0.67189
haiti	nicaragua	0.59107
haiti	costa_rica	0.77675
haiti	panama	0.66895
haiti	bahamas	0.82951
haiti	cuba	0.77184
haiti	turks_caicos_islands	0.92502
haiti	cayman_islands	1.0
haiti	jamaica	0.5503
haiti	dominican_republic	0.79841
haiti	puerto_rico	0.93569
haiti	united_states_virgin_islands	0.95459
haiti	saint_kitts_nevis	0.32153
haiti	antigua_barbuda	0.23393
haiti	guadeloupe	0.984
haiti	dominica	0.6982
haiti	martinique	0.889
haiti	saint_lucia	0.1854
haiti	saint_vincent_grenadines	0.50899
haiti	barbados	0.31415
haiti	grenada	0.35616
haiti	trinidad_tobago	0.08352
haiti	curacao	0.89241
haiti	aruba	0.41304
haiti	french_guiana	0.844
haiti	suriname	0.66015
haiti	guyana	0.28661
haiti	venezuela	0.89043
haiti	colombia	0.76708
haiti	ecuador	0.63976
haiti	peru	0.78924
haiti	bolivia	0.68911
haiti	brazil	0.85933
haiti	paraguay	0.59924
haiti	uruguay	0.9546
haiti	argentina	0.91893
haiti	chile	0.89697
dominican_republic	canada	0.82006
dominican_republic	united_states	0.81788
dominican_republic	bermuda	1.0
dominican_republic	mexico	0.79517
dominican_republic	belize	0.43845
dominican_republic	guatemala	0.5203
dominican_republic	honduras	0.55315
dominican_republic	el_salvador	0.67189
dominican_republic	nicaragua	0.59107
dominican_republic	costa_rica	0.77675
dominican_republic	panama	0.66895
dominican_republic	bahamas	0.82951
dominican_republic	cuba	0.77184
dominican_republic	turks_caicos_islands	0.92502
dominican_republic	cayman_islands	1.0
dominican_republic	jamaica	0.5503
dominican_republic	haiti	0.59794
dominican_republic	puerto_rico	0.93569
dominican_republic	united_states_virgin_islands	0.95459
dominican_republic	saint_kitts_nevis	0.32153
dominican_republic	antigua_barbuda	0.23393
dominican_republic	guadeloupe	0.984
dominican_republic	dominica	0.6982
dominican_republic	martinique	0.889
dominican_republic	saint_lucia	0.1854
dominican_republic	saint_vincent_grenadines	0.50899
dominican_republic	barbados	0.31415
dominican_republic	grenada	0.35616
dominican_republic	trinidad_tobago	0.08352
dominican_republic	curacao	0.89241
dominican_republic	aruba	0.41304
dominican_republic	french_guiana	0.844
dominican_republic	suriname	0.66015
dominican_republic	guyana	0.28661
dominican_republic	venezuela	0.89043
dominican_republic	colombia	0.76708
dominican_republic	ecuador	0.63976
dominican_republic	peru	0.78924
dominican_republic	bolivia	0.68911
dominican_republic	brazil	0.85933
dominican_republic	paraguay	0.59924
dominican_republic	uruguay	0.9546
dominican_republic	argentina	0.91893
dominican_republic	chile	0.89697
puerto_rico	canada	0.82006
puerto_rico	united_states	0.81788
puerto_rico	bermuda	1.0
puerto_rico	mexico	0.79517
puerto_rico	belize	0.43845
puerto_rico	guatemala	0.5203
puerto_rico	honduras	0.55315
puerto_rico	el_salvador	0.67189
puerto_rico	nicaragua	0.59107
puerto_rico	costa_rica	0.77675
puerto_rico	panama	0.66895
puerto_rico	bahamas	0.82951
puerto_rico	cuba	0.77184
puerto_rico	turks_caicos_islands	0.92502
puerto_rico	cayman_islands	1.0
puerto_rico	jamaica	0.5503
puerto_rico	haiti	0.59794
puerto_rico	dominican_republic	0.79841
puerto_rico	united_states_virgin_islands	0.95459
puerto_rico	saint_kitts_nevis	0.32153
puerto_rico	antigua_barbuda	0.23393
puerto_rico	guadeloupe	0.984
puerto_rico	dominica	0.6982
puerto_rico	martinique	0.889
puerto_rico	saint_lucia	0.1854
puerto_rico	saint_vincent_grenadines	0.50899
puerto_rico	barbados	0.31415
puerto_rico	grenada	0.35616
puerto_rico	trinidad_tobago	0.08352
puerto_rico	curacao	0.89241
puerto_rico	aruba	0.41304
puerto_rico	french_guiana	0.844
puerto_rico	suriname	0.66015
puerto_rico	guyana	0.28661
puerto_rico	venezuela	0.89043
puerto_rico	colombia	0.76708
puerto_rico	ecuador	0.63976
puerto_rico	peru	0.78924
puerto_rico	bolivia	0.68911
puerto_rico	brazil	0.85933
puerto_rico	paraguay	0.59924
puerto_rico	uruguay	0.9546
puerto_rico	argentina	0.91893
puerto_rico	chile	0.89697
united_states_virgin_islands	canada	0.82006
united_states_virgin_islands	united_states	0.81788
united_states_virgin_islands	bermuda	1.0
united_states_virgin_islands	mexico	0.79517
united_states_virgin_islands	belize	0.43845
united_states_virgin_islands	guatemala	0.5203
united_states_virgin_islands	honduras	0.55315
united_states_virgin_islands	el_salvador	0.67189
united_states_virgin_islands	nicaragua	0.59107
united_states_virgin_islands	costa_rica	0.77675
united_states_virgin_islands	panama	0.66895
united_states_virgin_islands	bahamas	0.82951
united_states_virgin_islands	cuba	0.77184
united_states_virgin_islands	turks_caicos_islands	0.92502
united_states_virgin_islands	cayman_islands	1.0
united_states_virgin_islands	jamaica	0.5503
united_states_virgin_islands	haiti	0.59794
united_states_virgin_islands	dominican_republic	0.79841
united_states_virgin_islands	puerto_rico	0.93569
united_states_virgin_islands	saint_kitts_nevis	0.32153
united_states_virgin_islands	antigua_barbuda	0.23393
united_states_virgin_islands	guadeloupe	0.984
united_states_virgin_islands	dominica	0.6982
united_states_virgin_islands	martinique	0.889
united_states_virgin_islands	saint_lucia	0.1854
united_states_virgin_islands	saint_vincent_grenadines	0.50899
united_states_virgin_islands	barbados	0.31415
united_states_virgin_islands	grenada	0.35616
united_states_virgin_islands	trinidad_tobago	0.08352
united_states_virgin_islands	curacao	0.89241
united_states_virgin_islands	aruba	0.41304
united_states_virgin_islands	french_guiana	0.844
united_states_virgin_islands	suriname	0.66015
united_states_virgin_islands	guyana	0.28661
united_states_virgin_islands	venezuela	0.89043
united_states_virgin_islands	colombia	0.76708
united_states_virgin_islands	ecuador	0.63976
united_states_virgin_islands	peru	0.78924
united_states_virgin_islands	bolivia	0.68911
united_states_virgin_islands	brazil	0.85933
united_states_virgin_islands	paraguay	0.59924
united_states_virgin_islands	uruguay	0.9546
united_states_virgin_islands	argentina	0.91893
united_states_virgin_islands	chile	0.89697
saint_kitts_nevis	canada	0.82006
saint_kitts_nevis	united_states	0.81788
saint_kitts_nevis	bermuda	1.0
saint_kitts_nevis	mexico	0.79517
saint_kitts_nevis	belize	0.43845
saint_kitts_nevis	guatemala	0.5203
saint_kitts_nevis	honduras	0.55315
saint_kitts_nevis	el_salvador	0.67189
saint_kitts_nevis	nicaragua	0.59107
saint_kitts_nevis	costa_rica	0.77675
saint_kitts_nevis	panama	0.66895
saint_kitts_nevis	bahamas	0.82951
saint_kitts_nevis	cuba	0.77184
saint_kitts_nevis	turks_caicos_islands	0.92502
saint_kitts_nevis	cayman_islands	1.0
saint_kitts_nevis	jamaica	0.5503
saint_kitts_nevis	haiti	0.59794
saint_kitts_nevis	dominican_republic	0.79841
saint_kitts_nevis	puerto_rico	0.93569
saint_kitts_nevis	united_states_virgin_islands	0.95459
saint_kitts_nevis	antigua_barbuda	0.23393
saint_kitts_nevis	guadeloupe	0.984
saint_kitts_nevis	dominica	0.6982
saint_kitts_nevis	martinique	0.889
saint_kitts_nevis	saint_lucia	0.1854
saint_kitts_nevis	saint_vincent_grenadines	0.50899
saint_kitts_nevis	barbados	0.31415
saint_kitts_nevis	grenada	0.35616
saint_kitts_nevis	trinidad_tobago	0.08352
saint_kitts_nevis	curacao	0.89241
saint_kitts_nevis	aruba	0.41304
saint_kitts_nevis	french_guiana	0.844
saint_kitts_nevis	suriname	0.66015
saint_kitts_nevis	guyana	0.28661
saint_kitts_nevis	venezuela	0.89043
saint_kitts_nevis	colombia	0.76708
saint_kitts_nevis	ecuador	0.63976
saint_kitts_nevis	peru	0.78924
saint_kitts_nevis	bolivia	0.68911
saint_kitts_nevis	brazil	0.85933
saint_kitts_nevis	paraguay	0.59924
saint_kitts_nevis	uruguay	0.9546
saint_kitts_nevis	argentina	0.91893
saint_kitts_nevis	chile	0.89697
antigua_barbuda	canada	0.82006
antigua_barbuda	united_states	0.81788
antigua_barbuda	bermuda	1.0
antigua_barbuda	mexico	0.79517
antigua_barbuda	belize	0.43845
antigua_barbuda	guatemala	0.5203
antigua_barbuda	honduras	0.55315
antigua_barbuda	el_salvador	0.67189
antigua_barbuda	nicaragua	0.59107
antigua_barbuda	costa_rica	0.77675
antigua_barbuda	panama	0.66895
antigua_barbuda	bahamas	0.82951
antigua_barbuda	cuba	0.77184
antigua_barbuda	turks_caicos_islands	0.92502
antigua_barbuda	cayman_islands	1.0
antigua_barbuda	jamaica	0.5503
antigua_barbuda	haiti	0.59794
antigua_barbuda	dominican_republic	0.79841
antigua_barbuda	puerto_rico	0.93569
antigua_barbuda	united_states_virgin_islands	0.95459
antigua_barbuda	saint_kitts_nevis	0.32153
antigua_barbuda	guadeloupe	0.984
antigua_barbuda	dominica	0.6982
antigua_barbuda	martinique	0.889
antigua_barbuda	saint_lucia	0.1854
antigua_barbuda	saint_vincent_grenadines	0.50899
antigua_barbuda	barbados	0.31415
antigua_barbuda	grenada	0.35616
antigua_barbuda	trinidad_tobago	0.08352
antigua_barbuda	curacao	0.89241
antigua_barbuda	aruba	0.41304
antigua_barbuda	french_guiana	0.844
antigua_barbuda	suriname	0.66015
antigua_barbuda	guyana	0.28661
antigua_barbuda	venezuela	0.89043
antigua_barbuda	colombia	0.76708
antigua_barbuda	ecuador	0.63976
antigua_barbuda	peru	0.78924
antigua_barbuda	bolivia	0.68911
antigua_barbuda	brazil	0.85933
antigua_barbuda	paraguay	0.59924
antigua_barbuda	uruguay	0.9546
antigua_barbuda	argentina	0.91893
antigua_barbuda	chile	0.89697
guadeloupe	canada	0.82006
guadeloupe	united_states	0.81788
guadeloupe	bermuda	1.0
guadeloupe	mexico	0.79517
guadeloupe	belize	0.43845
guadeloupe	guatemala	0.5203
guadeloupe	honduras	0.55315
guadeloupe	el_salvador	0.67189
guadeloupe	nicaragua	0.59107
guadeloupe	costa_rica	0.77675
guadeloupe	panama	0.66895
guadeloupe	bahamas	0.82951
guadeloupe	cuba	0.77184
guadeloupe	turks_caicos_islands	0.92502
guadeloupe	cayman_islands	1.0
guadeloupe	jamaica	0.5503
guadeloupe	haiti	0.59794
guadeloupe	dominican_republic	0.79841
guadeloupe	puerto_rico	0.93569
guadeloupe	united_states_virgin_islands	0.95459
guadeloupe	saint_kitts_nevis	0.32153
guadeloupe	antigua_barbuda	0.23393
guadeloupe	dominica	0.6982
guadeloupe	martinique	0.889
guadeloupe	saint_lucia	0.1854
guadeloupe	saint_vincent_grenadines	0.50899
guadeloupe	barbados	0.31415
guadeloupe	grenada	0.35616
guadeloupe	trinidad_tobago	0.08352
guadeloupe	curacao	0.89241
guadeloupe	aruba	0.41304
guadeloupe	french_guiana	0.844
guadeloupe	suriname	0.66015
guadeloupe	guyana	0.28661
guadeloupe	venezuela	0.89043
guadeloupe	colombia	0.76708
guadeloupe	ecuador	0.63976
guadeloupe	peru	0.78924
guadeloupe	bolivia	0.68911
guadeloupe	brazil	0.85933
guadeloupe	paraguay	0.59924
guadeloupe	uruguay	0.9546
guadeloupe	argentina	0.91893
guadeloupe	chile	0.89697
dominica	canada	0.82006
dominica	united_states	0.81788
dominica	bermuda	1.0
dominica	mexico	0.79517
dominica	belize	0.43845
dominica	guatemala	0.5203
dominica	honduras	0.55315
dominica	el_salvador	0.67189
dominica	nicaragua	0.59107
dominica	costa_rica	0.77675
dominica	panama	0.66895
dominica	bahamas	0.82951
dominica	cuba	0.77184
dominica	turks_caicos_islands	0.92502
dominica	cayman_islands	1.0
dominica	jamaica	0.5503
dominica	haiti	0.59794
dominica	dominican_republic	0.79841
dominica	puerto_rico	0.93569
dominica	united_states_virgin_islands	0.95459
dominica	saint_kitts_nevis	0.32153
dominica	antigua_barbuda	0.23393
dominica	guadeloupe	0.984
dominica	martinique	0.889
dominica	saint_lucia	0.1854
dominica	saint_vincent_grenadines	0.50899
dominica	barbados	0.31415
dominica	grenada	0.35616
dominica	trinidad_tobago	0.08352
dominica	curacao	0.89241
dominica	aruba	0.41304
dominica	french_guiana	0.844
dominica	suriname	0.66015
dominica	guyana	0.28661
dominica	venezuela	0.89043
dominica	colombia	0.76708
dominica	ecuador	0.63976
dominica	peru	0.78924
dominica	bolivia	0.68911
dominica	brazil	0.85933
dominica	paraguay	0.59924
dominica	uruguay	0.9546
dominica	argentina	0.91893
dominica	chile	0.89697
martinique	canada	0.82006
martinique	united_states	0.81788
martinique	bermuda	1.0
martinique	mexico	0.79517
martinique	belize	0.43845
martinique	guatemala	0.5203
martinique	honduras	0.55315
martinique	el_salvador	0.67189
martinique	nicaragua	0.59107
martinique	costa_rica	0.77675
martinique	panama	0.66895
martinique	bahamas	0.82951
martinique	cuba	0.77184
martinique	turks_caicos_islands	0.92502
martinique	cayman_islands	1.0
martinique	jamaica	0.5503
martinique	haiti	0.59794
martinique	dominican_republic	0.79841
martinique	puerto_rico	0.93569
martinique	united_states_virgin_islands	0.95459
martinique	saint_kitts_nevis	0.32153
martinique	antigua_barbuda	0.23393
martinique	guadeloupe	0.984
martinique	dominica	0.6982
martinique	saint_lucia	0.1854
martinique	saint_vincent_grenadines	0.50899
martinique	barbados	0.31415
martinique	grenada	0.35616
martinique	trinidad_tobago	0.08352
martinique	curacao	0.89241
martinique	aruba	0.41304
martinique	french_guiana	0.844
martinique	suriname	0.66015
martinique	guyana	0.28661
martinique	venezuela	0.89043
martinique	colombia	0.76708
martinique	ecuador	0.63976
martinique	peru	0.78924
martinique	bolivia	0.68911
martinique	brazil	0.85933
martinique	paraguay	0.59924
martinique	uruguay	0.9546
martinique	argentina	0.91893
martinique	chile	0.89697
saint_lucia	canada	0.82006
saint_lucia	united_states	0.81788
saint_lucia	bermuda	1.0
saint_lucia	mexico	0.79517
saint_lucia	belize	0.43845
saint_lucia	guatemala	0.5203
saint_lucia	honduras	0.55315
saint_lucia	el_salvador	0.67189
saint_lucia	nicaragua	0.59107
saint_lucia	costa_rica	0.77675
saint_lucia	panama	0.66895
saint_lucia	bahamas	0.82951
saint_lucia	cuba	0.77184
saint_lucia	turks_caicos_islands	0.92502
saint_lucia	cayman_islands	1.0
saint_lucia	jamaica	0.5503
saint_lucia	haiti	0.59794
saint_lucia	dominican_republic	0.79841
saint_lucia	puerto_rico	0.93569
saint_lucia	united_states_virgin_islands	0.95459
saint_lucia	saint_kitts_nevis	0.32153
saint_lucia	antigua_barbuda	0.23393
saint_lucia	guadeloupe	0.984
saint_lucia	dominica	0.6982
saint_lucia	martinique	0.889
saint_lucia	saint_vincent_grenadines	0.50899
saint_lucia	barbados	0.31415
saint_lucia	grenada	0.35616
saint_lucia	trinidad_tobago	0.08352
saint_lucia	curacao	0.89241
saint_lucia	aruba	0.41304
saint_lucia	french_guiana	0.844
saint_lucia	suriname	0.66015
saint_lucia	guyana	0.28661
saint_lucia	venezuela	0.89043
saint_lucia	colombia	0.76708
saint_lucia	ecuador	0.63976
saint_lucia	peru	0.78924
saint_lucia	bolivia	0.68911
saint_lucia	brazil	0.85933
saint_lucia	paraguay	0.59924
saint_lucia	uruguay	0.9546
saint_lucia	argentina	0.91893
saint_lucia	chile	0.89697
saint_vincent_grenadines	canada	0.82006
saint_vincent_grenadines	united_states	0.81788
saint_vincent_grenadines	bermuda	1.0
saint_vincent_grenadines	mexico	0.79517
saint_vincent_grenadines	belize	0.43845
saint_vincent_grenadines	guatemala	0.5203
saint_vincent_grenadines	honduras	0.55315
saint_vincent_grenadines	el_salvador	0.67189
saint_vincent_grenadines	nicaragua	0.59107
saint_vincent_grenadines	costa_rica	0.77675
saint_vincent_grenadines	panama	0.66895
saint_vincent_grenadines	bahamas	0.82951
saint_vincent_grenadines	cuba	0.77184
saint_vincent_grenadines	turks_caicos_islands	0.92502
saint_vincent_grenadines	cayman_islands	1.0
saint_vincent_grenadines	jamaica	0.5503
saint_vincent_grenadines	haiti	0.59794
saint_vincent_grenadines	dominican_republic	0.79841
saint_vincent_grenadines	puerto_rico	0.93569
saint_vincent_grenadines	united_states_virgin_islands	0.95459
saint_vincent_grenadines	saint_kitts_nevis	0.32153
saint_vincent_grenadines	antigua_barbuda	0.23393
saint_vincent_grenadines	guadeloupe	0.984
saint_vincent_grenadines	dominica	0.6982
saint_vincent_grenadines	martinique	0.889
saint_vincent_grenadines	saint_lucia	0.1854
saint_vincent_grenadines	barbados	0.31415
saint_vincent_grenadines	grenada	0.35616
saint_vincent_grenadines	trinidad_tobago	0.08352
saint_vincent_grenadines	curacao	0.89241
saint_vincent_grenadines	aruba	0.41304
saint_vincent_grenadines	french_guiana	0.844
saint_vincent_grenadines	suriname	0.66015
saint_vincent_grenadines	guyana	0.28661
saint_vincent_grenadines	venezuela	0.89043
saint_vincent_grenadines	colombia	0.76708
saint_vincent_grenadines	ecuador	0.63976
saint_vincent_grenadines	peru	0.78924
saint_vincent_grenadines	bolivia	0.68911
saint_vincent_grenadines	brazil	0.85933
saint_vincent_grenadines	paraguay	0.59924
saint_vincent_grenadines	uruguay	0.9546
saint_vincent_grenadines	argentina	0.91893
saint_vincent_grenadines	chile	0.89697
barbados	canada	0.82006
barbados	united_states	0.81788
barbados	bermuda	1.0
barbados	mexico	0.79517
barbados	belize	0.43845
barbados	guatemala	0.5203
barbados	honduras	0.55315
barbados	el_salvador	0.67189
barbados	nicaragua	0.59107
barbados	costa_rica	0.77675
barbados	panama	0.66895
barbados	bahamas	0.82951
barbados	cuba	0.77184
barbados	turks_caicos_islands	0.92502
barbados	cayman_islands	1.0
barbados	jamaica	0.5503
barbados	haiti	0.59794
barbados	dominican_republic	0.79841
barbados	puerto_rico	0.93569
barbados	united_states_virgin_islands	0.95459
barbados	saint_kitts_nevis	0.32153
barbados	antigua_barbuda	0.23393
barbados	guadeloupe	0.984
barbados	dominica	0.6982
barbados	martinique	0.889
barbados	saint_lucia	0.1854
barbados	saint_vincent_grenadines	0.50899
barbados	grenada	0.35616
barbados	trinidad_tobago	0.08352
barbados	curacao	0.89241
barbados	aruba	0.41304
barbados	french_guiana	0.844
barbados	suriname	0.66015
barbados	guyana	0.28661
barbados	venezuela	0.89043
barbados	colombia	0.76708
barbados	ecuador	0.63976
barbados	peru	0.78924
barbados	bolivia	0.68911
barbados	brazil	0.85933
barbados	paraguay	0.59924
barbados	uruguay	0.9546
barbados	argentina	0.91893
barbados	chile	0.89697
grenada	canada	0.82006
grenada	united_states	0.81788
grenada	bermuda	1.0
grenada	mexico	0.79517
grenada	belize	0.43845
grenada	guatemala	0.5203
grenada	honduras	0.55315
grenada	el_salvador	0.67189
grenada	nicaragua	0.59107
grenada	costa_rica	0.77675
grenada	panama	0.66895
grenada	bahamas	0.82951
grenada	cuba	0.77184
grenada	turks_caicos_islands	0.92502
grenada	cayman_islands	1.0
grenada	jamaica	0.5503
grenada	haiti	0.59794
grenada	dominican_republic	0.79841
grenada	puerto_rico	0.93569
grenada	united_states_virgin_islands	0.95459
grenada	saint_kitts_nevis	0.32153
grenada	antigua_barbuda	0.23393
grenada	guadeloupe	0.984
grenada	dominica	0.6982
grenada	martinique	0.889
grenada	saint_lucia	0.1854
grenada	saint_vincent_grenadines	0.50899
grenada	barbados	0.31415
grenada	trinidad_tobago	0.08352
grenada	curacao	0.89241
grenada	aruba	0.41304
grenada	french_guiana	0.844
grenada	suriname	0.66015
grenada	guyana	0.28661
grenada	venezuela	0.89043
grenada	colombia	0.76708
grenada	ecuador	0.63976
grenada	peru	0.78924
grenada	bolivia	0.68911
grenada	brazil	0.85933
grenada	paraguay	0.59924
grenada	uruguay	0.9546
grenada	argentina	0.91893
grenada	chile	0.89697
trinidad_tobago	canada	0.82006
trinidad_tobago	united_states	0.81788
trinidad_tobago	bermuda	1.0
trinidad_tobago	mexico	0.79517
trinidad_tobago	belize	0.43845
trinidad_tobago	guatemala	0.5203
trinidad_tobago	honduras	0.55315
trinidad_tobago	el_salvador	0.67189
trinidad_tobago	nicaragua	0.59107
trinidad_tobago	costa_rica	0.77675
trinidad_tobago	panama	0.66895
trinidad_tobago	bahamas	0.82951
trinidad_tobago	cuba	0.77184
trinidad_tobago	turks_caicos_islands	0.92502
trinidad_tobago	cayman_islands	1.0
trinidad_tobago	jamaica	0.5503
trinidad_tobago	haiti	0.59794
trinidad_tobago	dominican_republic	0.79841
trinidad_tobago	puerto_rico	0.93569
trinidad_tobago	united_states_virgin_islands	0.95459
trinidad_tobago	saint_kitts_nevis	0.32153
trinidad_tobago	antigua_barbuda	0.23393
trinidad_tobago	guadeloupe	0.984
trinidad_tobago	dominica	0.6982
trinidad_tobago	martinique	0.889
trinidad_tobago	saint_lucia	0.1854
trinidad_tobago	saint_vincent_grenadines	0.50899
trinidad_tobago	barbados	0.31415
trinidad_tobago	grenada	0.35616
trinidad_tobago	curacao	0.89241
trinidad_tobago	aruba	0.41304
trinidad_tobago	french_guiana	0.844
trinidad_tobago	suriname	0.66015
trinidad_tobago	guyana	0.28661
trinidad_tobago	venezuela	0.89043
trinidad_tobago	colombia	0.76708
trinidad_tobago	ecuador	0.63976
trinidad_tobago	peru	0.78924
trinidad_tobago	bolivia	0.68911
trinidad_tobago	brazil	0.85933
trinidad_tobago	paraguay	0.59924
trinidad_tobago	uruguay	0.9546
trinidad_tobago	argentina	0.91893
trinidad_tobago	chile	0.89697
curacao	canada	0.82006
curacao	united_states	0.81788
curacao	bermuda	1.0
curacao	mexico	0.79517
curacao	belize	0.43845
curacao	guatemala	0.5203
curacao	honduras	0.55315
curacao	el_salvador	0.67189
curacao	nicaragua	0.59107
curacao	costa_rica	0.77675
curacao	panama	0.66895
curacao	bahamas	0.82951
curacao	cuba	0.77184
curacao	turks_caicos_islands	0.92502
curacao	cayman_islands	1.0
curacao	jamaica	0.5503
curacao	haiti	0.59794
curacao	dominican_republic	0.79841
curacao	puerto_rico	0.93569
curacao	united_states_virgin_islands	0.95459
curacao	saint_kitts_nevis	0.32153
curacao	antigua_barbuda	0.23393
curacao	guadeloupe	0.984
curacao	dominica	0.6982
curacao	martinique	0.889
curacao	saint_lucia	0.1854
curacao	saint_vincent_grenadines	0.50899
curacao	barbados	0.31415
curacao	grenada	0.35616
curacao	trinidad_tobago	0.08352
curacao	aruba	0.41304
curacao	french_guiana	0.844
curacao	suriname	0.66015
curacao	guyana	0.28661
curacao	venezuela	0.89043
curacao	colombia	0.76708
curacao	ecuador	0.63976
curacao	peru	0.78924
curacao	bolivia	0.68911
curacao	brazil	0.85933
curacao	paraguay	0.59924
curacao	uruguay	0.9546
curacao	argentina	0.91893
curacao	chile	0.89697
aruba	canada	0.82006
aruba	united_states	0.81788
aruba	bermuda	1.0
aruba	mexico	0.79517
aruba	belize	0.43845
aruba	guatemala	0.5203
aruba	honduras	0.55315
aruba	el_salvador	0.67189
aruba	nicaragua	0.59107
aruba	costa_rica	0.77675
aruba	panama	0.66895
aruba	bahamas	0.82951
aruba	cuba	0.77184
aruba	turks_caicos_islands	0.92502
aruba	cayman_islands	1.0
aruba	jamaica	0.5503
aruba	haiti	0.59794
aruba	dominican_republic	0.79841
aruba	puerto_rico	0.93569
aruba	united_states_virgin_islands	0.95459
aruba	saint_kitts_nevis	0.32153
aruba	antigua_barbuda	0.23393
aruba	guadeloupe	0.984
aruba	dominica	0.6982
aruba	martinique	0.889
aruba	saint_lucia	0.1854
aruba	saint_vincent_grenadines	0.50899
aruba	barbados	0.31415
aruba	grenada	0.35616
aruba	trinidad_tobago	0.08352
aruba	curacao	0.89241
aruba	french_guiana	0.844
aruba	suriname	0.66015
aruba	guyana	0.28661
aruba	venezuela	0.89043
aruba	colombia	0.76708
aruba	ecuador	0.63976
aruba	peru	0.78924
aruba	bolivia	0.68911
aruba	brazil	0.85933
aruba	paraguay	0.59924
aruba	uruguay	0.9546
aruba	argentina	0.91893
aruba	chile	0.89697
french_guiana	canada	0.82006
french_guiana	united_states	0.81788
french_guiana	bermuda	1.0
french_guiana	mexico	0.79517
french_guiana	belize	0.43845
french_guiana	guatemala	0.5203
french_guiana	honduras	0.55315
french_guiana	el_salvador	0.67189
french_guiana	nicaragua	0.59107
french_guiana	costa_rica	0.77675
french_guiana	panama	0.66895
french_guiana	bahamas	0.82951
french_guiana	cuba	0.77184
french_guiana	turks_caicos_islands	0.92502
french_guiana	cayman_islands	1.0
french_guiana	jamaica	0.5503
french_guiana	haiti	0.59794
french_guiana	dominican_republic	0.79841
french_guiana	puerto_rico	0.93569
french_guiana	united_states_virgin_islands	0.95459
french_guiana	saint_kitts_nevis	0.32153
french_guiana	antigua_barbuda	0.23393
french_guiana	guadeloupe	0.984
french_guiana	dominica	0.6982
french_guiana	martinique	0.889
french_guiana	saint_lucia	0.1854
french_guiana	saint_vincent_grenadines	0.50899
french_guiana	barbados	0.31415
french_guiana	grenada	0.35616
french_guiana	trinidad_tobago	0.08352
french_guiana	curacao	0.89241
french_guiana	aruba	0.41304
french_guiana	suriname	0.66015
french_guiana	guyana	0.28661
french_guiana	venezuela	0.89043
french_guiana	colombia	0.76708
french_guiana	ecuador	0.63976
french_guiana	peru	0.78924
french_guiana	bolivia	0.68911
french_guiana	brazil	0.85933
french_guiana	paraguay	0.59924
french_guiana	uruguay	0.9546
french_guiana	argentina	0.91893
french_guiana	chile	0.89697
suriname	canada	0.82006
suriname	united_states	0.81788
suriname	bermuda	1.0
suriname	mexico	0.79517
suriname	belize	0.43845
suriname	guatemala	0.5203
suriname	honduras	0.55315
suriname	el_salvador	0.67189
suriname	nicaragua	0.59107
suriname	costa_rica	0.77675
suriname	panama	0.66895
suriname	bahamas	0.82951
suriname	cuba	0.77184
suriname	turks_caicos_islands	0.92502
suriname	cayman_islands	1.0
suriname	jamaica	0.5503
suriname	haiti	0.59794
suriname	dominican_republic	0.79841
suriname	puerto_rico	0.93569
suriname	united_states_virgin_islands	0.95459
suriname	saint_kitts_nevis	0.32153
suriname	antigua_barbuda	0.23393
suriname	guadeloupe	0.984
suriname	dominica	0.6982
suriname	martinique	0.889
suriname	saint_lucia	0.1854
suriname	saint_vincent_grenadines	0.50899
suriname	barbados	0.31415
suriname	grenada	0.35616
suriname	trinidad_tobago	0.08352
suriname	curacao	0.89241
suriname	aruba	0.41304
suriname	french_guiana	0.844
suriname	guyana	0.28661
suriname	venezuela	0.89043
suriname	colombia	0.76708
suriname	ecuador	0.63976
suriname	peru	0.78924
suriname	bolivia	0.68911
suriname	brazil	0.85933
suriname	paraguay	0.59924
suriname	uruguay	0.9546
suriname	argentina	0.91893
suriname	chile	0.89697
guyana	canada	0.82006
guyana	united_states	0.81788
guyana	bermuda	1.0
guyana	mexico	0.79517
guyana	belize	0.43845
guyana	guatemala	0.5203
guyana	honduras	0.55315
guyana	el_salvador	0.67189
guyana	nicaragua	0.59107
guyana	costa_rica	0.77675
guyana	panama	0.66895
guyana	bahamas	0.82951
guyana	cuba	0.77184
guyana	turks_caicos_islands	0.92502
guyana	cayman_islands	1.0
guyana	jamaica	0.5503
guyana	haiti	0.59794
guyana	dominican_republic	0.79841
guyana	puerto_rico	0.93569
guyana	united_states_virgin_islands	0.95459
guyana	saint_kitts_nevis	0.32153
guyana	antigua_barbuda	0.23393
guyana	guadeloupe	0.984
guyana	dominica	0.6982
guyana	martinique	0.889
guyana	saint_lucia	0.1854
guyana	saint_vincent_grenadines	0.50899
guyana	barbados	0.31415
guyana	grenada	0.35616
guyana	trinidad_tobago	0.08352
guyana	curacao	0.89241
guyana	aruba	0.41304
guyana	french_guiana	0.844
guyana	suriname	0.66015
guyana	venezuela	0.89043
guyana	colombia	0.76708
guyana	ecuador	0.63976
guyana	peru	0.78924
guyana	bolivia	0.68911
guyana	brazil	0.85933
guyana	paraguay	0.59924
guyana	uruguay	0.9546
guyana	argentina	0.91893
guyana	chile	0.89697
venezuela	canada	0.82006
venezuela	united_states	0.81788
venezuela	bermuda	1.0
venezuela	mexico	0.79517
venezuela	belize	0.43845
venezuela	guatemala	0.5203
venezuela	honduras	0.55315
venezuela	el_salvador	0.67189
venezuela	nicaragua	0.59107
venezuela	costa_rica	0.77675
venezuela	panama	0.66895
venezuela	bahamas	0.82951
venezuela	cuba	0.77184
venezuela	turks_caicos_islands	0.92502
venezuela	cayman_islands	1.0
venezuela	jamaica	0.5503
venezuela	haiti	0.59794
venezuela	dominican_republic	0.79841
venezuela	puerto_rico	0.93569
venezuela	united_states_virgin_islands	0.95459
venezuela	saint_kitts_nevis	0.32153
venezuela	antigua_barbuda	0.23393
venezuela	guadeloupe	0.984
venezuela	dominica	0.6982
venezuela	martinique	0.889
venezuela	saint_lucia	0.1854
venezuela	saint_vincent_grenadines	0.50899
venezuela	barbados	0.31415
venezuela	grenada	0.35616
venezuela	trinidad_tobago	0.08352
venezuela	curacao	0.89241
venezuela	aruba	0.41304
venezuela	french_guiana	0.844
venezuela	suriname	0.66015
venezuela	guyana	0.28661
venezuela	colombia	0.76708
venezuela	ecuador	0.63976
venezuela	peru	0.78924
venezuela	bolivia	0.68911
venezuela	brazil	0.85933
venezuela	paraguay	0.59924
venezuela	uruguay	0.9546
venezuela	argentina	0.91893
venezuela	chile	0.89697
colombia	canada	0.82006
colombia	united_states	0.81788
colombia	bermuda	1.0
colombia	mexico	0.79517
colombia	belize	0.43845
colombia	guatemala	0.5203
colombia	honduras	0.55315
colombia	el_salvador	0.67189
colombia	nicaragua	0.59107
colombia	costa_rica	0.77675
colombia	panama	0.66895
colombia	bahamas	0.82951
colombia	cuba	0.77184
colombia	turks_caicos_islands	0.92502
colombia	cayman_islands	1.0
colombia	jamaica	0.5503
colombia	haiti	0.59794
colombia	dominican_republic	0.79841
colombia	puerto_rico	0.93569
colombia	united_states_virgin_islands	0.95459
colombia	saint_kitts_nevis	0.32153
colombia	antigua_barbuda	0.23393
colombia	guadeloupe	0.984
colombia	dominica	0.6982
colombia	martinique	0.889
colombia	saint_lucia	0.1854
colombia	saint_vincent_grenadines	0.50899
colombia	barbados	0.31415
colombia	grenada	0.35616
colombia	trinidad_tobago	0.08352
colombia	curacao	0.89241
colombia	aruba	0.41304
colombia	french_guiana	0.844
colombia	suriname	0.66015
colombia	guyana	0.28661
colombia	venezuela	0.89043
colombia	ecuador	0.63976
colombia	peru	0.78924
colombia	bolivia	0.68911
colombia	brazil	0.85933
colombia	paraguay	0.59924
colombia	uruguay	0.9546
colombia	argentina	0.91893
colombia	chile	0.89697
ecuador	canada	0.82006
ecuador	united_states	0.81788
ecuador	bermuda	1.0
ecuador	mexico	0.79517
ecuador	belize	0.43845
ecuador	guatemala	0.5203
ecuador	honduras	0.55315
ecuador	el_salvador	0.67189
ecuador	nicaragua	0.59107
ecuador	costa_rica	0.77675
ecuador	panama	0.66895
ecuador	bahamas	0.82951
ecuador	cuba	0.77184
ecuador	turks_caicos_islands	0.92502
ecuador	cayman_islands	1.0
ecuador	jamaica	0.5503
ecuador	haiti	0.59794
ecuador	dominican_republic	0.79841
ecuador	puerto_rico	0.93569
ecuador	united_states_virgin_islands	0.95459
ecuador	saint_kitts_nevis	0.32153
ecuador	antigua_barbuda	0.23393
ecuador	guadeloupe	0.984
ecuador	dominica	0.6982
ecuador	martinique	0.889
ecuador	saint_lucia	0.1854
ecuador	saint_vincent_grenadines	0.50899
ecuador	barbados	0.31415
ecuador	grenada	0.35616
ecuador	trinidad_tobago	0.08352
ecuador	curacao	0.89241
ecuador	aruba	0.41304
ecuador	french_guiana	0.844
ecuador	suriname	0.66015
ecuador	guyana	0.28661
ecuador	venezuela	0.89043
ecuador	colombia	0.76708
ecuador	peru	0.78924
ecuador	bolivia	0.68911
ecuador	brazil	0.85933
ecuador	paraguay	0.59924
ecuador	uruguay	0.9546
ecuador	argentina	0.91893
ecuador	chile	0.89697
peru	canada	0.82006
peru	united_states	0.81788
peru	bermuda	1.0
peru	mexico	0.79517
peru	belize	0.43845
peru	guatemala	0.5203
peru	honduras	0.55315
peru	el_salvador	0.67189
peru	nicaragua	0.59107
peru	costa_rica	0.77675
peru	panama	0.66895
peru	bahamas	0.82951
peru	cuba	0.77184
peru	turks_caicos_islands	0.92502
peru	cayman_islands	1.0
peru	jamaica	0.5503
peru	haiti	0.59794
peru	dominican_republic	0.79841
peru	puerto_rico	0.93569
peru	united_states_virgin_islands	0.95459
peru	saint_kitts_nevis	0.32153
peru	antigua_barbuda	0.23393
peru	guadeloupe	0.984
peru	dominica	0.6982
peru	martinique	0.889
peru	saint_lucia	0.1854
peru	saint_vincent_grenadines	0.50899
peru	barbados	0.31415
peru	grenada	0.35616
peru	trinidad_tobago	0.08352
peru	curacao	0.89241
peru	aruba	0.41304
peru	french_guiana	0.844
peru	suriname	0.66015
peru	guyana	0.28661
peru	venezuela	0.89043
peru	colombia	0.76708
peru	ecuador	0.63976
peru	bolivia	0.68911
peru	brazil	0.85933
peru	paraguay	0.59924
peru	uruguay	0.9546
peru	argentina	0.91893
peru	chile	0.89697
bolivia	canada	0.82006
bolivia	united_states	0.81788
bolivia	bermuda	1.0
bolivia	mexico	0.79517
bolivia	belize	0.43845
bolivia	guatemala	0.5203
bolivia	honduras	0.55315
bolivia	el_salvador	0.67189
bolivia	nicaragua	0.59107
bolivia	costa_rica	0.77675
bolivia	panama	0.66895
bolivia	bahamas	0.82951
bolivia	cuba	0.77184
bolivia	turks_caicos_islands	0.92502
bolivia	cayman_islands	1.0
bolivia	jamaica	0.5503
bolivia	haiti	0.59794
bolivia	dominican_republic	0.79841
bolivia	puerto_rico	0.93569
bolivia	united_states_virgin_islands	0.95459
bolivia	saint_kitts_nevis	0.32153
bolivia	antigua_barbuda	0.23393
bolivia	guadeloupe	0.984
bolivia	dominica	0.6982
bolivia	martinique	0.889
bolivia	saint_lucia	0.1854
bolivia	saint_vincent_grenadines	0.50899
bolivia	barbados	0.31415
bolivia	grenada	0.35616
bolivia	trinidad_tobago	0.08352
bolivia	curacao	0.89241
bolivia	aruba	0.41304
bolivia	french_guiana	0.844
bolivia	suriname	0.66015
bolivia	guyana	0.28661
bolivia	venezuela	0.89043
bolivia	colombia	0.76708
bolivia	ecuador	0.63976
bolivia	peru	0.78924
bolivia	brazil	0.85933
bolivia	paraguay	0.59924
bolivia	uruguay	0.9546
bolivia	argentina	0.91893
bolivia	chile	0.89697
brazil	canada	0.82006
brazil	united_states	0.81788
brazil	bermuda	1.0
brazil	mexico	0.79517
brazil	belize	0.43845
brazil	guatemala	0.5203
brazil	honduras	0.55315
brazil	el_salvador	0.67189
brazil	nicaragua	0.59107
brazil	costa_rica	0.77675
brazil	panama	0.66895
brazil	bahamas	0.82951
brazil	cuba	0.77184
brazil	turks_caicos_islands	0.92502
brazil	cayman_islands	1.0
brazil	jamaica	0.5503
brazil	haiti	0.59794
brazil	dominican_republic	0.79841
brazil	puerto_rico	0.93569
brazil	united_states_virgin_islands	0.95459
brazil	saint_kitts_nevis	0.32153
brazil	antigua_barbuda	0.23393
brazil	guadeloupe	0.984
brazil	dominica	0.6982
brazil	martinique	0.889
brazil	saint_lucia	0.1854
brazil	saint_vincent_grenadines	0.50899
brazil	barbados	0.31415
brazil	grenada	0.35616
brazil	trinidad_tobago	0.08352
brazil	curacao	0.89241
brazil	aruba	0.41304
brazil	french_guiana	0.844
brazil	suriname	0.66015
brazil	guyana	0.28661
brazil	venezuela	0.89043
brazil	colombia	0.76708
brazil	ecuador	0.63976
brazil	peru	0.78924
brazil	bolivia	0.68911
brazil	paraguay	0.59924
brazil	uruguay	0.9546
brazil	argentina	0.91893
brazil	chile	0.89697
paraguay	canada	0.82006
paraguay	united_states	0.81788
paraguay	bermuda	1.0
paraguay	mexico	0.79517
paraguay	belize	0.43845
paraguay	guatemala	0.5203
paraguay	honduras	0.55315
paraguay	el_salvador	0.67189
paraguay	nicaragua	0.59107
paraguay	costa_rica	0.77675
paraguay	panama	0.66895
paraguay	bahamas	0.82951
paraguay	cuba	0.77184
paraguay	turks_caicos_islands	0.92502
paraguay	cayman_islands	1.0
paraguay	jamaica	0.5503
paraguay	haiti	0.59794
paraguay	dominican_republic	0.79841
paraguay	puerto_rico	0.93569
paraguay	united_states_virgin_islands	0.95459
paraguay	saint_kitts_nevis	0.32153
paraguay	antigua_barbuda	0.23393
paraguay	guadeloupe	0.984
paraguay	dominica	0.6982
paraguay	martinique	0.889
paraguay	saint_lucia	0.1854
paraguay	saint_vincent_grenadines	0.50899
paraguay	barbados	0.31415
paraguay	grenada	0.35616
paraguay	trinidad_tobago	0.08352
paraguay	curacao	0.89241
paraguay	aruba	0.41304
paraguay	french_guiana	0.844
paraguay	suriname	0.66015
paraguay	guyana	0.28661
paraguay	venezuela	0.89043
paraguay	colombia	0.76708
paraguay	ecuador	0.63976
paraguay	peru	0.78924
paraguay	bolivia	0.68911
paraguay	brazil	0.85933
paraguay	uruguay	0.9546
paraguay	argentina	0.91893
paraguay	chile	0.89697
uruguay	canada	0.82006
uruguay	united_states	0.81788
uruguay	bermuda	1.0
uruguay	mexico	0.79517
uruguay	belize	0.43845
uruguay	guatemala	0.5203
uruguay	honduras	0.55315
uruguay	el_salvador	0.67189
uruguay	nicaragua	0.59107
uruguay	costa_rica	0.77675
uruguay	panama	0.66895
uruguay	bahamas	0.82951
uruguay	cuba	0.77184
uruguay	turks_caicos_islands	0.92502
uruguay	cayman_islands	1.0
uruguay	jamaica	0.5503
uruguay	haiti	0.59794
uruguay	dominican_republic	0.79841
uruguay	puerto_rico	0.93569
uruguay	united_states_virgin_islands	0.95459
uruguay	saint_kitts_nevis	0.32153
uruguay	antigua_barbuda	0.23393
uruguay	guadeloupe	0.984
uruguay	dominica	0.6982
uruguay	martinique	0.889
uruguay	saint_lucia	0.1854
uruguay	saint_vincent_grenadines	0.50899
uruguay	barbados	0.31415
uruguay	grenada	0.35616
uruguay	trinidad_tobago	0.08352
uruguay	curacao	0.89241
uruguay	aruba	0.41304
uruguay	french_guiana	0.844
uruguay	suriname	0.66015
uruguay	guyana	0.28661
uruguay	venezuela	0.89043
uruguay	colombia	0.76708
uruguay	ecuador	0.63976
uruguay	peru	0.78924
uruguay	bolivia	0.68911
uruguay	brazil	0.85933
uruguay	paraguay	0.59924
uruguay	argentina	0.91893
uruguay	chile	0.89697
argentina	canada	0.82006
argentina	united_states	0.81788
argentina	bermuda	1.0
argentina	mexico	0.79517
argentina	belize	0.43845
argentina	guatemala	0.5203
argentina	honduras	0.55315
argentina	el_salvador	0.67189
argentina	nicaragua	0.59107
argentina	costa_rica	0.77675
argentina	panama	0.66895
argentina	bahamas	0.82951
argentina	cuba	0.77184
argentina	turks_caicos_islands	0.92502
argentina	cayman_islands	1.0
argentina	jamaica	0.5503
argentina	haiti	0.59794
argentina	dominican_republic	0.79841
argentina	puerto_rico	0.93569
argentina	united_states_virgin_islands	0.95459
argentina	saint_kitts_nevis	0.32153
argentina	antigua_barbuda	0.23393
argentina	guadeloupe	0.984
argentina	dominica	0.6982
argentina	martinique	0.889
argentina	saint_lucia	0.1854
argentina	saint_vincent_grenadines	0.50899
argentina	barbados	0.31415
argentina	grenada	0.35616
argentina	trinidad_tobago	0.08352
argentina	curacao	0.89241
argentina	aruba	0.41304
argentina	french_guiana	0.844
argentina	suriname	0.66015
argentina	guyana	0.28661
argentina	venezuela	0.89043
argentina	colombia	0.76708
argentina	ecuador	0.63976
argentina	peru	0.78924
argentina	bolivia	0.68911
argentina	brazil	0.85933
argentina	paraguay	0.59924
argentina	uruguay	0.9546
argentina	chile	0.89697
chile	canada	0.82006
chile	united_states	0.81788
chile	bermuda	1.0
chile	mexico	0.79517
chile	belize	0.43845
chile	guatemala	0.5203
chile	honduras	0.55315
chile	el_salvador	0.67189
chile	nicaragua	0.59107
chile	costa_rica	0.77675
chile	panama	0.66895
chile	bahamas	0.82951
chile	cuba	0.77184
chile	turks_caicos_islands	0.92502
chile	cayman_islands	1.0
chile	jamaica	0.5503
chile	haiti	0.59794
chile	dominican_republic	0.79841
chile	puerto_rico	0.93569
chile	united_states_virgin_islands	0.95459
chile	saint_kitts_nevis	0.32153
chile	antigua_barbuda	0.23393
chile	guadeloupe	0.984
chile	dominica	0.6982
chile	martinique	0.889
chile	saint_lucia	0.1854
chile	saint_vincent_grenadines	0.50899
chile	barbados	0.31415
chile	grenada	0.35616
chile	trinidad_tobago	0.08352
chile	curacao	0.89241
chile	aruba	0.41304
chile	french_guiana	0.844
chile	suriname	0.66015
chile	guyana	0.28661
chile	venezuela	0.89043
chile	colombia	0.76708
chile	ecuador	0.63976
chile	peru	0.78924
chile	bolivia	0.68911
chile	brazil	0.85933
chile	paraguay	0.59924
chile	uruguay	0.9546
chile	argentina	0.91893
