origin	destination	origin_pop_size
jamaica	honduras	2970340.0
jamaica	colombia	2970340.0
jamaica	mexico	2970340.0
jamaica	saint_kitts_nevis	2970340.0
jamaica	united_states	2970340.0
jamaica	saint_vincent_grenadines	2970340.0
jamaica	paraguay	2970340.0
jamaica	nicaragua	2970340.0
jamaica	barbados	2970340.0
jamaica	canada	2970340.0
jamaica	united_states_virgin_islands	2970340.0
jamaica	martinique	2970340.0
jamaica	peru	2970340.0
jamaica	curacao	2970340.0
jamaica	panama	2970340.0
jamaica	uruguay	2970340.0
jamaica	bahamas	2970340.0
jamaica	bermuda	2970340.0
jamaica	aruba	2970340.0
jamaica	suriname	2970340.0
jamaica	costa_rica	2970340.0
jamaica	bolivia	2970340.0
jamaica	venezuela	2970340.0
jamaica	french_guiana	2970340.0
jamaica	cayman_islands	2970340.0
jamaica	brazil	2970340.0
jamaica	trinidad_tobago	2970340.0
jamaica	dominican_republic	2970340.0
jamaica	cuba	2970340.0
jamaica	guatemala	2970340.0
jamaica	chile	2970340.0
jamaica	turks_caicos_islands	2970340.0
jamaica	haiti	2970340.0
jamaica	belize	2970340.0
jamaica	argentina	2970340.0
jamaica	dominica	2970340.0
jamaica	saint_lucia	2970340.0
jamaica	el_salvador	2970340.0
jamaica	puerto_rico	2970340.0
jamaica	ecuador	2970340.0
jamaica	guyana	2970340.0
jamaica	grenada	2970340.0
jamaica	guadeloupe	2970340.0
jamaica	antigua_barbuda	2970340.0
honduras	jamaica	8893259.0
honduras	colombia	8893259.0
honduras	mexico	8893259.0
honduras	saint_kitts_nevis	8893259.0
honduras	united_states	8893259.0
honduras	saint_vincent_grenadines	8893259.0
honduras	paraguay	8893259.0
honduras	nicaragua	8893259.0
honduras	barbados	8893259.0
honduras	canada	8893259.0
honduras	united_states_virgin_islands	8893259.0
honduras	martinique	8893259.0
honduras	peru	8893259.0
honduras	curacao	8893259.0
honduras	panama	8893259.0
honduras	uruguay	8893259.0
honduras	bahamas	8893259.0
honduras	bermuda	8893259.0
honduras	aruba	8893259.0
honduras	suriname	8893259.0
honduras	costa_rica	8893259.0
honduras	bolivia	8893259.0
honduras	venezuela	8893259.0
honduras	french_guiana	8893259.0
honduras	cayman_islands	8893259.0
honduras	brazil	8893259.0
honduras	trinidad_tobago	8893259.0
honduras	dominican_republic	8893259.0
honduras	cuba	8893259.0
honduras	guatemala	8893259.0
honduras	chile	8893259.0
honduras	turks_caicos_islands	8893259.0
honduras	haiti	8893259.0
honduras	belize	8893259.0
honduras	argentina	8893259.0
honduras	dominica	8893259.0
honduras	saint_lucia	8893259.0
honduras	el_salvador	8893259.0
honduras	puerto_rico	8893259.0
honduras	ecuador	8893259.0
honduras	guyana	8893259.0
honduras	grenada	8893259.0
honduras	guadeloupe	8893259.0
honduras	antigua_barbuda	8893259.0
colombia	jamaica	47220856.0
colombia	honduras	47220856.0
colombia	mexico	47220856.0
colombia	saint_kitts_nevis	47220856.0
colombia	united_states	47220856.0
colombia	saint_vincent_grenadines	47220856.0
colombia	paraguay	47220856.0
colombia	nicaragua	47220856.0
colombia	barbados	47220856.0
colombia	canada	47220856.0
colombia	united_states_virgin_islands	47220856.0
colombia	martinique	47220856.0
colombia	peru	47220856.0
colombia	curacao	47220856.0
colombia	panama	47220856.0
colombia	uruguay	47220856.0
colombia	bahamas	47220856.0
colombia	bermuda	47220856.0
colombia	aruba	47220856.0
colombia	suriname	47220856.0
colombia	costa_rica	47220856.0
colombia	bolivia	47220856.0
colombia	venezuela	47220856.0
colombia	french_guiana	47220856.0
colombia	cayman_islands	47220856.0
colombia	brazil	47220856.0
colombia	trinidad_tobago	47220856.0
colombia	dominican_republic	47220856.0
colombia	cuba	47220856.0
colombia	guatemala	47220856.0
colombia	chile	47220856.0
colombia	turks_caicos_islands	47220856.0
colombia	haiti	47220856.0
colombia	belize	47220856.0
colombia	argentina	47220856.0
colombia	dominica	47220856.0
colombia	saint_lucia	47220856.0
colombia	el_salvador	47220856.0
colombia	puerto_rico	47220856.0
colombia	ecuador	47220856.0
colombia	guyana	47220856.0
colombia	grenada	47220856.0
colombia	guadeloupe	47220856.0
colombia	antigua_barbuda	47220856.0
mexico	jamaica	123166749.0
mexico	honduras	123166749.0
mexico	colombia	123166749.0
mexico	saint_kitts_nevis	123166749.0
mexico	united_states	123166749.0
mexico	saint_vincent_grenadines	123166749.0
mexico	paraguay	123166749.0
mexico	nicaragua	123166749.0
mexico	barbados	123166749.0
mexico	canada	123166749.0
mexico	united_states_virgin_islands	123166749.0
mexico	martinique	123166749.0
mexico	peru	123166749.0
mexico	curacao	123166749.0
mexico	panama	123166749.0
mexico	uruguay	123166749.0
mexico	bahamas	123166749.0
mexico	bermuda	123166749.0
mexico	aruba	123166749.0
mexico	suriname	123166749.0
mexico	costa_rica	123166749.0
mexico	bolivia	123166749.0
mexico	venezuela	123166749.0
mexico	french_guiana	123166749.0
mexico	cayman_islands	123166749.0
mexico	brazil	123166749.0
mexico	trinidad_tobago	123166749.0
mexico	dominican_republic	123166749.0
mexico	cuba	123166749.0
mexico	guatemala	123166749.0
mexico	chile	123166749.0
mexico	turks_caicos_islands	123166749.0
mexico	haiti	123166749.0
mexico	belize	123166749.0
mexico	argentina	123166749.0
mexico	dominica	123166749.0
mexico	saint_lucia	123166749.0
mexico	el_salvador	123166749.0
mexico	puerto_rico	123166749.0
mexico	ecuador	123166749.0
mexico	guyana	123166749.0
mexico	grenada	123166749.0
mexico	guadeloupe	123166749.0
mexico	antigua_barbuda	123166749.0
saint_kitts_nevis	jamaica	52329.0
saint_kitts_nevis	honduras	52329.0
saint_kitts_nevis	colombia	52329.0
saint_kitts_nevis	mexico	52329.0
saint_kitts_nevis	united_states	52329.0
saint_kitts_nevis	saint_vincent_grenadines	52329.0
saint_kitts_nevis	paraguay	52329.0
saint_kitts_nevis	nicaragua	52329.0
saint_kitts_nevis	barbados	52329.0
saint_kitts_nevis	canada	52329.0
saint_kitts_nevis	united_states_virgin_islands	52329.0
saint_kitts_nevis	martinique	52329.0
saint_kitts_nevis	peru	52329.0
saint_kitts_nevis	curacao	52329.0
saint_kitts_nevis	panama	52329.0
saint_kitts_nevis	uruguay	52329.0
saint_kitts_nevis	bahamas	52329.0
saint_kitts_nevis	bermuda	52329.0
saint_kitts_nevis	aruba	52329.0
saint_kitts_nevis	suriname	52329.0
saint_kitts_nevis	costa_rica	52329.0
saint_kitts_nevis	bolivia	52329.0
saint_kitts_nevis	venezuela	52329.0
saint_kitts_nevis	french_guiana	52329.0
saint_kitts_nevis	cayman_islands	52329.0
saint_kitts_nevis	brazil	52329.0
saint_kitts_nevis	trinidad_tobago	52329.0
saint_kitts_nevis	dominican_republic	52329.0
saint_kitts_nevis	cuba	52329.0
saint_kitts_nevis	guatemala	52329.0
saint_kitts_nevis	chile	52329.0
saint_kitts_nevis	turks_caicos_islands	52329.0
saint_kitts_nevis	haiti	52329.0
saint_kitts_nevis	belize	52329.0
saint_kitts_nevis	argentina	52329.0
saint_kitts_nevis	dominica	52329.0
saint_kitts_nevis	saint_lucia	52329.0
saint_kitts_nevis	el_salvador	52329.0
saint_kitts_nevis	puerto_rico	52329.0
saint_kitts_nevis	ecuador	52329.0
saint_kitts_nevis	guyana	52329.0
saint_kitts_nevis	grenada	52329.0
saint_kitts_nevis	guadeloupe	52329.0
saint_kitts_nevis	antigua_barbuda	52329.0
united_states	jamaica	323995528.0
united_states	honduras	323995528.0
united_states	colombia	323995528.0
united_states	mexico	323995528.0
united_states	saint_kitts_nevis	323995528.0
united_states	saint_vincent_grenadines	323995528.0
united_states	paraguay	323995528.0
united_states	nicaragua	323995528.0
united_states	barbados	323995528.0
united_states	canada	323995528.0
united_states	united_states_virgin_islands	323995528.0
united_states	martinique	323995528.0
united_states	peru	323995528.0
united_states	curacao	323995528.0
united_states	panama	323995528.0
united_states	uruguay	323995528.0
united_states	bahamas	323995528.0
united_states	bermuda	323995528.0
united_states	aruba	323995528.0
united_states	suriname	323995528.0
united_states	costa_rica	323995528.0
united_states	bolivia	323995528.0
united_states	venezuela	323995528.0
united_states	french_guiana	323995528.0
united_states	cayman_islands	323995528.0
united_states	brazil	323995528.0
united_states	trinidad_tobago	323995528.0
united_states	dominican_republic	323995528.0
united_states	cuba	323995528.0
united_states	guatemala	323995528.0
united_states	chile	323995528.0
united_states	turks_caicos_islands	323995528.0
united_states	haiti	323995528.0
united_states	belize	323995528.0
united_states	argentina	323995528.0
united_states	dominica	323995528.0
united_states	saint_lucia	323995528.0
united_states	el_salvador	323995528.0
united_states	puerto_rico	323995528.0
united_states	ecuador	323995528.0
united_states	guyana	323995528.0
united_states	grenada	323995528.0
united_states	guadeloupe	323995528.0
united_states	antigua_barbuda	323995528.0
saint_vincent_grenadines	jamaica	102350.0
saint_vincent_grenadines	honduras	102350.0
saint_vincent_grenadines	colombia	102350.0
saint_vincent_grenadines	mexico	102350.0
saint_vincent_grenadines	saint_kitts_nevis	102350.0
saint_vincent_grenadines	united_states	102350.0
saint_vincent_grenadines	paraguay	102350.0
saint_vincent_grenadines	nicaragua	102350.0
saint_vincent_grenadines	barbados	102350.0
saint_vincent_grenadines	canada	102350.0
saint_vincent_grenadines	united_states_virgin_islands	102350.0
saint_vincent_grenadines	martinique	102350.0
saint_vincent_grenadines	peru	102350.0
saint_vincent_grenadines	curacao	102350.0
saint_vincent_grenadines	panama	102350.0
saint_vincent_grenadines	uruguay	102350.0
saint_vincent_grenadines	bahamas	102350.0
saint_vincent_grenadines	bermuda	102350.0
saint_vincent_grenadines	aruba	102350.0
saint_vincent_grenadines	suriname	102350.0
saint_vincent_grenadines	costa_rica	102350.0
saint_vincent_grenadines	bolivia	102350.0
saint_vincent_grenadines	venezuela	102350.0
saint_vincent_grenadines	french_guiana	102350.0
saint_vincent_grenadines	cayman_islands	102350.0
saint_vincent_grenadines	brazil	102350.0
saint_vincent_grenadines	trinidad_tobago	102350.0
saint_vincent_grenadines	dominican_republic	102350.0
saint_vincent_grenadines	cuba	102350.0
saint_vincent_grenadines	guatemala	102350.0
saint_vincent_grenadines	chile	102350.0
saint_vincent_grenadines	turks_caicos_islands	102350.0
saint_vincent_grenadines	haiti	102350.0
saint_vincent_grenadines	belize	102350.0
saint_vincent_grenadines	argentina	102350.0
saint_vincent_grenadines	dominica	102350.0
saint_vincent_grenadines	saint_lucia	102350.0
saint_vincent_grenadines	el_salvador	102350.0
saint_vincent_grenadines	puerto_rico	102350.0
saint_vincent_grenadines	ecuador	102350.0
saint_vincent_grenadines	guyana	102350.0
saint_vincent_grenadines	grenada	102350.0
saint_vincent_grenadines	guadeloupe	102350.0
saint_vincent_grenadines	antigua_barbuda	102350.0
paraguay	jamaica	6862812.0
paraguay	honduras	6862812.0
paraguay	colombia	6862812.0
paraguay	mexico	6862812.0
paraguay	saint_kitts_nevis	6862812.0
paraguay	united_states	6862812.0
paraguay	saint_vincent_grenadines	6862812.0
paraguay	nicaragua	6862812.0
paraguay	barbados	6862812.0
paraguay	canada	6862812.0
paraguay	united_states_virgin_islands	6862812.0
paraguay	martinique	6862812.0
paraguay	peru	6862812.0
paraguay	curacao	6862812.0
paraguay	panama	6862812.0
paraguay	uruguay	6862812.0
paraguay	bahamas	6862812.0
paraguay	bermuda	6862812.0
paraguay	aruba	6862812.0
paraguay	suriname	6862812.0
paraguay	costa_rica	6862812.0
paraguay	bolivia	6862812.0
paraguay	venezuela	6862812.0
paraguay	french_guiana	6862812.0
paraguay	cayman_islands	6862812.0
paraguay	brazil	6862812.0
paraguay	trinidad_tobago	6862812.0
paraguay	dominican_republic	6862812.0
paraguay	cuba	6862812.0
paraguay	guatemala	6862812.0
paraguay	chile	6862812.0
paraguay	turks_caicos_islands	6862812.0
paraguay	haiti	6862812.0
paraguay	belize	6862812.0
paraguay	argentina	6862812.0
paraguay	dominica	6862812.0
paraguay	saint_lucia	6862812.0
paraguay	el_salvador	6862812.0
paraguay	puerto_rico	6862812.0
paraguay	ecuador	6862812.0
paraguay	guyana	6862812.0
paraguay	grenada	6862812.0
paraguay	guadeloupe	6862812.0
paraguay	antigua_barbuda	6862812.0
nicaragua	jamaica	5966798.0
nicaragua	honduras	5966798.0
nicaragua	colombia	5966798.0
nicaragua	mexico	5966798.0
nicaragua	saint_kitts_nevis	5966798.0
nicaragua	united_states	5966798.0
nicaragua	saint_vincent_grenadines	5966798.0
nicaragua	paraguay	5966798.0
nicaragua	barbados	5966798.0
nicaragua	canada	5966798.0
nicaragua	united_states_virgin_islands	5966798.0
nicaragua	martinique	5966798.0
nicaragua	peru	5966798.0
nicaragua	curacao	5966798.0
nicaragua	panama	5966798.0
nicaragua	uruguay	5966798.0
nicaragua	bahamas	5966798.0
nicaragua	bermuda	5966798.0
nicaragua	aruba	5966798.0
nicaragua	suriname	5966798.0
nicaragua	costa_rica	5966798.0
nicaragua	bolivia	5966798.0
nicaragua	venezuela	5966798.0
nicaragua	french_guiana	5966798.0
nicaragua	cayman_islands	5966798.0
nicaragua	brazil	5966798.0
nicaragua	trinidad_tobago	5966798.0
nicaragua	dominican_republic	5966798.0
nicaragua	cuba	5966798.0
nicaragua	guatemala	5966798.0
nicaragua	chile	5966798.0
nicaragua	turks_caicos_islands	5966798.0
nicaragua	haiti	5966798.0
nicaragua	belize	5966798.0
nicaragua	argentina	5966798.0
nicaragua	dominica	5966798.0
nicaragua	saint_lucia	5966798.0
nicaragua	el_salvador	5966798.0
nicaragua	puerto_rico	5966798.0
nicaragua	ecuador	5966798.0
nicaragua	guyana	5966798.0
nicaragua	grenada	5966798.0
nicaragua	guadeloupe	5966798.0
nicaragua	antigua_barbuda	5966798.0
barbados	jamaica	291495.0
barbados	honduras	291495.0
barbados	colombia	291495.0
barbados	mexico	291495.0
barbados	saint_kitts_nevis	291495.0
barbados	united_states	291495.0
barbados	saint_vincent_grenadines	291495.0
barbados	paraguay	291495.0
barbados	nicaragua	291495.0
barbados	canada	291495.0
barbados	united_states_virgin_islands	291495.0
barbados	martinique	291495.0
barbados	peru	291495.0
barbados	curacao	291495.0
barbados	panama	291495.0
barbados	uruguay	291495.0
barbados	bahamas	291495.0
barbados	bermuda	291495.0
barbados	aruba	291495.0
barbados	suriname	291495.0
barbados	costa_rica	291495.0
barbados	bolivia	291495.0
barbados	venezuela	291495.0
barbados	french_guiana	291495.0
barbados	cayman_islands	291495.0
barbados	brazil	291495.0
barbados	trinidad_tobago	291495.0
barbados	dominican_republic	291495.0
barbados	cuba	291495.0
barbados	guatemala	291495.0
barbados	chile	291495.0
barbados	turks_caicos_islands	291495.0
barbados	haiti	291495.0
barbados	belize	291495.0
barbados	argentina	291495.0
barbados	dominica	291495.0
barbados	saint_lucia	291495.0
barbados	el_salvador	291495.0
barbados	puerto_rico	291495.0
barbados	ecuador	291495.0
barbados	guyana	291495.0
barbados	grenada	291495.0
barbados	guadeloupe	291495.0
barbados	antigua_barbuda	291495.0
canada	jamaica	35362905.0
canada	honduras	35362905.0
canada	colombia	35362905.0
canada	mexico	35362905.0
canada	saint_kitts_nevis	35362905.0
canada	united_states	35362905.0
canada	saint_vincent_grenadines	35362905.0
canada	paraguay	35362905.0
canada	nicaragua	35362905.0
canada	barbados	35362905.0
canada	united_states_virgin_islands	35362905.0
canada	martinique	35362905.0
canada	peru	35362905.0
canada	curacao	35362905.0
canada	panama	35362905.0
canada	uruguay	35362905.0
canada	bahamas	35362905.0
canada	bermuda	35362905.0
canada	aruba	35362905.0
canada	suriname	35362905.0
canada	costa_rica	35362905.0
canada	bolivia	35362905.0
canada	venezuela	35362905.0
canada	french_guiana	35362905.0
canada	cayman_islands	35362905.0
canada	brazil	35362905.0
canada	trinidad_tobago	35362905.0
canada	dominican_republic	35362905.0
canada	cuba	35362905.0
canada	guatemala	35362905.0
canada	chile	35362905.0
canada	turks_caicos_islands	35362905.0
canada	haiti	35362905.0
canada	belize	35362905.0
canada	argentina	35362905.0
canada	dominica	35362905.0
canada	saint_lucia	35362905.0
canada	el_salvador	35362905.0
canada	puerto_rico	35362905.0
canada	ecuador	35362905.0
canada	guyana	35362905.0
canada	grenada	35362905.0
canada	guadeloupe	35362905.0
canada	antigua_barbuda	35362905.0
united_states_virgin_islands	jamaica	102951.0
united_states_virgin_islands	honduras	102951.0
united_states_virgin_islands	colombia	102951.0
united_states_virgin_islands	mexico	102951.0
united_states_virgin_islands	saint_kitts_nevis	102951.0
united_states_virgin_islands	united_states	102951.0
united_states_virgin_islands	saint_vincent_grenadines	102951.0
united_states_virgin_islands	paraguay	102951.0
united_states_virgin_islands	nicaragua	102951.0
united_states_virgin_islands	barbados	102951.0
united_states_virgin_islands	canada	102951.0
united_states_virgin_islands	martinique	102951.0
united_states_virgin_islands	peru	102951.0
united_states_virgin_islands	curacao	102951.0
united_states_virgin_islands	panama	102951.0
united_states_virgin_islands	uruguay	102951.0
united_states_virgin_islands	bahamas	102951.0
united_states_virgin_islands	bermuda	102951.0
united_states_virgin_islands	aruba	102951.0
united_states_virgin_islands	suriname	102951.0
united_states_virgin_islands	costa_rica	102951.0
united_states_virgin_islands	bolivia	102951.0
united_states_virgin_islands	venezuela	102951.0
united_states_virgin_islands	french_guiana	102951.0
united_states_virgin_islands	cayman_islands	102951.0
united_states_virgin_islands	brazil	102951.0
united_states_virgin_islands	trinidad_tobago	102951.0
united_states_virgin_islands	dominican_republic	102951.0
united_states_virgin_islands	cuba	102951.0
united_states_virgin_islands	guatemala	102951.0
united_states_virgin_islands	chile	102951.0
united_states_virgin_islands	turks_caicos_islands	102951.0
united_states_virgin_islands	haiti	102951.0
united_states_virgin_islands	belize	102951.0
united_states_virgin_islands	argentina	102951.0
united_states_virgin_islands	dominica	102951.0
united_states_virgin_islands	saint_lucia	102951.0
united_states_virgin_islands	el_salvador	102951.0
united_states_virgin_islands	puerto_rico	102951.0
united_states_virgin_islands	ecuador	102951.0
united_states_virgin_islands	guyana	102951.0
united_states_virgin_islands	grenada	102951.0
united_states_virgin_islands	guadeloupe	102951.0
united_states_virgin_islands	antigua_barbuda	102951.0
martinique	jamaica	385551.0
martinique	honduras	385551.0
martinique	colombia	385551.0
martinique	mexico	385551.0
martinique	saint_kitts_nevis	385551.0
martinique	united_states	385551.0
martinique	saint_vincent_grenadines	385551.0
martinique	paraguay	385551.0
martinique	nicaragua	385551.0
martinique	barbados	385551.0
martinique	canada	385551.0
martinique	united_states_virgin_islands	385551.0
martinique	peru	385551.0
martinique	curacao	385551.0
martinique	panama	385551.0
martinique	uruguay	385551.0
martinique	bahamas	385551.0
martinique	bermuda	385551.0
martinique	aruba	385551.0
martinique	suriname	385551.0
martinique	costa_rica	385551.0
martinique	bolivia	385551.0
martinique	venezuela	385551.0
martinique	french_guiana	385551.0
martinique	cayman_islands	385551.0
martinique	brazil	385551.0
martinique	trinidad_tobago	385551.0
martinique	dominican_republic	385551.0
martinique	cuba	385551.0
martinique	guatemala	385551.0
martinique	chile	385551.0
martinique	turks_caicos_islands	385551.0
martinique	haiti	385551.0
martinique	belize	385551.0
martinique	argentina	385551.0
martinique	dominica	385551.0
martinique	saint_lucia	385551.0
martinique	el_salvador	385551.0
martinique	puerto_rico	385551.0
martinique	ecuador	385551.0
martinique	guyana	385551.0
martinique	grenada	385551.0
martinique	guadeloupe	385551.0
martinique	antigua_barbuda	385551.0
peru	jamaica	30741062.0
peru	honduras	30741062.0
peru	colombia	30741062.0
peru	mexico	30741062.0
peru	saint_kitts_nevis	30741062.0
peru	united_states	30741062.0
peru	saint_vincent_grenadines	30741062.0
peru	paraguay	30741062.0
peru	nicaragua	30741062.0
peru	barbados	30741062.0
peru	canada	30741062.0
peru	united_states_virgin_islands	30741062.0
peru	martinique	30741062.0
peru	curacao	30741062.0
peru	panama	30741062.0
peru	uruguay	30741062.0
peru	bahamas	30741062.0
peru	bermuda	30741062.0
peru	aruba	30741062.0
peru	suriname	30741062.0
peru	costa_rica	30741062.0
peru	bolivia	30741062.0
peru	venezuela	30741062.0
peru	french_guiana	30741062.0
peru	cayman_islands	30741062.0
peru	brazil	30741062.0
peru	trinidad_tobago	30741062.0
peru	dominican_republic	30741062.0
peru	cuba	30741062.0
peru	guatemala	30741062.0
peru	chile	30741062.0
peru	turks_caicos_islands	30741062.0
peru	haiti	30741062.0
peru	belize	30741062.0
peru	argentina	30741062.0
peru	dominica	30741062.0
peru	saint_lucia	30741062.0
peru	el_salvador	30741062.0
peru	puerto_rico	30741062.0
peru	ecuador	30741062.0
peru	guyana	30741062.0
peru	grenada	30741062.0
peru	guadeloupe	30741062.0
peru	antigua_barbuda	30741062.0
curacao	jamaica	149035.0
curacao	honduras	149035.0
curacao	colombia	149035.0
curacao	mexico	149035.0
curacao	saint_kitts_nevis	149035.0
curacao	united_states	149035.0
curacao	saint_vincent_grenadines	149035.0
curacao	paraguay	149035.0
curacao	nicaragua	149035.0
curacao	barbados	149035.0
curacao	canada	149035.0
curacao	united_states_virgin_islands	149035.0
curacao	martinique	149035.0
curacao	peru	149035.0
curacao	panama	149035.0
curacao	uruguay	149035.0
curacao	bahamas	149035.0
curacao	bermuda	149035.0
curacao	aruba	149035.0
curacao	suriname	149035.0
curacao	costa_rica	149035.0
curacao	bolivia	149035.0
curacao	venezuela	149035.0
curacao	french_guiana	149035.0
curacao	cayman_islands	149035.0
curacao	brazil	149035.0
curacao	trinidad_tobago	149035.0
curacao	dominican_republic	149035.0
curacao	cuba	149035.0
curacao	guatemala	149035.0
curacao	chile	149035.0
curacao	turks_caicos_islands	149035.0
curacao	haiti	149035.0
curacao	belize	149035.0
curacao	argentina	149035.0
curacao	dominica	149035.0
curacao	saint_lucia	149035.0
curacao	el_salvador	149035.0
curacao	puerto_rico	149035.0
curacao	ecuador	149035.0
curacao	guyana	149035.0
curacao	grenada	149035.0
curacao	guadeloupe	149035.0
curacao	antigua_barbuda	149035.0
panama	jamaica	3705246.0
panama	honduras	3705246.0
panama	colombia	3705246.0
panama	mexico	3705246.0
panama	saint_kitts_nevis	3705246.0
panama	united_states	3705246.0
panama	saint_vincent_grenadines	3705246.0
panama	paraguay	3705246.0
panama	nicaragua	3705246.0
panama	barbados	3705246.0
panama	canada	3705246.0
panama	united_states_virgin_islands	3705246.0
panama	martinique	3705246.0
panama	peru	3705246.0
panama	curacao	3705246.0
panama	uruguay	3705246.0
panama	bahamas	3705246.0
panama	bermuda	3705246.0
panama	aruba	3705246.0
panama	suriname	3705246.0
panama	costa_rica	3705246.0
panama	bolivia	3705246.0
panama	venezuela	3705246.0
panama	french_guiana	3705246.0
panama	cayman_islands	3705246.0
panama	brazil	3705246.0
panama	trinidad_tobago	3705246.0
panama	dominican_republic	3705246.0
panama	cuba	3705246.0
panama	guatemala	3705246.0
panama	chile	3705246.0
panama	turks_caicos_islands	3705246.0
panama	haiti	3705246.0
panama	belize	3705246.0
panama	argentina	3705246.0
panama	dominica	3705246.0
panama	saint_lucia	3705246.0
panama	el_salvador	3705246.0
panama	puerto_rico	3705246.0
panama	ecuador	3705246.0
panama	guyana	3705246.0
panama	grenada	3705246.0
panama	guadeloupe	3705246.0
panama	antigua_barbuda	3705246.0
uruguay	jamaica	3351016.0
uruguay	honduras	3351016.0
uruguay	colombia	3351016.0
uruguay	mexico	3351016.0
uruguay	saint_kitts_nevis	3351016.0
uruguay	united_states	3351016.0
uruguay	saint_vincent_grenadines	3351016.0
uruguay	paraguay	3351016.0
uruguay	nicaragua	3351016.0
uruguay	barbados	3351016.0
uruguay	canada	3351016.0
uruguay	united_states_virgin_islands	3351016.0
uruguay	martinique	3351016.0
uruguay	peru	3351016.0
uruguay	curacao	3351016.0
uruguay	panama	3351016.0
uruguay	bahamas	3351016.0
uruguay	bermuda	3351016.0
uruguay	aruba	3351016.0
uruguay	suriname	3351016.0
uruguay	costa_rica	3351016.0
uruguay	bolivia	3351016.0
uruguay	venezuela	3351016.0
uruguay	french_guiana	3351016.0
uruguay	cayman_islands	3351016.0
uruguay	brazil	3351016.0
uruguay	trinidad_tobago	3351016.0
uruguay	dominican_republic	3351016.0
uruguay	cuba	3351016.0
uruguay	guatemala	3351016.0
uruguay	chile	3351016.0
uruguay	turks_caicos_islands	3351016.0
uruguay	haiti	3351016.0
uruguay	belize	3351016.0
uruguay	argentina	3351016.0
uruguay	dominica	3351016.0
uruguay	saint_lucia	3351016.0
uruguay	el_salvador	3351016.0
uruguay	puerto_rico	3351016.0
uruguay	ecuador	3351016.0
uruguay	guyana	3351016.0
uruguay	grenada	3351016.0
uruguay	guadeloupe	3351016.0
uruguay	antigua_barbuda	3351016.0
bahamas	jamaica	327316.0
bahamas	honduras	327316.0
bahamas	colombia	327316.0
bahamas	mexico	327316.0
bahamas	saint_kitts_nevis	327316.0
bahamas	united_states	327316.0
bahamas	saint_vincent_grenadines	327316.0
bahamas	paraguay	327316.0
bahamas	nicaragua	327316.0
bahamas	barbados	327316.0
bahamas	canada	327316.0
bahamas	united_states_virgin_islands	327316.0
bahamas	martinique	327316.0
bahamas	peru	327316.0
bahamas	curacao	327316.0
bahamas	panama	327316.0
bahamas	uruguay	327316.0
bahamas	bermuda	327316.0
bahamas	aruba	327316.0
bahamas	suriname	327316.0
bahamas	costa_rica	327316.0
bahamas	bolivia	327316.0
bahamas	venezuela	327316.0
bahamas	french_guiana	327316.0
bahamas	cayman_islands	327316.0
bahamas	brazil	327316.0
bahamas	trinidad_tobago	327316.0
bahamas	dominican_republic	327316.0
bahamas	cuba	327316.0
bahamas	guatemala	327316.0
bahamas	chile	327316.0
bahamas	turks_caicos_islands	327316.0
bahamas	haiti	327316.0
bahamas	belize	327316.0
bahamas	argentina	327316.0
bahamas	dominica	327316.0
bahamas	saint_lucia	327316.0
bahamas	el_salvador	327316.0
bahamas	puerto_rico	327316.0
bahamas	ecuador	327316.0
bahamas	guyana	327316.0
bahamas	grenada	327316.0
bahamas	guadeloupe	327316.0
bahamas	antigua_barbuda	327316.0
bermuda	jamaica	70537.0
bermuda	honduras	70537.0
bermuda	colombia	70537.0
bermuda	mexico	70537.0
bermuda	saint_kitts_nevis	70537.0
bermuda	united_states	70537.0
bermuda	saint_vincent_grenadines	70537.0
bermuda	paraguay	70537.0
bermuda	nicaragua	70537.0
bermuda	barbados	70537.0
bermuda	canada	70537.0
bermuda	united_states_virgin_islands	70537.0
bermuda	martinique	70537.0
bermuda	peru	70537.0
bermuda	curacao	70537.0
bermuda	panama	70537.0
bermuda	uruguay	70537.0
bermuda	bahamas	70537.0
bermuda	aruba	70537.0
bermuda	suriname	70537.0
bermuda	costa_rica	70537.0
bermuda	bolivia	70537.0
bermuda	venezuela	70537.0
bermuda	french_guiana	70537.0
bermuda	cayman_islands	70537.0
bermuda	brazil	70537.0
bermuda	trinidad_tobago	70537.0
bermuda	dominican_republic	70537.0
bermuda	cuba	70537.0
bermuda	guatemala	70537.0
bermuda	chile	70537.0
bermuda	turks_caicos_islands	70537.0
bermuda	haiti	70537.0
bermuda	belize	70537.0
bermuda	argentina	70537.0
bermuda	dominica	70537.0
bermuda	saint_lucia	70537.0
bermuda	el_salvador	70537.0
bermuda	puerto_rico	70537.0
bermuda	ecuador	70537.0
bermuda	guyana	70537.0
bermuda	grenada	70537.0
bermuda	guadeloupe	70537.0
bermuda	antigua_barbuda	70537.0
aruba	jamaica	113648.0
aruba	honduras	113648.0
aruba	colombia	113648.0
aruba	mexico	113648.0
aruba	saint_kitts_nevis	113648.0
aruba	united_states	113648.0
aruba	saint_vincent_grenadines	113648.0
aruba	paraguay	113648.0
aruba	nicaragua	113648.0
aruba	barbados	113648.0
aruba	canada	113648.0
aruba	united_states_virgin_islands	113648.0
aruba	martinique	113648.0
aruba	peru	113648.0
aruba	curacao	113648.0
aruba	panama	113648.0
aruba	uruguay	113648.0
aruba	bahamas	113648.0
aruba	bermuda	113648.0
aruba	suriname	113648.0
aruba	costa_rica	113648.0
aruba	bolivia	113648.0
aruba	venezuela	113648.0
aruba	french_guiana	113648.0
aruba	cayman_islands	113648.0
aruba	brazil	113648.0
aruba	trinidad_tobago	113648.0
aruba	dominican_republic	113648.0
aruba	cuba	113648.0
aruba	guatemala	113648.0
aruba	chile	113648.0
aruba	turks_caicos_islands	113648.0
aruba	haiti	113648.0
aruba	belize	113648.0
aruba	argentina	113648.0
aruba	dominica	113648.0
aruba	saint_lucia	113648.0
aruba	el_salvador	113648.0
aruba	puerto_rico	113648.0
aruba	ecuador	113648.0
aruba	guyana	113648.0
aruba	grenada	113648.0
aruba	guadeloupe	113648.0
aruba	antigua_barbuda	113648.0
suriname	jamaica	585824.0
suriname	honduras	585824.0
suriname	colombia	585824.0
suriname	mexico	585824.0
suriname	saint_kitts_nevis	585824.0
suriname	united_states	585824.0
suriname	saint_vincent_grenadines	585824.0
suriname	paraguay	585824.0
suriname	nicaragua	585824.0
suriname	barbados	585824.0
suriname	canada	585824.0
suriname	united_states_virgin_islands	585824.0
suriname	martinique	585824.0
suriname	peru	585824.0
suriname	curacao	585824.0
suriname	panama	585824.0
suriname	uruguay	585824.0
suriname	bahamas	585824.0
suriname	bermuda	585824.0
suriname	aruba	585824.0
suriname	costa_rica	585824.0
suriname	bolivia	585824.0
suriname	venezuela	585824.0
suriname	french_guiana	585824.0
suriname	cayman_islands	585824.0
suriname	brazil	585824.0
suriname	trinidad_tobago	585824.0
suriname	dominican_republic	585824.0
suriname	cuba	585824.0
suriname	guatemala	585824.0
suriname	chile	585824.0
suriname	turks_caicos_islands	585824.0
suriname	haiti	585824.0
suriname	belize	585824.0
suriname	argentina	585824.0
suriname	dominica	585824.0
suriname	saint_lucia	585824.0
suriname	el_salvador	585824.0
suriname	puerto_rico	585824.0
suriname	ecuador	585824.0
suriname	guyana	585824.0
suriname	grenada	585824.0
suriname	guadeloupe	585824.0
suriname	antigua_barbuda	585824.0
costa_rica	jamaica	4872543.0
costa_rica	honduras	4872543.0
costa_rica	colombia	4872543.0
costa_rica	mexico	4872543.0
costa_rica	saint_kitts_nevis	4872543.0
costa_rica	united_states	4872543.0
costa_rica	saint_vincent_grenadines	4872543.0
costa_rica	paraguay	4872543.0
costa_rica	nicaragua	4872543.0
costa_rica	barbados	4872543.0
costa_rica	canada	4872543.0
costa_rica	united_states_virgin_islands	4872543.0
costa_rica	martinique	4872543.0
costa_rica	peru	4872543.0
costa_rica	curacao	4872543.0
costa_rica	panama	4872543.0
costa_rica	uruguay	4872543.0
costa_rica	bahamas	4872543.0
costa_rica	bermuda	4872543.0
costa_rica	aruba	4872543.0
costa_rica	suriname	4872543.0
costa_rica	bolivia	4872543.0
costa_rica	venezuela	4872543.0
costa_rica	french_guiana	4872543.0
costa_rica	cayman_islands	4872543.0
costa_rica	brazil	4872543.0
costa_rica	trinidad_tobago	4872543.0
costa_rica	dominican_republic	4872543.0
costa_rica	cuba	4872543.0
costa_rica	guatemala	4872543.0
costa_rica	chile	4872543.0
costa_rica	turks_caicos_islands	4872543.0
costa_rica	haiti	4872543.0
costa_rica	belize	4872543.0
costa_rica	argentina	4872543.0
costa_rica	dominica	4872543.0
costa_rica	saint_lucia	4872543.0
costa_rica	el_salvador	4872543.0
costa_rica	puerto_rico	4872543.0
costa_rica	ecuador	4872543.0
costa_rica	guyana	4872543.0
costa_rica	grenada	4872543.0
costa_rica	guadeloupe	4872543.0
costa_rica	antigua_barbuda	4872543.0
bolivia	jamaica	10969649.0
bolivia	honduras	10969649.0
bolivia	colombia	10969649.0
bolivia	mexico	10969649.0
bolivia	saint_kitts_nevis	10969649.0
bolivia	united_states	10969649.0
bolivia	saint_vincent_grenadines	10969649.0
bolivia	paraguay	10969649.0
bolivia	nicaragua	10969649.0
bolivia	barbados	10969649.0
bolivia	canada	10969649.0
bolivia	united_states_virgin_islands	10969649.0
bolivia	martinique	10969649.0
bolivia	peru	10969649.0
bolivia	curacao	10969649.0
bolivia	panama	10969649.0
bolivia	uruguay	10969649.0
bolivia	bahamas	10969649.0
bolivia	bermuda	10969649.0
bolivia	aruba	10969649.0
bolivia	suriname	10969649.0
bolivia	costa_rica	10969649.0
bolivia	venezuela	10969649.0
bolivia	french_guiana	10969649.0
bolivia	cayman_islands	10969649.0
bolivia	brazil	10969649.0
bolivia	trinidad_tobago	10969649.0
bolivia	dominican_republic	10969649.0
bolivia	cuba	10969649.0
bolivia	guatemala	10969649.0
bolivia	chile	10969649.0
bolivia	turks_caicos_islands	10969649.0
bolivia	haiti	10969649.0
bolivia	belize	10969649.0
bolivia	argentina	10969649.0
bolivia	dominica	10969649.0
bolivia	saint_lucia	10969649.0
bolivia	el_salvador	10969649.0
bolivia	puerto_rico	10969649.0
bolivia	ecuador	10969649.0
bolivia	guyana	10969649.0
bolivia	grenada	10969649.0
bolivia	guadeloupe	10969649.0
bolivia	antigua_barbuda	10969649.0
venezuela	jamaica	30912302.0
venezuela	honduras	30912302.0
venezuela	colombia	30912302.0
venezuela	mexico	30912302.0
venezuela	saint_kitts_nevis	30912302.0
venezuela	united_states	30912302.0
venezuela	saint_vincent_grenadines	30912302.0
venezuela	paraguay	30912302.0
venezuela	nicaragua	30912302.0
venezuela	barbados	30912302.0
venezuela	canada	30912302.0
venezuela	united_states_virgin_islands	30912302.0
venezuela	martinique	30912302.0
venezuela	peru	30912302.0
venezuela	curacao	30912302.0
venezuela	panama	30912302.0
venezuela	uruguay	30912302.0
venezuela	bahamas	30912302.0
venezuela	bermuda	30912302.0
venezuela	aruba	30912302.0
venezuela	suriname	30912302.0
venezuela	costa_rica	30912302.0
venezuela	bolivia	30912302.0
venezuela	french_guiana	30912302.0
venezuela	cayman_islands	30912302.0
venezuela	brazil	30912302.0
venezuela	trinidad_tobago	30912302.0
venezuela	dominican_republic	30912302.0
venezuela	cuba	30912302.0
venezuela	guatemala	30912302.0
venezuela	chile	30912302.0
venezuela	turks_caicos_islands	30912302.0
venezuela	haiti	30912302.0
venezuela	belize	30912302.0
venezuela	argentina	30912302.0
venezuela	dominica	30912302.0
venezuela	saint_lucia	30912302.0
venezuela	el_salvador	30912302.0
venezuela	puerto_rico	30912302.0
venezuela	ecuador	30912302.0
venezuela	guyana	30912302.0
venezuela	grenada	30912302.0
venezuela	guadeloupe	30912302.0
venezuela	antigua_barbuda	30912302.0
french_guiana	jamaica	252338.0
french_guiana	honduras	252338.0
french_guiana	colombia	252338.0
french_guiana	mexico	252338.0
french_guiana	saint_kitts_nevis	252338.0
french_guiana	united_states	252338.0
french_guiana	saint_vincent_grenadines	252338.0
french_guiana	paraguay	252338.0
french_guiana	nicaragua	252338.0
french_guiana	barbados	252338.0
french_guiana	canada	252338.0
french_guiana	united_states_virgin_islands	252338.0
french_guiana	martinique	252338.0
french_guiana	peru	252338.0
french_guiana	curacao	252338.0
french_guiana	panama	252338.0
french_guiana	uruguay	252338.0
french_guiana	bahamas	252338.0
french_guiana	bermuda	252338.0
french_guiana	aruba	252338.0
french_guiana	suriname	252338.0
french_guiana	costa_rica	252338.0
french_guiana	bolivia	252338.0
french_guiana	venezuela	252338.0
french_guiana	cayman_islands	252338.0
french_guiana	brazil	252338.0
french_guiana	trinidad_tobago	252338.0
french_guiana	dominican_republic	252338.0
french_guiana	cuba	252338.0
french_guiana	guatemala	252338.0
french_guiana	chile	252338.0
french_guiana	turks_caicos_islands	252338.0
french_guiana	haiti	252338.0
french_guiana	belize	252338.0
french_guiana	argentina	252338.0
french_guiana	dominica	252338.0
french_guiana	saint_lucia	252338.0
french_guiana	el_salvador	252338.0
french_guiana	puerto_rico	252338.0
french_guiana	ecuador	252338.0
french_guiana	guyana	252338.0
french_guiana	grenada	252338.0
french_guiana	guadeloupe	252338.0
french_guiana	antigua_barbuda	252338.0
cayman_islands	jamaica	57268.0
cayman_islands	honduras	57268.0
cayman_islands	colombia	57268.0
cayman_islands	mexico	57268.0
cayman_islands	saint_kitts_nevis	57268.0
cayman_islands	united_states	57268.0
cayman_islands	saint_vincent_grenadines	57268.0
cayman_islands	paraguay	57268.0
cayman_islands	nicaragua	57268.0
cayman_islands	barbados	57268.0
cayman_islands	canada	57268.0
cayman_islands	united_states_virgin_islands	57268.0
cayman_islands	martinique	57268.0
cayman_islands	peru	57268.0
cayman_islands	curacao	57268.0
cayman_islands	panama	57268.0
cayman_islands	uruguay	57268.0
cayman_islands	bahamas	57268.0
cayman_islands	bermuda	57268.0
cayman_islands	aruba	57268.0
cayman_islands	suriname	57268.0
cayman_islands	costa_rica	57268.0
cayman_islands	bolivia	57268.0
cayman_islands	venezuela	57268.0
cayman_islands	french_guiana	57268.0
cayman_islands	brazil	57268.0
cayman_islands	trinidad_tobago	57268.0
cayman_islands	dominican_republic	57268.0
cayman_islands	cuba	57268.0
cayman_islands	guatemala	57268.0
cayman_islands	chile	57268.0
cayman_islands	turks_caicos_islands	57268.0
cayman_islands	haiti	57268.0
cayman_islands	belize	57268.0
cayman_islands	argentina	57268.0
cayman_islands	dominica	57268.0
cayman_islands	saint_lucia	57268.0
cayman_islands	el_salvador	57268.0
cayman_islands	puerto_rico	57268.0
cayman_islands	ecuador	57268.0
cayman_islands	guyana	57268.0
cayman_islands	grenada	57268.0
cayman_islands	guadeloupe	57268.0
cayman_islands	antigua_barbuda	57268.0
brazil	jamaica	205823665.0
brazil	honduras	205823665.0
brazil	colombia	205823665.0
brazil	mexico	205823665.0
brazil	saint_kitts_nevis	205823665.0
brazil	united_states	205823665.0
brazil	saint_vincent_grenadines	205823665.0
brazil	paraguay	205823665.0
brazil	nicaragua	205823665.0
brazil	barbados	205823665.0
brazil	canada	205823665.0
brazil	united_states_virgin_islands	205823665.0
brazil	martinique	205823665.0
brazil	peru	205823665.0
brazil	curacao	205823665.0
brazil	panama	205823665.0
brazil	uruguay	205823665.0
brazil	bahamas	205823665.0
brazil	bermuda	205823665.0
brazil	aruba	205823665.0
brazil	suriname	205823665.0
brazil	costa_rica	205823665.0
brazil	bolivia	205823665.0
brazil	venezuela	205823665.0
brazil	french_guiana	205823665.0
brazil	cayman_islands	205823665.0
brazil	trinidad_tobago	205823665.0
brazil	dominican_republic	205823665.0
brazil	cuba	205823665.0
brazil	guatemala	205823665.0
brazil	chile	205823665.0
brazil	turks_caicos_islands	205823665.0
brazil	haiti	205823665.0
brazil	belize	205823665.0
brazil	argentina	205823665.0
brazil	dominica	205823665.0
brazil	saint_lucia	205823665.0
brazil	el_salvador	205823665.0
brazil	puerto_rico	205823665.0
brazil	ecuador	205823665.0
brazil	guyana	205823665.0
brazil	grenada	205823665.0
brazil	guadeloupe	205823665.0
brazil	antigua_barbuda	205823665.0
trinidad_tobago	jamaica	1220479.0
trinidad_tobago	honduras	1220479.0
trinidad_tobago	colombia	1220479.0
trinidad_tobago	mexico	1220479.0
trinidad_tobago	saint_kitts_nevis	1220479.0
trinidad_tobago	united_states	1220479.0
trinidad_tobago	saint_vincent_grenadines	1220479.0
trinidad_tobago	paraguay	1220479.0
trinidad_tobago	nicaragua	1220479.0
trinidad_tobago	barbados	1220479.0
trinidad_tobago	canada	1220479.0
trinidad_tobago	united_states_virgin_islands	1220479.0
trinidad_tobago	martinique	1220479.0
trinidad_tobago	peru	1220479.0
trinidad_tobago	curacao	1220479.0
trinidad_tobago	panama	1220479.0
trinidad_tobago	uruguay	1220479.0
trinidad_tobago	bahamas	1220479.0
trinidad_tobago	bermuda	1220479.0
trinidad_tobago	aruba	1220479.0
trinidad_tobago	suriname	1220479.0
trinidad_tobago	costa_rica	1220479.0
trinidad_tobago	bolivia	1220479.0
trinidad_tobago	venezuela	1220479.0
trinidad_tobago	french_guiana	1220479.0
trinidad_tobago	cayman_islands	1220479.0
trinidad_tobago	brazil	1220479.0
trinidad_tobago	dominican_republic	1220479.0
trinidad_tobago	cuba	1220479.0
trinidad_tobago	guatemala	1220479.0
trinidad_tobago	chile	1220479.0
trinidad_tobago	turks_caicos_islands	1220479.0
trinidad_tobago	haiti	1220479.0
trinidad_tobago	belize	1220479.0
trinidad_tobago	argentina	1220479.0
trinidad_tobago	dominica	1220479.0
trinidad_tobago	saint_lucia	1220479.0
trinidad_tobago	el_salvador	1220479.0
trinidad_tobago	puerto_rico	1220479.0
trinidad_tobago	ecuador	1220479.0
trinidad_tobago	guyana	1220479.0
trinidad_tobago	grenada	1220479.0
trinidad_tobago	guadeloupe	1220479.0
trinidad_tobago	antigua_barbuda	1220479.0
dominican_republic	jamaica	10606865.0
dominican_republic	honduras	10606865.0
dominican_republic	colombia	10606865.0
dominican_republic	mexico	10606865.0
dominican_republic	saint_kitts_nevis	10606865.0
dominican_republic	united_states	10606865.0
dominican_republic	saint_vincent_grenadines	10606865.0
dominican_republic	paraguay	10606865.0
dominican_republic	nicaragua	10606865.0
dominican_republic	barbados	10606865.0
dominican_republic	canada	10606865.0
dominican_republic	united_states_virgin_islands	10606865.0
dominican_republic	martinique	10606865.0
dominican_republic	peru	10606865.0
dominican_republic	curacao	10606865.0
dominican_republic	panama	10606865.0
dominican_republic	uruguay	10606865.0
dominican_republic	bahamas	10606865.0
dominican_republic	bermuda	10606865.0
dominican_republic	aruba	10606865.0
dominican_republic	suriname	10606865.0
dominican_republic	costa_rica	10606865.0
dominican_republic	bolivia	10606865.0
dominican_republic	venezuela	10606865.0
dominican_republic	french_guiana	10606865.0
dominican_republic	cayman_islands	10606865.0
dominican_republic	brazil	10606865.0
dominican_republic	trinidad_tobago	10606865.0
dominican_republic	cuba	10606865.0
dominican_republic	guatemala	10606865.0
dominican_republic	chile	10606865.0
dominican_republic	turks_caicos_islands	10606865.0
dominican_republic	haiti	10606865.0
dominican_republic	belize	10606865.0
dominican_republic	argentina	10606865.0
dominican_republic	dominica	10606865.0
dominican_republic	saint_lucia	10606865.0
dominican_republic	el_salvador	10606865.0
dominican_republic	puerto_rico	10606865.0
dominican_republic	ecuador	10606865.0
dominican_republic	guyana	10606865.0
dominican_republic	grenada	10606865.0
dominican_republic	guadeloupe	10606865.0
dominican_republic	antigua_barbuda	10606865.0
cuba	jamaica	11179995.0
cuba	honduras	11179995.0
cuba	colombia	11179995.0
cuba	mexico	11179995.0
cuba	saint_kitts_nevis	11179995.0
cuba	united_states	11179995.0
cuba	saint_vincent_grenadines	11179995.0
cuba	paraguay	11179995.0
cuba	nicaragua	11179995.0
cuba	barbados	11179995.0
cuba	canada	11179995.0
cuba	united_states_virgin_islands	11179995.0
cuba	martinique	11179995.0
cuba	peru	11179995.0
cuba	curacao	11179995.0
cuba	panama	11179995.0
cuba	uruguay	11179995.0
cuba	bahamas	11179995.0
cuba	bermuda	11179995.0
cuba	aruba	11179995.0
cuba	suriname	11179995.0
cuba	costa_rica	11179995.0
cuba	bolivia	11179995.0
cuba	venezuela	11179995.0
cuba	french_guiana	11179995.0
cuba	cayman_islands	11179995.0
cuba	brazil	11179995.0
cuba	trinidad_tobago	11179995.0
cuba	dominican_republic	11179995.0
cuba	guatemala	11179995.0
cuba	chile	11179995.0
cuba	turks_caicos_islands	11179995.0
cuba	haiti	11179995.0
cuba	belize	11179995.0
cuba	argentina	11179995.0
cuba	dominica	11179995.0
cuba	saint_lucia	11179995.0
cuba	el_salvador	11179995.0
cuba	puerto_rico	11179995.0
cuba	ecuador	11179995.0
cuba	guyana	11179995.0
cuba	grenada	11179995.0
cuba	guadeloupe	11179995.0
cuba	antigua_barbuda	11179995.0
guatemala	jamaica	15189958.0
guatemala	honduras	15189958.0
guatemala	colombia	15189958.0
guatemala	mexico	15189958.0
guatemala	saint_kitts_nevis	15189958.0
guatemala	united_states	15189958.0
guatemala	saint_vincent_grenadines	15189958.0
guatemala	paraguay	15189958.0
guatemala	nicaragua	15189958.0
guatemala	barbados	15189958.0
guatemala	canada	15189958.0
guatemala	united_states_virgin_islands	15189958.0
guatemala	martinique	15189958.0
guatemala	peru	15189958.0
guatemala	curacao	15189958.0
guatemala	panama	15189958.0
guatemala	uruguay	15189958.0
guatemala	bahamas	15189958.0
guatemala	bermuda	15189958.0
guatemala	aruba	15189958.0
guatemala	suriname	15189958.0
guatemala	costa_rica	15189958.0
guatemala	bolivia	15189958.0
guatemala	venezuela	15189958.0
guatemala	french_guiana	15189958.0
guatemala	cayman_islands	15189958.0
guatemala	brazil	15189958.0
guatemala	trinidad_tobago	15189958.0
guatemala	dominican_republic	15189958.0
guatemala	cuba	15189958.0
guatemala	chile	15189958.0
guatemala	turks_caicos_islands	15189958.0
guatemala	haiti	15189958.0
guatemala	belize	15189958.0
guatemala	argentina	15189958.0
guatemala	dominica	15189958.0
guatemala	saint_lucia	15189958.0
guatemala	el_salvador	15189958.0
guatemala	puerto_rico	15189958.0
guatemala	ecuador	15189958.0
guatemala	guyana	15189958.0
guatemala	grenada	15189958.0
guatemala	guadeloupe	15189958.0
guatemala	antigua_barbuda	15189958.0
chile	jamaica	17650114.0
chile	honduras	17650114.0
chile	colombia	17650114.0
chile	mexico	17650114.0
chile	saint_kitts_nevis	17650114.0
chile	united_states	17650114.0
chile	saint_vincent_grenadines	17650114.0
chile	paraguay	17650114.0
chile	nicaragua	17650114.0
chile	barbados	17650114.0
chile	canada	17650114.0
chile	united_states_virgin_islands	17650114.0
chile	martinique	17650114.0
chile	peru	17650114.0
chile	curacao	17650114.0
chile	panama	17650114.0
chile	uruguay	17650114.0
chile	bahamas	17650114.0
chile	bermuda	17650114.0
chile	aruba	17650114.0
chile	suriname	17650114.0
chile	costa_rica	17650114.0
chile	bolivia	17650114.0
chile	venezuela	17650114.0
chile	french_guiana	17650114.0
chile	cayman_islands	17650114.0
chile	brazil	17650114.0
chile	trinidad_tobago	17650114.0
chile	dominican_republic	17650114.0
chile	cuba	17650114.0
chile	guatemala	17650114.0
chile	turks_caicos_islands	17650114.0
chile	haiti	17650114.0
chile	belize	17650114.0
chile	argentina	17650114.0
chile	dominica	17650114.0
chile	saint_lucia	17650114.0
chile	el_salvador	17650114.0
chile	puerto_rico	17650114.0
chile	ecuador	17650114.0
chile	guyana	17650114.0
chile	grenada	17650114.0
chile	guadeloupe	17650114.0
chile	antigua_barbuda	17650114.0
turks_caicos_islands	jamaica	51430.0
turks_caicos_islands	honduras	51430.0
turks_caicos_islands	colombia	51430.0
turks_caicos_islands	mexico	51430.0
turks_caicos_islands	saint_kitts_nevis	51430.0
turks_caicos_islands	united_states	51430.0
turks_caicos_islands	saint_vincent_grenadines	51430.0
turks_caicos_islands	paraguay	51430.0
turks_caicos_islands	nicaragua	51430.0
turks_caicos_islands	barbados	51430.0
turks_caicos_islands	canada	51430.0
turks_caicos_islands	united_states_virgin_islands	51430.0
turks_caicos_islands	martinique	51430.0
turks_caicos_islands	peru	51430.0
turks_caicos_islands	curacao	51430.0
turks_caicos_islands	panama	51430.0
turks_caicos_islands	uruguay	51430.0
turks_caicos_islands	bahamas	51430.0
turks_caicos_islands	bermuda	51430.0
turks_caicos_islands	aruba	51430.0
turks_caicos_islands	suriname	51430.0
turks_caicos_islands	costa_rica	51430.0
turks_caicos_islands	bolivia	51430.0
turks_caicos_islands	venezuela	51430.0
turks_caicos_islands	french_guiana	51430.0
turks_caicos_islands	cayman_islands	51430.0
turks_caicos_islands	brazil	51430.0
turks_caicos_islands	trinidad_tobago	51430.0
turks_caicos_islands	dominican_republic	51430.0
turks_caicos_islands	cuba	51430.0
turks_caicos_islands	guatemala	51430.0
turks_caicos_islands	chile	51430.0
turks_caicos_islands	haiti	51430.0
turks_caicos_islands	belize	51430.0
turks_caicos_islands	argentina	51430.0
turks_caicos_islands	dominica	51430.0
turks_caicos_islands	saint_lucia	51430.0
turks_caicos_islands	el_salvador	51430.0
turks_caicos_islands	puerto_rico	51430.0
turks_caicos_islands	ecuador	51430.0
turks_caicos_islands	guyana	51430.0
turks_caicos_islands	grenada	51430.0
turks_caicos_islands	guadeloupe	51430.0
turks_caicos_islands	antigua_barbuda	51430.0
haiti	jamaica	10485800.0
haiti	honduras	10485800.0
haiti	colombia	10485800.0
haiti	mexico	10485800.0
haiti	saint_kitts_nevis	10485800.0
haiti	united_states	10485800.0
haiti	saint_vincent_grenadines	10485800.0
haiti	paraguay	10485800.0
haiti	nicaragua	10485800.0
haiti	barbados	10485800.0
haiti	canada	10485800.0
haiti	united_states_virgin_islands	10485800.0
haiti	martinique	10485800.0
haiti	peru	10485800.0
haiti	curacao	10485800.0
haiti	panama	10485800.0
haiti	uruguay	10485800.0
haiti	bahamas	10485800.0
haiti	bermuda	10485800.0
haiti	aruba	10485800.0
haiti	suriname	10485800.0
haiti	costa_rica	10485800.0
haiti	bolivia	10485800.0
haiti	venezuela	10485800.0
haiti	french_guiana	10485800.0
haiti	cayman_islands	10485800.0
haiti	brazil	10485800.0
haiti	trinidad_tobago	10485800.0
haiti	dominican_republic	10485800.0
haiti	cuba	10485800.0
haiti	guatemala	10485800.0
haiti	chile	10485800.0
haiti	turks_caicos_islands	10485800.0
haiti	belize	10485800.0
haiti	argentina	10485800.0
haiti	dominica	10485800.0
haiti	saint_lucia	10485800.0
haiti	el_salvador	10485800.0
haiti	puerto_rico	10485800.0
haiti	ecuador	10485800.0
haiti	guyana	10485800.0
haiti	grenada	10485800.0
haiti	guadeloupe	10485800.0
haiti	antigua_barbuda	10485800.0
belize	jamaica	353858.0
belize	honduras	353858.0
belize	colombia	353858.0
belize	mexico	353858.0
belize	saint_kitts_nevis	353858.0
belize	united_states	353858.0
belize	saint_vincent_grenadines	353858.0
belize	paraguay	353858.0
belize	nicaragua	353858.0
belize	barbados	353858.0
belize	canada	353858.0
belize	united_states_virgin_islands	353858.0
belize	martinique	353858.0
belize	peru	353858.0
belize	curacao	353858.0
belize	panama	353858.0
belize	uruguay	353858.0
belize	bahamas	353858.0
belize	bermuda	353858.0
belize	aruba	353858.0
belize	suriname	353858.0
belize	costa_rica	353858.0
belize	bolivia	353858.0
belize	venezuela	353858.0
belize	french_guiana	353858.0
belize	cayman_islands	353858.0
belize	brazil	353858.0
belize	trinidad_tobago	353858.0
belize	dominican_republic	353858.0
belize	cuba	353858.0
belize	guatemala	353858.0
belize	chile	353858.0
belize	turks_caicos_islands	353858.0
belize	haiti	353858.0
belize	argentina	353858.0
belize	dominica	353858.0
belize	saint_lucia	353858.0
belize	el_salvador	353858.0
belize	puerto_rico	353858.0
belize	ecuador	353858.0
belize	guyana	353858.0
belize	grenada	353858.0
belize	guadeloupe	353858.0
belize	antigua_barbuda	353858.0
argentina	jamaica	43886748.0
argentina	honduras	43886748.0
argentina	colombia	43886748.0
argentina	mexico	43886748.0
argentina	saint_kitts_nevis	43886748.0
argentina	united_states	43886748.0
argentina	saint_vincent_grenadines	43886748.0
argentina	paraguay	43886748.0
argentina	nicaragua	43886748.0
argentina	barbados	43886748.0
argentina	canada	43886748.0
argentina	united_states_virgin_islands	43886748.0
argentina	martinique	43886748.0
argentina	peru	43886748.0
argentina	curacao	43886748.0
argentina	panama	43886748.0
argentina	uruguay	43886748.0
argentina	bahamas	43886748.0
argentina	bermuda	43886748.0
argentina	aruba	43886748.0
argentina	suriname	43886748.0
argentina	costa_rica	43886748.0
argentina	bolivia	43886748.0
argentina	venezuela	43886748.0
argentina	french_guiana	43886748.0
argentina	cayman_islands	43886748.0
argentina	brazil	43886748.0
argentina	trinidad_tobago	43886748.0
argentina	dominican_republic	43886748.0
argentina	cuba	43886748.0
argentina	guatemala	43886748.0
argentina	chile	43886748.0
argentina	turks_caicos_islands	43886748.0
argentina	haiti	43886748.0
argentina	belize	43886748.0
argentina	dominica	43886748.0
argentina	saint_lucia	43886748.0
argentina	el_salvador	43886748.0
argentina	puerto_rico	43886748.0
argentina	ecuador	43886748.0
argentina	guyana	43886748.0
argentina	grenada	43886748.0
argentina	guadeloupe	43886748.0
argentina	antigua_barbuda	43886748.0
dominica	jamaica	73757.0
dominica	honduras	73757.0
dominica	colombia	73757.0
dominica	mexico	73757.0
dominica	saint_kitts_nevis	73757.0
dominica	united_states	73757.0
dominica	saint_vincent_grenadines	73757.0
dominica	paraguay	73757.0
dominica	nicaragua	73757.0
dominica	barbados	73757.0
dominica	canada	73757.0
dominica	united_states_virgin_islands	73757.0
dominica	martinique	73757.0
dominica	peru	73757.0
dominica	curacao	73757.0
dominica	panama	73757.0
dominica	uruguay	73757.0
dominica	bahamas	73757.0
dominica	bermuda	73757.0
dominica	aruba	73757.0
dominica	suriname	73757.0
dominica	costa_rica	73757.0
dominica	bolivia	73757.0
dominica	venezuela	73757.0
dominica	french_guiana	73757.0
dominica	cayman_islands	73757.0
dominica	brazil	73757.0
dominica	trinidad_tobago	73757.0
dominica	dominican_republic	73757.0
dominica	cuba	73757.0
dominica	guatemala	73757.0
dominica	chile	73757.0
dominica	turks_caicos_islands	73757.0
dominica	haiti	73757.0
dominica	belize	73757.0
dominica	argentina	73757.0
dominica	saint_lucia	73757.0
dominica	el_salvador	73757.0
dominica	puerto_rico	73757.0
dominica	ecuador	73757.0
dominica	guyana	73757.0
dominica	grenada	73757.0
dominica	guadeloupe	73757.0
dominica	antigua_barbuda	73757.0
saint_lucia	jamaica	164464.0
saint_lucia	honduras	164464.0
saint_lucia	colombia	164464.0
saint_lucia	mexico	164464.0
saint_lucia	saint_kitts_nevis	164464.0
saint_lucia	united_states	164464.0
saint_lucia	saint_vincent_grenadines	164464.0
saint_lucia	paraguay	164464.0
saint_lucia	nicaragua	164464.0
saint_lucia	barbados	164464.0
saint_lucia	canada	164464.0
saint_lucia	united_states_virgin_islands	164464.0
saint_lucia	martinique	164464.0
saint_lucia	peru	164464.0
saint_lucia	curacao	164464.0
saint_lucia	panama	164464.0
saint_lucia	uruguay	164464.0
saint_lucia	bahamas	164464.0
saint_lucia	bermuda	164464.0
saint_lucia	aruba	164464.0
saint_lucia	suriname	164464.0
saint_lucia	costa_rica	164464.0
saint_lucia	bolivia	164464.0
saint_lucia	venezuela	164464.0
saint_lucia	french_guiana	164464.0
saint_lucia	cayman_islands	164464.0
saint_lucia	brazil	164464.0
saint_lucia	trinidad_tobago	164464.0
saint_lucia	dominican_republic	164464.0
saint_lucia	cuba	164464.0
saint_lucia	guatemala	164464.0
saint_lucia	chile	164464.0
saint_lucia	turks_caicos_islands	164464.0
saint_lucia	haiti	164464.0
saint_lucia	belize	164464.0
saint_lucia	argentina	164464.0
saint_lucia	dominica	164464.0
saint_lucia	el_salvador	164464.0
saint_lucia	puerto_rico	164464.0
saint_lucia	ecuador	164464.0
saint_lucia	guyana	164464.0
saint_lucia	grenada	164464.0
saint_lucia	guadeloupe	164464.0
saint_lucia	antigua_barbuda	164464.0
el_salvador	jamaica	6156670.0
el_salvador	honduras	6156670.0
el_salvador	colombia	6156670.0
el_salvador	mexico	6156670.0
el_salvador	saint_kitts_nevis	6156670.0
el_salvador	united_states	6156670.0
el_salvador	saint_vincent_grenadines	6156670.0
el_salvador	paraguay	6156670.0
el_salvador	nicaragua	6156670.0
el_salvador	barbados	6156670.0
el_salvador	canada	6156670.0
el_salvador	united_states_virgin_islands	6156670.0
el_salvador	martinique	6156670.0
el_salvador	peru	6156670.0
el_salvador	curacao	6156670.0
el_salvador	panama	6156670.0
el_salvador	uruguay	6156670.0
el_salvador	bahamas	6156670.0
el_salvador	bermuda	6156670.0
el_salvador	aruba	6156670.0
el_salvador	suriname	6156670.0
el_salvador	costa_rica	6156670.0
el_salvador	bolivia	6156670.0
el_salvador	venezuela	6156670.0
el_salvador	french_guiana	6156670.0
el_salvador	cayman_islands	6156670.0
el_salvador	brazil	6156670.0
el_salvador	trinidad_tobago	6156670.0
el_salvador	dominican_republic	6156670.0
el_salvador	cuba	6156670.0
el_salvador	guatemala	6156670.0
el_salvador	chile	6156670.0
el_salvador	turks_caicos_islands	6156670.0
el_salvador	haiti	6156670.0
el_salvador	belize	6156670.0
el_salvador	argentina	6156670.0
el_salvador	dominica	6156670.0
el_salvador	saint_lucia	6156670.0
el_salvador	puerto_rico	6156670.0
el_salvador	ecuador	6156670.0
el_salvador	guyana	6156670.0
el_salvador	grenada	6156670.0
el_salvador	guadeloupe	6156670.0
el_salvador	antigua_barbuda	6156670.0
puerto_rico	jamaica	3578056.0
puerto_rico	honduras	3578056.0
puerto_rico	colombia	3578056.0
puerto_rico	mexico	3578056.0
puerto_rico	saint_kitts_nevis	3578056.0
puerto_rico	united_states	3578056.0
puerto_rico	saint_vincent_grenadines	3578056.0
puerto_rico	paraguay	3578056.0
puerto_rico	nicaragua	3578056.0
puerto_rico	barbados	3578056.0
puerto_rico	canada	3578056.0
puerto_rico	united_states_virgin_islands	3578056.0
puerto_rico	martinique	3578056.0
puerto_rico	peru	3578056.0
puerto_rico	curacao	3578056.0
puerto_rico	panama	3578056.0
puerto_rico	uruguay	3578056.0
puerto_rico	bahamas	3578056.0
puerto_rico	bermuda	3578056.0
puerto_rico	aruba	3578056.0
puerto_rico	suriname	3578056.0
puerto_rico	costa_rica	3578056.0
puerto_rico	bolivia	3578056.0
puerto_rico	venezuela	3578056.0
puerto_rico	french_guiana	3578056.0
puerto_rico	cayman_islands	3578056.0
puerto_rico	brazil	3578056.0
puerto_rico	trinidad_tobago	3578056.0
puerto_rico	dominican_republic	3578056.0
puerto_rico	cuba	3578056.0
puerto_rico	guatemala	3578056.0
puerto_rico	chile	3578056.0
puerto_rico	turks_caicos_islands	3578056.0
puerto_rico	haiti	3578056.0
puerto_rico	belize	3578056.0
puerto_rico	argentina	3578056.0
puerto_rico	dominica	3578056.0
puerto_rico	saint_lucia	3578056.0
puerto_rico	el_salvador	3578056.0
puerto_rico	ecuador	3578056.0
puerto_rico	guyana	3578056.0
puerto_rico	grenada	3578056.0
puerto_rico	guadeloupe	3578056.0
puerto_rico	antigua_barbuda	3578056.0
ecuador	jamaica	16080778.0
ecuador	honduras	16080778.0
ecuador	colombia	16080778.0
ecuador	mexico	16080778.0
ecuador	saint_kitts_nevis	16080778.0
ecuador	united_states	16080778.0
ecuador	saint_vincent_grenadines	16080778.0
ecuador	paraguay	16080778.0
ecuador	nicaragua	16080778.0
ecuador	barbados	16080778.0
ecuador	canada	16080778.0
ecuador	united_states_virgin_islands	16080778.0
ecuador	martinique	16080778.0
ecuador	peru	16080778.0
ecuador	curacao	16080778.0
ecuador	panama	16080778.0
ecuador	uruguay	16080778.0
ecuador	bahamas	16080778.0
ecuador	bermuda	16080778.0
ecuador	aruba	16080778.0
ecuador	suriname	16080778.0
ecuador	costa_rica	16080778.0
ecuador	bolivia	16080778.0
ecuador	venezuela	16080778.0
ecuador	french_guiana	16080778.0
ecuador	cayman_islands	16080778.0
ecuador	brazil	16080778.0
ecuador	trinidad_tobago	16080778.0
ecuador	dominican_republic	16080778.0
ecuador	cuba	16080778.0
ecuador	guatemala	16080778.0
ecuador	chile	16080778.0
ecuador	turks_caicos_islands	16080778.0
ecuador	haiti	16080778.0
ecuador	belize	16080778.0
ecuador	argentina	16080778.0
ecuador	dominica	16080778.0
ecuador	saint_lucia	16080778.0
ecuador	el_salvador	16080778.0
ecuador	puerto_rico	16080778.0
ecuador	guyana	16080778.0
ecuador	grenada	16080778.0
ecuador	guadeloupe	16080778.0
ecuador	antigua_barbuda	16080778.0
guyana	jamaica	735909.0
guyana	honduras	735909.0
guyana	colombia	735909.0
guyana	mexico	735909.0
guyana	saint_kitts_nevis	735909.0
guyana	united_states	735909.0
guyana	saint_vincent_grenadines	735909.0
guyana	paraguay	735909.0
guyana	nicaragua	735909.0
guyana	barbados	735909.0
guyana	canada	735909.0
guyana	united_states_virgin_islands	735909.0
guyana	martinique	735909.0
guyana	peru	735909.0
guyana	curacao	735909.0
guyana	panama	735909.0
guyana	uruguay	735909.0
guyana	bahamas	735909.0
guyana	bermuda	735909.0
guyana	aruba	735909.0
guyana	suriname	735909.0
guyana	costa_rica	735909.0
guyana	bolivia	735909.0
guyana	venezuela	735909.0
guyana	french_guiana	735909.0
guyana	cayman_islands	735909.0
guyana	brazil	735909.0
guyana	trinidad_tobago	735909.0
guyana	dominican_republic	735909.0
guyana	cuba	735909.0
guyana	guatemala	735909.0
guyana	chile	735909.0
guyana	turks_caicos_islands	735909.0
guyana	haiti	735909.0
guyana	belize	735909.0
guyana	argentina	735909.0
guyana	dominica	735909.0
guyana	saint_lucia	735909.0
guyana	el_salvador	735909.0
guyana	puerto_rico	735909.0
guyana	ecuador	735909.0
guyana	grenada	735909.0
guyana	guadeloupe	735909.0
guyana	antigua_barbuda	735909.0
grenada	jamaica	111219.0
grenada	honduras	111219.0
grenada	colombia	111219.0
grenada	mexico	111219.0
grenada	saint_kitts_nevis	111219.0
grenada	united_states	111219.0
grenada	saint_vincent_grenadines	111219.0
grenada	paraguay	111219.0
grenada	nicaragua	111219.0
grenada	barbados	111219.0
grenada	canada	111219.0
grenada	united_states_virgin_islands	111219.0
grenada	martinique	111219.0
grenada	peru	111219.0
grenada	curacao	111219.0
grenada	panama	111219.0
grenada	uruguay	111219.0
grenada	bahamas	111219.0
grenada	bermuda	111219.0
grenada	aruba	111219.0
grenada	suriname	111219.0
grenada	costa_rica	111219.0
grenada	bolivia	111219.0
grenada	venezuela	111219.0
grenada	french_guiana	111219.0
grenada	cayman_islands	111219.0
grenada	brazil	111219.0
grenada	trinidad_tobago	111219.0
grenada	dominican_republic	111219.0
grenada	cuba	111219.0
grenada	guatemala	111219.0
grenada	chile	111219.0
grenada	turks_caicos_islands	111219.0
grenada	haiti	111219.0
grenada	belize	111219.0
grenada	argentina	111219.0
grenada	dominica	111219.0
grenada	saint_lucia	111219.0
grenada	el_salvador	111219.0
grenada	puerto_rico	111219.0
grenada	ecuador	111219.0
grenada	guyana	111219.0
grenada	guadeloupe	111219.0
grenada	antigua_barbuda	111219.0
guadeloupe	jamaica	402119.0
guadeloupe	honduras	402119.0
guadeloupe	colombia	402119.0
guadeloupe	mexico	402119.0
guadeloupe	saint_kitts_nevis	402119.0
guadeloupe	united_states	402119.0
guadeloupe	saint_vincent_grenadines	402119.0
guadeloupe	paraguay	402119.0
guadeloupe	nicaragua	402119.0
guadeloupe	barbados	402119.0
guadeloupe	canada	402119.0
guadeloupe	united_states_virgin_islands	402119.0
guadeloupe	martinique	402119.0
guadeloupe	peru	402119.0
guadeloupe	curacao	402119.0
guadeloupe	panama	402119.0
guadeloupe	uruguay	402119.0
guadeloupe	bahamas	402119.0
guadeloupe	bermuda	402119.0
guadeloupe	aruba	402119.0
guadeloupe	suriname	402119.0
guadeloupe	costa_rica	402119.0
guadeloupe	bolivia	402119.0
guadeloupe	venezuela	402119.0
guadeloupe	french_guiana	402119.0
guadeloupe	cayman_islands	402119.0
guadeloupe	brazil	402119.0
guadeloupe	trinidad_tobago	402119.0
guadeloupe	dominican_republic	402119.0
guadeloupe	cuba	402119.0
guadeloupe	guatemala	402119.0
guadeloupe	chile	402119.0
guadeloupe	turks_caicos_islands	402119.0
guadeloupe	haiti	402119.0
guadeloupe	belize	402119.0
guadeloupe	argentina	402119.0
guadeloupe	dominica	402119.0
guadeloupe	saint_lucia	402119.0
guadeloupe	el_salvador	402119.0
guadeloupe	puerto_rico	402119.0
guadeloupe	ecuador	402119.0
guadeloupe	guyana	402119.0
guadeloupe	grenada	402119.0
guadeloupe	antigua_barbuda	402119.0
antigua_barbuda	jamaica	93581.0
antigua_barbuda	honduras	93581.0
antigua_barbuda	colombia	93581.0
antigua_barbuda	mexico	93581.0
antigua_barbuda	saint_kitts_nevis	93581.0
antigua_barbuda	united_states	93581.0
antigua_barbuda	saint_vincent_grenadines	93581.0
antigua_barbuda	paraguay	93581.0
antigua_barbuda	nicaragua	93581.0
antigua_barbuda	barbados	93581.0
antigua_barbuda	canada	93581.0
antigua_barbuda	united_states_virgin_islands	93581.0
antigua_barbuda	martinique	93581.0
antigua_barbuda	peru	93581.0
antigua_barbuda	curacao	93581.0
antigua_barbuda	panama	93581.0
antigua_barbuda	uruguay	93581.0
antigua_barbuda	bahamas	93581.0
antigua_barbuda	bermuda	93581.0
antigua_barbuda	aruba	93581.0
antigua_barbuda	suriname	93581.0
antigua_barbuda	costa_rica	93581.0
antigua_barbuda	bolivia	93581.0
antigua_barbuda	venezuela	93581.0
antigua_barbuda	french_guiana	93581.0
antigua_barbuda	cayman_islands	93581.0
antigua_barbuda	brazil	93581.0
antigua_barbuda	trinidad_tobago	93581.0
antigua_barbuda	dominican_republic	93581.0
antigua_barbuda	cuba	93581.0
antigua_barbuda	guatemala	93581.0
antigua_barbuda	chile	93581.0
antigua_barbuda	turks_caicos_islands	93581.0
antigua_barbuda	haiti	93581.0
antigua_barbuda	belize	93581.0
antigua_barbuda	argentina	93581.0
antigua_barbuda	dominica	93581.0
antigua_barbuda	saint_lucia	93581.0
antigua_barbuda	el_salvador	93581.0
antigua_barbuda	puerto_rico	93581.0
antigua_barbuda	ecuador	93581.0
antigua_barbuda	guyana	93581.0
antigua_barbuda	grenada	93581.0
antigua_barbuda	guadeloupe	93581.0
