origin	destination	origin_urban_proportion
canada	united_states	0.82006
canada	bermuda	0.82006
canada	mexico	0.82006
canada	belize	0.82006
canada	guatemala	0.82006
canada	honduras	0.82006
canada	el_salvador	0.82006
canada	nicaragua	0.82006
canada	costa_rica	0.82006
canada	panama	0.82006
canada	bahamas	0.82006
canada	cuba	0.82006
canada	turks_caicos_islands	0.82006
canada	cayman_islands	0.82006
canada	jamaica	0.82006
canada	haiti	0.82006
canada	dominican_republic	0.82006
canada	puerto_rico	0.82006
canada	united_states_virgin_islands	0.82006
canada	saint_kitts_nevis	0.82006
canada	antigua_barbuda	0.82006
canada	guadeloupe	0.82006
canada	dominica	0.82006
canada	martinique	0.82006
canada	saint_lucia	0.82006
canada	saint_vincent_grenadines	0.82006
canada	barbados	0.82006
canada	grenada	0.82006
canada	trinidad_tobago	0.82006
canada	curacao	0.82006
canada	aruba	0.82006
canada	french_guiana	0.82006
canada	suriname	0.82006
canada	guyana	0.82006
canada	venezuela	0.82006
canada	colombia	0.82006
canada	ecuador	0.82006
canada	peru	0.82006
canada	bolivia	0.82006
canada	brazil	0.82006
canada	paraguay	0.82006
canada	uruguay	0.82006
canada	argentina	0.82006
canada	chile	0.82006
united_states	canada	0.81788
united_states	bermuda	0.81788
united_states	mexico	0.81788
united_states	belize	0.81788
united_states	guatemala	0.81788
united_states	honduras	0.81788
united_states	el_salvador	0.81788
united_states	nicaragua	0.81788
united_states	costa_rica	0.81788
united_states	panama	0.81788
united_states	bahamas	0.81788
united_states	cuba	0.81788
united_states	turks_caicos_islands	0.81788
united_states	cayman_islands	0.81788
united_states	jamaica	0.81788
united_states	haiti	0.81788
united_states	dominican_republic	0.81788
united_states	puerto_rico	0.81788
united_states	united_states_virgin_islands	0.81788
united_states	saint_kitts_nevis	0.81788
united_states	antigua_barbuda	0.81788
united_states	guadeloupe	0.81788
united_states	dominica	0.81788
united_states	martinique	0.81788
united_states	saint_lucia	0.81788
united_states	saint_vincent_grenadines	0.81788
united_states	barbados	0.81788
united_states	grenada	0.81788
united_states	trinidad_tobago	0.81788
united_states	curacao	0.81788
united_states	aruba	0.81788
united_states	french_guiana	0.81788
united_states	suriname	0.81788
united_states	guyana	0.81788
united_states	venezuela	0.81788
united_states	colombia	0.81788
united_states	ecuador	0.81788
united_states	peru	0.81788
united_states	bolivia	0.81788
united_states	brazil	0.81788
united_states	paraguay	0.81788
united_states	uruguay	0.81788
united_states	argentina	0.81788
united_states	chile	0.81788
bermuda	canada	1.0
bermuda	united_states	1.0
bermuda	mexico	1.0
bermuda	belize	1.0
bermuda	guatemala	1.0
bermuda	honduras	1.0
bermuda	el_salvador	1.0
bermuda	nicaragua	1.0
bermuda	costa_rica	1.0
bermuda	panama	1.0
bermuda	bahamas	1.0
bermuda	cuba	1.0
bermuda	turks_caicos_islands	1.0
bermuda	cayman_islands	1.0
bermuda	jamaica	1.0
bermuda	haiti	1.0
bermuda	dominican_republic	1.0
bermuda	puerto_rico	1.0
bermuda	united_states_virgin_islands	1.0
bermuda	saint_kitts_nevis	1.0
bermuda	antigua_barbuda	1.0
bermuda	guadeloupe	1.0
bermuda	dominica	1.0
bermuda	martinique	1.0
bermuda	saint_lucia	1.0
bermuda	saint_vincent_grenadines	1.0
bermuda	barbados	1.0
bermuda	grenada	1.0
bermuda	trinidad_tobago	1.0
bermuda	curacao	1.0
bermuda	aruba	1.0
bermuda	french_guiana	1.0
bermuda	suriname	1.0
bermuda	guyana	1.0
bermuda	venezuela	1.0
bermuda	colombia	1.0
bermuda	ecuador	1.0
bermuda	peru	1.0
bermuda	bolivia	1.0
bermuda	brazil	1.0
bermuda	paraguay	1.0
bermuda	uruguay	1.0
bermuda	argentina	1.0
bermuda	chile	1.0
mexico	canada	0.79517
mexico	united_states	0.79517
mexico	bermuda	0.79517
mexico	belize	0.79517
mexico	guatemala	0.79517
mexico	honduras	0.79517
mexico	el_salvador	0.79517
mexico	nicaragua	0.79517
mexico	costa_rica	0.79517
mexico	panama	0.79517
mexico	bahamas	0.79517
mexico	cuba	0.79517
mexico	turks_caicos_islands	0.79517
mexico	cayman_islands	0.79517
mexico	jamaica	0.79517
mexico	haiti	0.79517
mexico	dominican_republic	0.79517
mexico	puerto_rico	0.79517
mexico	united_states_virgin_islands	0.79517
mexico	saint_kitts_nevis	0.79517
mexico	antigua_barbuda	0.79517
mexico	guadeloupe	0.79517
mexico	dominica	0.79517
mexico	martinique	0.79517
mexico	saint_lucia	0.79517
mexico	saint_vincent_grenadines	0.79517
mexico	barbados	0.79517
mexico	grenada	0.79517
mexico	trinidad_tobago	0.79517
mexico	curacao	0.79517
mexico	aruba	0.79517
mexico	french_guiana	0.79517
mexico	suriname	0.79517
mexico	guyana	0.79517
mexico	venezuela	0.79517
mexico	colombia	0.79517
mexico	ecuador	0.79517
mexico	peru	0.79517
mexico	bolivia	0.79517
mexico	brazil	0.79517
mexico	paraguay	0.79517
mexico	uruguay	0.79517
mexico	argentina	0.79517
mexico	chile	0.79517
belize	canada	0.43845
belize	united_states	0.43845
belize	bermuda	0.43845
belize	mexico	0.43845
belize	guatemala	0.43845
belize	honduras	0.43845
belize	el_salvador	0.43845
belize	nicaragua	0.43845
belize	costa_rica	0.43845
belize	panama	0.43845
belize	bahamas	0.43845
belize	cuba	0.43845
belize	turks_caicos_islands	0.43845
belize	cayman_islands	0.43845
belize	jamaica	0.43845
belize	haiti	0.43845
belize	dominican_republic	0.43845
belize	puerto_rico	0.43845
belize	united_states_virgin_islands	0.43845
belize	saint_kitts_nevis	0.43845
belize	antigua_barbuda	0.43845
belize	guadeloupe	0.43845
belize	dominica	0.43845
belize	martinique	0.43845
belize	saint_lucia	0.43845
belize	saint_vincent_grenadines	0.43845
belize	barbados	0.43845
belize	grenada	0.43845
belize	trinidad_tobago	0.43845
belize	curacao	0.43845
belize	aruba	0.43845
belize	french_guiana	0.43845
belize	suriname	0.43845
belize	guyana	0.43845
belize	venezuela	0.43845
belize	colombia	0.43845
belize	ecuador	0.43845
belize	peru	0.43845
belize	bolivia	0.43845
belize	brazil	0.43845
belize	paraguay	0.43845
belize	uruguay	0.43845
belize	argentina	0.43845
belize	chile	0.43845
guatemala	canada	0.5203
guatemala	united_states	0.5203
guatemala	bermuda	0.5203
guatemala	mexico	0.5203
guatemala	belize	0.5203
guatemala	honduras	0.5203
guatemala	el_salvador	0.5203
guatemala	nicaragua	0.5203
guatemala	costa_rica	0.5203
guatemala	panama	0.5203
guatemala	bahamas	0.5203
guatemala	cuba	0.5203
guatemala	turks_caicos_islands	0.5203
guatemala	cayman_islands	0.5203
guatemala	jamaica	0.5203
guatemala	haiti	0.5203
guatemala	dominican_republic	0.5203
guatemala	puerto_rico	0.5203
guatemala	united_states_virgin_islands	0.5203
guatemala	saint_kitts_nevis	0.5203
guatemala	antigua_barbuda	0.5203
guatemala	guadeloupe	0.5203
guatemala	dominica	0.5203
guatemala	martinique	0.5203
guatemala	saint_lucia	0.5203
guatemala	saint_vincent_grenadines	0.5203
guatemala	barbados	0.5203
guatemala	grenada	0.5203
guatemala	trinidad_tobago	0.5203
guatemala	curacao	0.5203
guatemala	aruba	0.5203
guatemala	french_guiana	0.5203
guatemala	suriname	0.5203
guatemala	guyana	0.5203
guatemala	venezuela	0.5203
guatemala	colombia	0.5203
guatemala	ecuador	0.5203
guatemala	peru	0.5203
guatemala	bolivia	0.5203
guatemala	brazil	0.5203
guatemala	paraguay	0.5203
guatemala	uruguay	0.5203
guatemala	argentina	0.5203
guatemala	chile	0.5203
honduras	canada	0.55315
honduras	united_states	0.55315
honduras	bermuda	0.55315
honduras	mexico	0.55315
honduras	belize	0.55315
honduras	guatemala	0.55315
honduras	el_salvador	0.55315
honduras	nicaragua	0.55315
honduras	costa_rica	0.55315
honduras	panama	0.55315
honduras	bahamas	0.55315
honduras	cuba	0.55315
honduras	turks_caicos_islands	0.55315
honduras	cayman_islands	0.55315
honduras	jamaica	0.55315
honduras	haiti	0.55315
honduras	dominican_republic	0.55315
honduras	puerto_rico	0.55315
honduras	united_states_virgin_islands	0.55315
honduras	saint_kitts_nevis	0.55315
honduras	antigua_barbuda	0.55315
honduras	guadeloupe	0.55315
honduras	dominica	0.55315
honduras	martinique	0.55315
honduras	saint_lucia	0.55315
honduras	saint_vincent_grenadines	0.55315
honduras	barbados	0.55315
honduras	grenada	0.55315
honduras	trinidad_tobago	0.55315
honduras	curacao	0.55315
honduras	aruba	0.55315
honduras	french_guiana	0.55315
honduras	suriname	0.55315
honduras	guyana	0.55315
honduras	venezuela	0.55315
honduras	colombia	0.55315
honduras	ecuador	0.55315
honduras	peru	0.55315
honduras	bolivia	0.55315
honduras	brazil	0.55315
honduras	paraguay	0.55315
honduras	uruguay	0.55315
honduras	argentina	0.55315
honduras	chile	0.55315
el_salvador	canada	0.67189
el_salvador	united_states	0.67189
el_salvador	bermuda	0.67189
el_salvador	mexico	0.67189
el_salvador	belize	0.67189
el_salvador	guatemala	0.67189
el_salvador	honduras	0.67189
el_salvador	nicaragua	0.67189
el_salvador	costa_rica	0.67189
el_salvador	panama	0.67189
el_salvador	bahamas	0.67189
el_salvador	cuba	0.67189
el_salvador	turks_caicos_islands	0.67189
el_salvador	cayman_islands	0.67189
el_salvador	jamaica	0.67189
el_salvador	haiti	0.67189
el_salvador	dominican_republic	0.67189
el_salvador	puerto_rico	0.67189
el_salvador	united_states_virgin_islands	0.67189
el_salvador	saint_kitts_nevis	0.67189
el_salvador	antigua_barbuda	0.67189
el_salvador	guadeloupe	0.67189
el_salvador	dominica	0.67189
el_salvador	martinique	0.67189
el_salvador	saint_lucia	0.67189
el_salvador	saint_vincent_grenadines	0.67189
el_salvador	barbados	0.67189
el_salvador	grenada	0.67189
el_salvador	trinidad_tobago	0.67189
el_salvador	curacao	0.67189
el_salvador	aruba	0.67189
el_salvador	french_guiana	0.67189
el_salvador	suriname	0.67189
el_salvador	guyana	0.67189
el_salvador	venezuela	0.67189
el_salvador	colombia	0.67189
el_salvador	ecuador	0.67189
el_salvador	peru	0.67189
el_salvador	bolivia	0.67189
el_salvador	brazil	0.67189
el_salvador	paraguay	0.67189
el_salvador	uruguay	0.67189
el_salvador	argentina	0.67189
el_salvador	chile	0.67189
nicaragua	canada	0.59107
nicaragua	united_states	0.59107
nicaragua	bermuda	0.59107
nicaragua	mexico	0.59107
nicaragua	belize	0.59107
nicaragua	guatemala	0.59107
nicaragua	honduras	0.59107
nicaragua	el_salvador	0.59107
nicaragua	costa_rica	0.59107
nicaragua	panama	0.59107
nicaragua	bahamas	0.59107
nicaragua	cuba	0.59107
nicaragua	turks_caicos_islands	0.59107
nicaragua	cayman_islands	0.59107
nicaragua	jamaica	0.59107
nicaragua	haiti	0.59107
nicaragua	dominican_republic	0.59107
nicaragua	puerto_rico	0.59107
nicaragua	united_states_virgin_islands	0.59107
nicaragua	saint_kitts_nevis	0.59107
nicaragua	antigua_barbuda	0.59107
nicaragua	guadeloupe	0.59107
nicaragua	dominica	0.59107
nicaragua	martinique	0.59107
nicaragua	saint_lucia	0.59107
nicaragua	saint_vincent_grenadines	0.59107
nicaragua	barbados	0.59107
nicaragua	grenada	0.59107
nicaragua	trinidad_tobago	0.59107
nicaragua	curacao	0.59107
nicaragua	aruba	0.59107
nicaragua	french_guiana	0.59107
nicaragua	suriname	0.59107
nicaragua	guyana	0.59107
nicaragua	venezuela	0.59107
nicaragua	colombia	0.59107
nicaragua	ecuador	0.59107
nicaragua	peru	0.59107
nicaragua	bolivia	0.59107
nicaragua	brazil	0.59107
nicaragua	paraguay	0.59107
nicaragua	uruguay	0.59107
nicaragua	argentina	0.59107
nicaragua	chile	0.59107
costa_rica	canada	0.77675
costa_rica	united_states	0.77675
costa_rica	bermuda	0.77675
costa_rica	mexico	0.77675
costa_rica	belize	0.77675
costa_rica	guatemala	0.77675
costa_rica	honduras	0.77675
costa_rica	el_salvador	0.77675
costa_rica	nicaragua	0.77675
costa_rica	panama	0.77675
costa_rica	bahamas	0.77675
costa_rica	cuba	0.77675
costa_rica	turks_caicos_islands	0.77675
costa_rica	cayman_islands	0.77675
costa_rica	jamaica	0.77675
costa_rica	haiti	0.77675
costa_rica	dominican_republic	0.77675
costa_rica	puerto_rico	0.77675
costa_rica	united_states_virgin_islands	0.77675
costa_rica	saint_kitts_nevis	0.77675
costa_rica	antigua_barbuda	0.77675
costa_rica	guadeloupe	0.77675
costa_rica	dominica	0.77675
costa_rica	martinique	0.77675
costa_rica	saint_lucia	0.77675
costa_rica	saint_vincent_grenadines	0.77675
costa_rica	barbados	0.77675
costa_rica	grenada	0.77675
costa_rica	trinidad_tobago	0.77675
costa_rica	curacao	0.77675
costa_rica	aruba	0.77675
costa_rica	french_guiana	0.77675
costa_rica	suriname	0.77675
costa_rica	guyana	0.77675
costa_rica	venezuela	0.77675
costa_rica	colombia	0.77675
costa_rica	ecuador	0.77675
costa_rica	peru	0.77675
costa_rica	bolivia	0.77675
costa_rica	brazil	0.77675
costa_rica	paraguay	0.77675
costa_rica	uruguay	0.77675
costa_rica	argentina	0.77675
costa_rica	chile	0.77675
panama	canada	0.66895
panama	united_states	0.66895
panama	bermuda	0.66895
panama	mexico	0.66895
panama	belize	0.66895
panama	guatemala	0.66895
panama	honduras	0.66895
panama	el_salvador	0.66895
panama	nicaragua	0.66895
panama	costa_rica	0.66895
panama	bahamas	0.66895
panama	cuba	0.66895
panama	turks_caicos_islands	0.66895
panama	cayman_islands	0.66895
panama	jamaica	0.66895
panama	haiti	0.66895
panama	dominican_republic	0.66895
panama	puerto_rico	0.66895
panama	united_states_virgin_islands	0.66895
panama	saint_kitts_nevis	0.66895
panama	antigua_barbuda	0.66895
panama	guadeloupe	0.66895
panama	dominica	0.66895
panama	martinique	0.66895
panama	saint_lucia	0.66895
panama	saint_vincent_grenadines	0.66895
panama	barbados	0.66895
panama	grenada	0.66895
panama	trinidad_tobago	0.66895
panama	curacao	0.66895
panama	aruba	0.66895
panama	french_guiana	0.66895
panama	suriname	0.66895
panama	guyana	0.66895
panama	venezuela	0.66895
panama	colombia	0.66895
panama	ecuador	0.66895
panama	peru	0.66895
panama	bolivia	0.66895
panama	brazil	0.66895
panama	paraguay	0.66895
panama	uruguay	0.66895
panama	argentina	0.66895
panama	chile	0.66895
bahamas	canada	0.82951
bahamas	united_states	0.82951
bahamas	bermuda	0.82951
bahamas	mexico	0.82951
bahamas	belize	0.82951
bahamas	guatemala	0.82951
bahamas	honduras	0.82951
bahamas	el_salvador	0.82951
bahamas	nicaragua	0.82951
bahamas	costa_rica	0.82951
bahamas	panama	0.82951
bahamas	cuba	0.82951
bahamas	turks_caicos_islands	0.82951
bahamas	cayman_islands	0.82951
bahamas	jamaica	0.82951
bahamas	haiti	0.82951
bahamas	dominican_republic	0.82951
bahamas	puerto_rico	0.82951
bahamas	united_states_virgin_islands	0.82951
bahamas	saint_kitts_nevis	0.82951
bahamas	antigua_barbuda	0.82951
bahamas	guadeloupe	0.82951
bahamas	dominica	0.82951
bahamas	martinique	0.82951
bahamas	saint_lucia	0.82951
bahamas	saint_vincent_grenadines	0.82951
bahamas	barbados	0.82951
bahamas	grenada	0.82951
bahamas	trinidad_tobago	0.82951
bahamas	curacao	0.82951
bahamas	aruba	0.82951
bahamas	french_guiana	0.82951
bahamas	suriname	0.82951
bahamas	guyana	0.82951
bahamas	venezuela	0.82951
bahamas	colombia	0.82951
bahamas	ecuador	0.82951
bahamas	peru	0.82951
bahamas	bolivia	0.82951
bahamas	brazil	0.82951
bahamas	paraguay	0.82951
bahamas	uruguay	0.82951
bahamas	argentina	0.82951
bahamas	chile	0.82951
cuba	canada	0.77184
cuba	united_states	0.77184
cuba	bermuda	0.77184
cuba	mexico	0.77184
cuba	belize	0.77184
cuba	guatemala	0.77184
cuba	honduras	0.77184
cuba	el_salvador	0.77184
cuba	nicaragua	0.77184
cuba	costa_rica	0.77184
cuba	panama	0.77184
cuba	bahamas	0.77184
cuba	turks_caicos_islands	0.77184
cuba	cayman_islands	0.77184
cuba	jamaica	0.77184
cuba	haiti	0.77184
cuba	dominican_republic	0.77184
cuba	puerto_rico	0.77184
cuba	united_states_virgin_islands	0.77184
cuba	saint_kitts_nevis	0.77184
cuba	antigua_barbuda	0.77184
cuba	guadeloupe	0.77184
cuba	dominica	0.77184
cuba	martinique	0.77184
cuba	saint_lucia	0.77184
cuba	saint_vincent_grenadines	0.77184
cuba	barbados	0.77184
cuba	grenada	0.77184
cuba	trinidad_tobago	0.77184
cuba	curacao	0.77184
cuba	aruba	0.77184
cuba	french_guiana	0.77184
cuba	suriname	0.77184
cuba	guyana	0.77184
cuba	venezuela	0.77184
cuba	colombia	0.77184
cuba	ecuador	0.77184
cuba	peru	0.77184
cuba	bolivia	0.77184
cuba	brazil	0.77184
cuba	paraguay	0.77184
cuba	uruguay	0.77184
cuba	argentina	0.77184
cuba	chile	0.77184
turks_caicos_islands	canada	0.92502
turks_caicos_islands	united_states	0.92502
turks_caicos_islands	bermuda	0.92502
turks_caicos_islands	mexico	0.92502
turks_caicos_islands	belize	0.92502
turks_caicos_islands	guatemala	0.92502
turks_caicos_islands	honduras	0.92502
turks_caicos_islands	el_salvador	0.92502
turks_caicos_islands	nicaragua	0.92502
turks_caicos_islands	costa_rica	0.92502
turks_caicos_islands	panama	0.92502
turks_caicos_islands	bahamas	0.92502
turks_caicos_islands	cuba	0.92502
turks_caicos_islands	cayman_islands	0.92502
turks_caicos_islands	jamaica	0.92502
turks_caicos_islands	haiti	0.92502
turks_caicos_islands	dominican_republic	0.92502
turks_caicos_islands	puerto_rico	0.92502
turks_caicos_islands	united_states_virgin_islands	0.92502
turks_caicos_islands	saint_kitts_nevis	0.92502
turks_caicos_islands	antigua_barbuda	0.92502
turks_caicos_islands	guadeloupe	0.92502
turks_caicos_islands	dominica	0.92502
turks_caicos_islands	martinique	0.92502
turks_caicos_islands	saint_lucia	0.92502
turks_caicos_islands	saint_vincent_grenadines	0.92502
turks_caicos_islands	barbados	0.92502
turks_caicos_islands	grenada	0.92502
turks_caicos_islands	trinidad_tobago	0.92502
turks_caicos_islands	curacao	0.92502
turks_caicos_islands	aruba	0.92502
turks_caicos_islands	french_guiana	0.92502
turks_caicos_islands	suriname	0.92502
turks_caicos_islands	guyana	0.92502
turks_caicos_islands	venezuela	0.92502
turks_caicos_islands	colombia	0.92502
turks_caicos_islands	ecuador	0.92502
turks_caicos_islands	peru	0.92502
turks_caicos_islands	bolivia	0.92502
turks_caicos_islands	brazil	0.92502
turks_caicos_islands	paraguay	0.92502
turks_caicos_islands	uruguay	0.92502
turks_caicos_islands	argentina	0.92502
turks_caicos_islands	chile	0.92502
cayman_islands	canada	1.0
cayman_islands	united_states	1.0
cayman_islands	bermuda	1.0
cayman_islands	mexico	1.0
cayman_islands	belize	1.0
cayman_islands	guatemala	1.0
cayman_islands	honduras	1.0
cayman_islands	el_salvador	1.0
cayman_islands	nicaragua	1.0
cayman_islands	costa_rica	1.0
cayman_islands	panama	1.0
cayman_islands	bahamas	1.0
cayman_islands	cuba	1.0
cayman_islands	turks_caicos_islands	1.0
cayman_islands	jamaica	1.0
cayman_islands	haiti	1.0
cayman_islands	dominican_republic	1.0
cayman_islands	puerto_rico	1.0
cayman_islands	united_states_virgin_islands	1.0
cayman_islands	saint_kitts_nevis	1.0
cayman_islands	antigua_barbuda	1.0
cayman_islands	guadeloupe	1.0
cayman_islands	dominica	1.0
cayman_islands	martinique	1.0
cayman_islands	saint_lucia	1.0
cayman_islands	saint_vincent_grenadines	1.0
cayman_islands	barbados	1.0
cayman_islands	grenada	1.0
cayman_islands	trinidad_tobago	1.0
cayman_islands	curacao	1.0
cayman_islands	aruba	1.0
cayman_islands	french_guiana	1.0
cayman_islands	suriname	1.0
cayman_islands	guyana	1.0
cayman_islands	venezuela	1.0
cayman_islands	colombia	1.0
cayman_islands	ecuador	1.0
cayman_islands	peru	1.0
cayman_islands	bolivia	1.0
cayman_islands	brazil	1.0
cayman_islands	paraguay	1.0
cayman_islands	uruguay	1.0
cayman_islands	argentina	1.0
cayman_islands	chile	1.0
jamaica	canada	0.5503
jamaica	united_states	0.5503
jamaica	bermuda	0.5503
jamaica	mexico	0.5503
jamaica	belize	0.5503
jamaica	guatemala	0.5503
jamaica	honduras	0.5503
jamaica	el_salvador	0.5503
jamaica	nicaragua	0.5503
jamaica	costa_rica	0.5503
jamaica	panama	0.5503
jamaica	bahamas	0.5503
jamaica	cuba	0.5503
jamaica	turks_caicos_islands	0.5503
jamaica	cayman_islands	0.5503
jamaica	haiti	0.5503
jamaica	dominican_republic	0.5503
jamaica	puerto_rico	0.5503
jamaica	united_states_virgin_islands	0.5503
jamaica	saint_kitts_nevis	0.5503
jamaica	antigua_barbuda	0.5503
jamaica	guadeloupe	0.5503
jamaica	dominica	0.5503
jamaica	martinique	0.5503
jamaica	saint_lucia	0.5503
jamaica	saint_vincent_grenadines	0.5503
jamaica	barbados	0.5503
jamaica	grenada	0.5503
jamaica	trinidad_tobago	0.5503
jamaica	curacao	0.5503
jamaica	aruba	0.5503
jamaica	french_guiana	0.5503
jamaica	suriname	0.5503
jamaica	guyana	0.5503
jamaica	venezuela	0.5503
jamaica	colombia	0.5503
jamaica	ecuador	0.5503
jamaica	peru	0.5503
jamaica	bolivia	0.5503
jamaica	brazil	0.5503
jamaica	paraguay	0.5503
jamaica	uruguay	0.5503
jamaica	argentina	0.5503
jamaica	chile	0.5503
haiti	canada	0.59794
haiti	united_states	0.59794
haiti	bermuda	0.59794
haiti	mexico	0.59794
haiti	belize	0.59794
haiti	guatemala	0.59794
haiti	honduras	0.59794
haiti	el_salvador	0.59794
haiti	nicaragua	0.59794
haiti	costa_rica	0.59794
haiti	panama	0.59794
haiti	bahamas	0.59794
haiti	cuba	0.59794
haiti	turks_caicos_islands	0.59794
haiti	cayman_islands	0.59794
haiti	jamaica	0.59794
haiti	dominican_republic	0.59794
haiti	puerto_rico	0.59794
haiti	united_states_virgin_islands	0.59794
haiti	saint_kitts_nevis	0.59794
haiti	antigua_barbuda	0.59794
haiti	guadeloupe	0.59794
haiti	dominica	0.59794
haiti	martinique	0.59794
haiti	saint_lucia	0.59794
haiti	saint_vincent_grenadines	0.59794
haiti	barbados	0.59794
haiti	grenada	0.59794
haiti	trinidad_tobago	0.59794
haiti	curacao	0.59794
haiti	aruba	0.59794
haiti	french_guiana	0.59794
haiti	suriname	0.59794
haiti	guyana	0.59794
haiti	venezuela	0.59794
haiti	colombia	0.59794
haiti	ecuador	0.59794
haiti	peru	0.59794
haiti	bolivia	0.59794
haiti	brazil	0.59794
haiti	paraguay	0.59794
haiti	uruguay	0.59794
haiti	argentina	0.59794
haiti	chile	0.59794
dominican_republic	canada	0.79841
dominican_republic	united_states	0.79841
dominican_republic	bermuda	0.79841
dominican_republic	mexico	0.79841
dominican_republic	belize	0.79841
dominican_republic	guatemala	0.79841
dominican_republic	honduras	0.79841
dominican_republic	el_salvador	0.79841
dominican_republic	nicaragua	0.79841
dominican_republic	costa_rica	0.79841
dominican_republic	panama	0.79841
dominican_republic	bahamas	0.79841
dominican_republic	cuba	0.79841
dominican_republic	turks_caicos_islands	0.79841
dominican_republic	cayman_islands	0.79841
dominican_republic	jamaica	0.79841
dominican_republic	haiti	0.79841
dominican_republic	puerto_rico	0.79841
dominican_republic	united_states_virgin_islands	0.79841
dominican_republic	saint_kitts_nevis	0.79841
dominican_republic	antigua_barbuda	0.79841
dominican_republic	guadeloupe	0.79841
dominican_republic	dominica	0.79841
dominican_republic	martinique	0.79841
dominican_republic	saint_lucia	0.79841
dominican_republic	saint_vincent_grenadines	0.79841
dominican_republic	barbados	0.79841
dominican_republic	grenada	0.79841
dominican_republic	trinidad_tobago	0.79841
dominican_republic	curacao	0.79841
dominican_republic	aruba	0.79841
dominican_republic	french_guiana	0.79841
dominican_republic	suriname	0.79841
dominican_republic	guyana	0.79841
dominican_republic	venezuela	0.79841
dominican_republic	colombia	0.79841
dominican_republic	ecuador	0.79841
dominican_republic	peru	0.79841
dominican_republic	bolivia	0.79841
dominican_republic	brazil	0.79841
dominican_republic	paraguay	0.79841
dominican_republic	uruguay	0.79841
dominican_republic	argentina	0.79841
dominican_republic	chile	0.79841
puerto_rico	canada	0.93569
puerto_rico	united_states	0.93569
puerto_rico	bermuda	0.93569
puerto_rico	mexico	0.93569
puerto_rico	belize	0.93569
puerto_rico	guatemala	0.93569
puerto_rico	honduras	0.93569
puerto_rico	el_salvador	0.93569
puerto_rico	nicaragua	0.93569
puerto_rico	costa_rica	0.93569
puerto_rico	panama	0.93569
puerto_rico	bahamas	0.93569
puerto_rico	cuba	0.93569
puerto_rico	turks_caicos_islands	0.93569
puerto_rico	cayman_islands	0.93569
puerto_rico	jamaica	0.93569
puerto_rico	haiti	0.93569
puerto_rico	dominican_republic	0.93569
puerto_rico	united_states_virgin_islands	0.93569
puerto_rico	saint_kitts_nevis	0.93569
puerto_rico	antigua_barbuda	0.93569
puerto_rico	guadeloupe	0.93569
puerto_rico	dominica	0.93569
puerto_rico	martinique	0.93569
puerto_rico	saint_lucia	0.93569
puerto_rico	saint_vincent_grenadines	0.93569
puerto_rico	barbados	0.93569
puerto_rico	grenada	0.93569
puerto_rico	trinidad_tobago	0.93569
puerto_rico	curacao	0.93569
puerto_rico	aruba	0.93569
puerto_rico	french_guiana	0.93569
puerto_rico	suriname	0.93569
puerto_rico	guyana	0.93569
puerto_rico	venezuela	0.93569
puerto_rico	colombia	0.93569
puerto_rico	ecuador	0.93569
puerto_rico	peru	0.93569
puerto_rico	bolivia	0.93569
puerto_rico	brazil	0.93569
puerto_rico	paraguay	0.93569
puerto_rico	uruguay	0.93569
puerto_rico	argentina	0.93569
puerto_rico	chile	0.93569
united_states_virgin_islands	canada	0.95459
united_states_virgin_islands	united_states	0.95459
united_states_virgin_islands	bermuda	0.95459
united_states_virgin_islands	mexico	0.95459
united_states_virgin_islands	belize	0.95459
united_states_virgin_islands	guatemala	0.95459
united_states_virgin_islands	honduras	0.95459
united_states_virgin_islands	el_salvador	0.95459
united_states_virgin_islands	nicaragua	0.95459
united_states_virgin_islands	costa_rica	0.95459
united_states_virgin_islands	panama	0.95459
united_states_virgin_islands	bahamas	0.95459
united_states_virgin_islands	cuba	0.95459
united_states_virgin_islands	turks_caicos_islands	0.95459
united_states_virgin_islands	cayman_islands	0.95459
united_states_virgin_islands	jamaica	0.95459
united_states_virgin_islands	haiti	0.95459
united_states_virgin_islands	dominican_republic	0.95459
united_states_virgin_islands	puerto_rico	0.95459
united_states_virgin_islands	saint_kitts_nevis	0.95459
united_states_virgin_islands	antigua_barbuda	0.95459
united_states_virgin_islands	guadeloupe	0.95459
united_states_virgin_islands	dominica	0.95459
united_states_virgin_islands	martinique	0.95459
united_states_virgin_islands	saint_lucia	0.95459
united_states_virgin_islands	saint_vincent_grenadines	0.95459
united_states_virgin_islands	barbados	0.95459
united_states_virgin_islands	grenada	0.95459
united_states_virgin_islands	trinidad_tobago	0.95459
united_states_virgin_islands	curacao	0.95459
united_states_virgin_islands	aruba	0.95459
united_states_virgin_islands	french_guiana	0.95459
united_states_virgin_islands	suriname	0.95459
united_states_virgin_islands	guyana	0.95459
united_states_virgin_islands	venezuela	0.95459
united_states_virgin_islands	colombia	0.95459
united_states_virgin_islands	ecuador	0.95459
united_states_virgin_islands	peru	0.95459
united_states_virgin_islands	bolivia	0.95459
united_states_virgin_islands	brazil	0.95459
united_states_virgin_islands	paraguay	0.95459
united_states_virgin_islands	uruguay	0.95459
united_states_virgin_islands	argentina	0.95459
united_states_virgin_islands	chile	0.95459
saint_kitts_nevis	canada	0.32153
saint_kitts_nevis	united_states	0.32153
saint_kitts_nevis	bermuda	0.32153
saint_kitts_nevis	mexico	0.32153
saint_kitts_nevis	belize	0.32153
saint_kitts_nevis	guatemala	0.32153
saint_kitts_nevis	honduras	0.32153
saint_kitts_nevis	el_salvador	0.32153
saint_kitts_nevis	nicaragua	0.32153
saint_kitts_nevis	costa_rica	0.32153
saint_kitts_nevis	panama	0.32153
saint_kitts_nevis	bahamas	0.32153
saint_kitts_nevis	cuba	0.32153
saint_kitts_nevis	turks_caicos_islands	0.32153
saint_kitts_nevis	cayman_islands	0.32153
saint_kitts_nevis	jamaica	0.32153
saint_kitts_nevis	haiti	0.32153
saint_kitts_nevis	dominican_republic	0.32153
saint_kitts_nevis	puerto_rico	0.32153
saint_kitts_nevis	united_states_virgin_islands	0.32153
saint_kitts_nevis	antigua_barbuda	0.32153
saint_kitts_nevis	guadeloupe	0.32153
saint_kitts_nevis	dominica	0.32153
saint_kitts_nevis	martinique	0.32153
saint_kitts_nevis	saint_lucia	0.32153
saint_kitts_nevis	saint_vincent_grenadines	0.32153
saint_kitts_nevis	barbados	0.32153
saint_kitts_nevis	grenada	0.32153
saint_kitts_nevis	trinidad_tobago	0.32153
saint_kitts_nevis	curacao	0.32153
saint_kitts_nevis	aruba	0.32153
saint_kitts_nevis	french_guiana	0.32153
saint_kitts_nevis	suriname	0.32153
saint_kitts_nevis	guyana	0.32153
saint_kitts_nevis	venezuela	0.32153
saint_kitts_nevis	colombia	0.32153
saint_kitts_nevis	ecuador	0.32153
saint_kitts_nevis	peru	0.32153
saint_kitts_nevis	bolivia	0.32153
saint_kitts_nevis	brazil	0.32153
saint_kitts_nevis	paraguay	0.32153
saint_kitts_nevis	uruguay	0.32153
saint_kitts_nevis	argentina	0.32153
saint_kitts_nevis	chile	0.32153
antigua_barbuda	canada	0.23393
antigua_barbuda	united_states	0.23393
antigua_barbuda	bermuda	0.23393
antigua_barbuda	mexico	0.23393
antigua_barbuda	belize	0.23393
antigua_barbuda	guatemala	0.23393
antigua_barbuda	honduras	0.23393
antigua_barbuda	el_salvador	0.23393
antigua_barbuda	nicaragua	0.23393
antigua_barbuda	costa_rica	0.23393
antigua_barbuda	panama	0.23393
antigua_barbuda	bahamas	0.23393
antigua_barbuda	cuba	0.23393
antigua_barbuda	turks_caicos_islands	0.23393
antigua_barbuda	cayman_islands	0.23393
antigua_barbuda	jamaica	0.23393
antigua_barbuda	haiti	0.23393
antigua_barbuda	dominican_republic	0.23393
antigua_barbuda	puerto_rico	0.23393
antigua_barbuda	united_states_virgin_islands	0.23393
antigua_barbuda	saint_kitts_nevis	0.23393
antigua_barbuda	guadeloupe	0.23393
antigua_barbuda	dominica	0.23393
antigua_barbuda	martinique	0.23393
antigua_barbuda	saint_lucia	0.23393
antigua_barbuda	saint_vincent_grenadines	0.23393
antigua_barbuda	barbados	0.23393
antigua_barbuda	grenada	0.23393
antigua_barbuda	trinidad_tobago	0.23393
antigua_barbuda	curacao	0.23393
antigua_barbuda	aruba	0.23393
antigua_barbuda	french_guiana	0.23393
antigua_barbuda	suriname	0.23393
antigua_barbuda	guyana	0.23393
antigua_barbuda	venezuela	0.23393
antigua_barbuda	colombia	0.23393
antigua_barbuda	ecuador	0.23393
antigua_barbuda	peru	0.23393
antigua_barbuda	bolivia	0.23393
antigua_barbuda	brazil	0.23393
antigua_barbuda	paraguay	0.23393
antigua_barbuda	uruguay	0.23393
antigua_barbuda	argentina	0.23393
antigua_barbuda	chile	0.23393
guadeloupe	canada	0.984
guadeloupe	united_states	0.984
guadeloupe	bermuda	0.984
guadeloupe	mexico	0.984
guadeloupe	belize	0.984
guadeloupe	guatemala	0.984
guadeloupe	honduras	0.984
guadeloupe	el_salvador	0.984
guadeloupe	nicaragua	0.984
guadeloupe	costa_rica	0.984
guadeloupe	panama	0.984
guadeloupe	bahamas	0.984
guadeloupe	cuba	0.984
guadeloupe	turks_caicos_islands	0.984
guadeloupe	cayman_islands	0.984
guadeloupe	jamaica	0.984
guadeloupe	haiti	0.984
guadeloupe	dominican_republic	0.984
guadeloupe	puerto_rico	0.984
guadeloupe	united_states_virgin_islands	0.984
guadeloupe	saint_kitts_nevis	0.984
guadeloupe	antigua_barbuda	0.984
guadeloupe	dominica	0.984
guadeloupe	martinique	0.984
guadeloupe	saint_lucia	0.984
guadeloupe	saint_vincent_grenadines	0.984
guadeloupe	barbados	0.984
guadeloupe	grenada	0.984
guadeloupe	trinidad_tobago	0.984
guadeloupe	curacao	0.984
guadeloupe	aruba	0.984
guadeloupe	french_guiana	0.984
guadeloupe	suriname	0.984
guadeloupe	guyana	0.984
guadeloupe	venezuela	0.984
guadeloupe	colombia	0.984
guadeloupe	ecuador	0.984
guadeloupe	peru	0.984
guadeloupe	bolivia	0.984
guadeloupe	brazil	0.984
guadeloupe	paraguay	0.984
guadeloupe	uruguay	0.984
guadeloupe	argentina	0.984
guadeloupe	chile	0.984
dominica	canada	0.6982
dominica	united_states	0.6982
dominica	bermuda	0.6982
dominica	mexico	0.6982
dominica	belize	0.6982
dominica	guatemala	0.6982
dominica	honduras	0.6982
dominica	el_salvador	0.6982
dominica	nicaragua	0.6982
dominica	costa_rica	0.6982
dominica	panama	0.6982
dominica	bahamas	0.6982
dominica	cuba	0.6982
dominica	turks_caicos_islands	0.6982
dominica	cayman_islands	0.6982
dominica	jamaica	0.6982
dominica	haiti	0.6982
dominica	dominican_republic	0.6982
dominica	puerto_rico	0.6982
dominica	united_states_virgin_islands	0.6982
dominica	saint_kitts_nevis	0.6982
dominica	antigua_barbuda	0.6982
dominica	guadeloupe	0.6982
dominica	martinique	0.6982
dominica	saint_lucia	0.6982
dominica	saint_vincent_grenadines	0.6982
dominica	barbados	0.6982
dominica	grenada	0.6982
dominica	trinidad_tobago	0.6982
dominica	curacao	0.6982
dominica	aruba	0.6982
dominica	french_guiana	0.6982
dominica	suriname	0.6982
dominica	guyana	0.6982
dominica	venezuela	0.6982
dominica	colombia	0.6982
dominica	ecuador	0.6982
dominica	peru	0.6982
dominica	bolivia	0.6982
dominica	brazil	0.6982
dominica	paraguay	0.6982
dominica	uruguay	0.6982
dominica	argentina	0.6982
dominica	chile	0.6982
martinique	canada	0.889
martinique	united_states	0.889
martinique	bermuda	0.889
martinique	mexico	0.889
martinique	belize	0.889
martinique	guatemala	0.889
martinique	honduras	0.889
martinique	el_salvador	0.889
martinique	nicaragua	0.889
martinique	costa_rica	0.889
martinique	panama	0.889
martinique	bahamas	0.889
martinique	cuba	0.889
martinique	turks_caicos_islands	0.889
martinique	cayman_islands	0.889
martinique	jamaica	0.889
martinique	haiti	0.889
martinique	dominican_republic	0.889
martinique	puerto_rico	0.889
martinique	united_states_virgin_islands	0.889
martinique	saint_kitts_nevis	0.889
martinique	antigua_barbuda	0.889
martinique	guadeloupe	0.889
martinique	dominica	0.889
martinique	saint_lucia	0.889
martinique	saint_vincent_grenadines	0.889
martinique	barbados	0.889
martinique	grenada	0.889
martinique	trinidad_tobago	0.889
martinique	curacao	0.889
martinique	aruba	0.889
martinique	french_guiana	0.889
martinique	suriname	0.889
martinique	guyana	0.889
martinique	venezuela	0.889
martinique	colombia	0.889
martinique	ecuador	0.889
martinique	peru	0.889
martinique	bolivia	0.889
martinique	brazil	0.889
martinique	paraguay	0.889
martinique	uruguay	0.889
martinique	argentina	0.889
martinique	chile	0.889
saint_lucia	canada	0.1854
saint_lucia	united_states	0.1854
saint_lucia	bermuda	0.1854
saint_lucia	mexico	0.1854
saint_lucia	belize	0.1854
saint_lucia	guatemala	0.1854
saint_lucia	honduras	0.1854
saint_lucia	el_salvador	0.1854
saint_lucia	nicaragua	0.1854
saint_lucia	costa_rica	0.1854
saint_lucia	panama	0.1854
saint_lucia	bahamas	0.1854
saint_lucia	cuba	0.1854
saint_lucia	turks_caicos_islands	0.1854
saint_lucia	cayman_islands	0.1854
saint_lucia	jamaica	0.1854
saint_lucia	haiti	0.1854
saint_lucia	dominican_republic	0.1854
saint_lucia	puerto_rico	0.1854
saint_lucia	united_states_virgin_islands	0.1854
saint_lucia	saint_kitts_nevis	0.1854
saint_lucia	antigua_barbuda	0.1854
saint_lucia	guadeloupe	0.1854
saint_lucia	dominica	0.1854
saint_lucia	martinique	0.1854
saint_lucia	saint_vincent_grenadines	0.1854
saint_lucia	barbados	0.1854
saint_lucia	grenada	0.1854
saint_lucia	trinidad_tobago	0.1854
saint_lucia	curacao	0.1854
saint_lucia	aruba	0.1854
saint_lucia	french_guiana	0.1854
saint_lucia	suriname	0.1854
saint_lucia	guyana	0.1854
saint_lucia	venezuela	0.1854
saint_lucia	colombia	0.1854
saint_lucia	ecuador	0.1854
saint_lucia	peru	0.1854
saint_lucia	bolivia	0.1854
saint_lucia	brazil	0.1854
saint_lucia	paraguay	0.1854
saint_lucia	uruguay	0.1854
saint_lucia	argentina	0.1854
saint_lucia	chile	0.1854
saint_vincent_grenadines	canada	0.50899
saint_vincent_grenadines	united_states	0.50899
saint_vincent_grenadines	bermuda	0.50899
saint_vincent_grenadines	mexico	0.50899
saint_vincent_grenadines	belize	0.50899
saint_vincent_grenadines	guatemala	0.50899
saint_vincent_grenadines	honduras	0.50899
saint_vincent_grenadines	el_salvador	0.50899
saint_vincent_grenadines	nicaragua	0.50899
saint_vincent_grenadines	costa_rica	0.50899
saint_vincent_grenadines	panama	0.50899
saint_vincent_grenadines	bahamas	0.50899
saint_vincent_grenadines	cuba	0.50899
saint_vincent_grenadines	turks_caicos_islands	0.50899
saint_vincent_grenadines	cayman_islands	0.50899
saint_vincent_grenadines	jamaica	0.50899
saint_vincent_grenadines	haiti	0.50899
saint_vincent_grenadines	dominican_republic	0.50899
saint_vincent_grenadines	puerto_rico	0.50899
saint_vincent_grenadines	united_states_virgin_islands	0.50899
saint_vincent_grenadines	saint_kitts_nevis	0.50899
saint_vincent_grenadines	antigua_barbuda	0.50899
saint_vincent_grenadines	guadeloupe	0.50899
saint_vincent_grenadines	dominica	0.50899
saint_vincent_grenadines	martinique	0.50899
saint_vincent_grenadines	saint_lucia	0.50899
saint_vincent_grenadines	barbados	0.50899
saint_vincent_grenadines	grenada	0.50899
saint_vincent_grenadines	trinidad_tobago	0.50899
saint_vincent_grenadines	curacao	0.50899
saint_vincent_grenadines	aruba	0.50899
saint_vincent_grenadines	french_guiana	0.50899
saint_vincent_grenadines	suriname	0.50899
saint_vincent_grenadines	guyana	0.50899
saint_vincent_grenadines	venezuela	0.50899
saint_vincent_grenadines	colombia	0.50899
saint_vincent_grenadines	ecuador	0.50899
saint_vincent_grenadines	peru	0.50899
saint_vincent_grenadines	bolivia	0.50899
saint_vincent_grenadines	brazil	0.50899
saint_vincent_grenadines	paraguay	0.50899
saint_vincent_grenadines	uruguay	0.50899
saint_vincent_grenadines	argentina	0.50899
saint_vincent_grenadines	chile	0.50899
barbados	canada	0.31415
barbados	united_states	0.31415
barbados	bermuda	0.31415
barbados	mexico	0.31415
barbados	belize	0.31415
barbados	guatemala	0.31415
barbados	honduras	0.31415
barbados	el_salvador	0.31415
barbados	nicaragua	0.31415
barbados	costa_rica	0.31415
barbados	panama	0.31415
barbados	bahamas	0.31415
barbados	cuba	0.31415
barbados	turks_caicos_islands	0.31415
barbados	cayman_islands	0.31415
barbados	jamaica	0.31415
barbados	haiti	0.31415
barbados	dominican_republic	0.31415
barbados	puerto_rico	0.31415
barbados	united_states_virgin_islands	0.31415
barbados	saint_kitts_nevis	0.31415
barbados	antigua_barbuda	0.31415
barbados	guadeloupe	0.31415
barbados	dominica	0.31415
barbados	martinique	0.31415
barbados	saint_lucia	0.31415
barbados	saint_vincent_grenadines	0.31415
barbados	grenada	0.31415
barbados	trinidad_tobago	0.31415
barbados	curacao	0.31415
barbados	aruba	0.31415
barbados	french_guiana	0.31415
barbados	suriname	0.31415
barbados	guyana	0.31415
barbados	venezuela	0.31415
barbados	colombia	0.31415
barbados	ecuador	0.31415
barbados	peru	0.31415
barbados	bolivia	0.31415
barbados	brazil	0.31415
barbados	paraguay	0.31415
barbados	uruguay	0.31415
barbados	argentina	0.31415
barbados	chile	0.31415
grenada	canada	0.35616
grenada	united_states	0.35616
grenada	bermuda	0.35616
grenada	mexico	0.35616
grenada	belize	0.35616
grenada	guatemala	0.35616
grenada	honduras	0.35616
grenada	el_salvador	0.35616
grenada	nicaragua	0.35616
grenada	costa_rica	0.35616
grenada	panama	0.35616
grenada	bahamas	0.35616
grenada	cuba	0.35616
grenada	turks_caicos_islands	0.35616
grenada	cayman_islands	0.35616
grenada	jamaica	0.35616
grenada	haiti	0.35616
grenada	dominican_republic	0.35616
grenada	puerto_rico	0.35616
grenada	united_states_virgin_islands	0.35616
grenada	saint_kitts_nevis	0.35616
grenada	antigua_barbuda	0.35616
grenada	guadeloupe	0.35616
grenada	dominica	0.35616
grenada	martinique	0.35616
grenada	saint_lucia	0.35616
grenada	saint_vincent_grenadines	0.35616
grenada	barbados	0.35616
grenada	trinidad_tobago	0.35616
grenada	curacao	0.35616
grenada	aruba	0.35616
grenada	french_guiana	0.35616
grenada	suriname	0.35616
grenada	guyana	0.35616
grenada	venezuela	0.35616
grenada	colombia	0.35616
grenada	ecuador	0.35616
grenada	peru	0.35616
grenada	bolivia	0.35616
grenada	brazil	0.35616
grenada	paraguay	0.35616
grenada	uruguay	0.35616
grenada	argentina	0.35616
grenada	chile	0.35616
trinidad_tobago	canada	0.08352
trinidad_tobago	united_states	0.08352
trinidad_tobago	bermuda	0.08352
trinidad_tobago	mexico	0.08352
trinidad_tobago	belize	0.08352
trinidad_tobago	guatemala	0.08352
trinidad_tobago	honduras	0.08352
trinidad_tobago	el_salvador	0.08352
trinidad_tobago	nicaragua	0.08352
trinidad_tobago	costa_rica	0.08352
trinidad_tobago	panama	0.08352
trinidad_tobago	bahamas	0.08352
trinidad_tobago	cuba	0.08352
trinidad_tobago	turks_caicos_islands	0.08352
trinidad_tobago	cayman_islands	0.08352
trinidad_tobago	jamaica	0.08352
trinidad_tobago	haiti	0.08352
trinidad_tobago	dominican_republic	0.08352
trinidad_tobago	puerto_rico	0.08352
trinidad_tobago	united_states_virgin_islands	0.08352
trinidad_tobago	saint_kitts_nevis	0.08352
trinidad_tobago	antigua_barbuda	0.08352
trinidad_tobago	guadeloupe	0.08352
trinidad_tobago	dominica	0.08352
trinidad_tobago	martinique	0.08352
trinidad_tobago	saint_lucia	0.08352
trinidad_tobago	saint_vincent_grenadines	0.08352
trinidad_tobago	barbados	0.08352
trinidad_tobago	grenada	0.08352
trinidad_tobago	curacao	0.08352
trinidad_tobago	aruba	0.08352
trinidad_tobago	french_guiana	0.08352
trinidad_tobago	suriname	0.08352
trinidad_tobago	guyana	0.08352
trinidad_tobago	venezuela	0.08352
trinidad_tobago	colombia	0.08352
trinidad_tobago	ecuador	0.08352
trinidad_tobago	peru	0.08352
trinidad_tobago	bolivia	0.08352
trinidad_tobago	brazil	0.08352
trinidad_tobago	paraguay	0.08352
trinidad_tobago	uruguay	0.08352
trinidad_tobago	argentina	0.08352
trinidad_tobago	chile	0.08352
curacao	canada	0.89241
curacao	united_states	0.89241
curacao	bermuda	0.89241
curacao	mexico	0.89241
curacao	belize	0.89241
curacao	guatemala	0.89241
curacao	honduras	0.89241
curacao	el_salvador	0.89241
curacao	nicaragua	0.89241
curacao	costa_rica	0.89241
curacao	panama	0.89241
curacao	bahamas	0.89241
curacao	cuba	0.89241
curacao	turks_caicos_islands	0.89241
curacao	cayman_islands	0.89241
curacao	jamaica	0.89241
curacao	haiti	0.89241
curacao	dominican_republic	0.89241
curacao	puerto_rico	0.89241
curacao	united_states_virgin_islands	0.89241
curacao	saint_kitts_nevis	0.89241
curacao	antigua_barbuda	0.89241
curacao	guadeloupe	0.89241
curacao	dominica	0.89241
curacao	martinique	0.89241
curacao	saint_lucia	0.89241
curacao	saint_vincent_grenadines	0.89241
curacao	barbados	0.89241
curacao	grenada	0.89241
curacao	trinidad_tobago	0.89241
curacao	aruba	0.89241
curacao	french_guiana	0.89241
curacao	suriname	0.89241
curacao	guyana	0.89241
curacao	venezuela	0.89241
curacao	colombia	0.89241
curacao	ecuador	0.89241
curacao	peru	0.89241
curacao	bolivia	0.89241
curacao	brazil	0.89241
curacao	paraguay	0.89241
curacao	uruguay	0.89241
curacao	argentina	0.89241
curacao	chile	0.89241
aruba	canada	0.41304
aruba	united_states	0.41304
aruba	bermuda	0.41304
aruba	mexico	0.41304
aruba	belize	0.41304
aruba	guatemala	0.41304
aruba	honduras	0.41304
aruba	el_salvador	0.41304
aruba	nicaragua	0.41304
aruba	costa_rica	0.41304
aruba	panama	0.41304
aruba	bahamas	0.41304
aruba	cuba	0.41304
aruba	turks_caicos_islands	0.41304
aruba	cayman_islands	0.41304
aruba	jamaica	0.41304
aruba	haiti	0.41304
aruba	dominican_republic	0.41304
aruba	puerto_rico	0.41304
aruba	united_states_virgin_islands	0.41304
aruba	saint_kitts_nevis	0.41304
aruba	antigua_barbuda	0.41304
aruba	guadeloupe	0.41304
aruba	dominica	0.41304
aruba	martinique	0.41304
aruba	saint_lucia	0.41304
aruba	saint_vincent_grenadines	0.41304
aruba	barbados	0.41304
aruba	grenada	0.41304
aruba	trinidad_tobago	0.41304
aruba	curacao	0.41304
aruba	french_guiana	0.41304
aruba	suriname	0.41304
aruba	guyana	0.41304
aruba	venezuela	0.41304
aruba	colombia	0.41304
aruba	ecuador	0.41304
aruba	peru	0.41304
aruba	bolivia	0.41304
aruba	brazil	0.41304
aruba	paraguay	0.41304
aruba	uruguay	0.41304
aruba	argentina	0.41304
aruba	chile	0.41304
french_guiana	canada	0.844
french_guiana	united_states	0.844
french_guiana	bermuda	0.844
french_guiana	mexico	0.844
french_guiana	belize	0.844
french_guiana	guatemala	0.844
french_guiana	honduras	0.844
french_guiana	el_salvador	0.844
french_guiana	nicaragua	0.844
french_guiana	costa_rica	0.844
french_guiana	panama	0.844
french_guiana	bahamas	0.844
french_guiana	cuba	0.844
french_guiana	turks_caicos_islands	0.844
french_guiana	cayman_islands	0.844
french_guiana	jamaica	0.844
french_guiana	haiti	0.844
french_guiana	dominican_republic	0.844
french_guiana	puerto_rico	0.844
french_guiana	united_states_virgin_islands	0.844
french_guiana	saint_kitts_nevis	0.844
french_guiana	antigua_barbuda	0.844
french_guiana	guadeloupe	0.844
french_guiana	dominica	0.844
french_guiana	martinique	0.844
french_guiana	saint_lucia	0.844
french_guiana	saint_vincent_grenadines	0.844
french_guiana	barbados	0.844
french_guiana	grenada	0.844
french_guiana	trinidad_tobago	0.844
french_guiana	curacao	0.844
french_guiana	aruba	0.844
french_guiana	suriname	0.844
french_guiana	guyana	0.844
french_guiana	venezuela	0.844
french_guiana	colombia	0.844
french_guiana	ecuador	0.844
french_guiana	peru	0.844
french_guiana	bolivia	0.844
french_guiana	brazil	0.844
french_guiana	paraguay	0.844
french_guiana	uruguay	0.844
french_guiana	argentina	0.844
french_guiana	chile	0.844
suriname	canada	0.66015
suriname	united_states	0.66015
suriname	bermuda	0.66015
suriname	mexico	0.66015
suriname	belize	0.66015
suriname	guatemala	0.66015
suriname	honduras	0.66015
suriname	el_salvador	0.66015
suriname	nicaragua	0.66015
suriname	costa_rica	0.66015
suriname	panama	0.66015
suriname	bahamas	0.66015
suriname	cuba	0.66015
suriname	turks_caicos_islands	0.66015
suriname	cayman_islands	0.66015
suriname	jamaica	0.66015
suriname	haiti	0.66015
suriname	dominican_republic	0.66015
suriname	puerto_rico	0.66015
suriname	united_states_virgin_islands	0.66015
suriname	saint_kitts_nevis	0.66015
suriname	antigua_barbuda	0.66015
suriname	guadeloupe	0.66015
suriname	dominica	0.66015
suriname	martinique	0.66015
suriname	saint_lucia	0.66015
suriname	saint_vincent_grenadines	0.66015
suriname	barbados	0.66015
suriname	grenada	0.66015
suriname	trinidad_tobago	0.66015
suriname	curacao	0.66015
suriname	aruba	0.66015
suriname	french_guiana	0.66015
suriname	guyana	0.66015
suriname	venezuela	0.66015
suriname	colombia	0.66015
suriname	ecuador	0.66015
suriname	peru	0.66015
suriname	bolivia	0.66015
suriname	brazil	0.66015
suriname	paraguay	0.66015
suriname	uruguay	0.66015
suriname	argentina	0.66015
suriname	chile	0.66015
guyana	canada	0.28661
guyana	united_states	0.28661
guyana	bermuda	0.28661
guyana	mexico	0.28661
guyana	belize	0.28661
guyana	guatemala	0.28661
guyana	honduras	0.28661
guyana	el_salvador	0.28661
guyana	nicaragua	0.28661
guyana	costa_rica	0.28661
guyana	panama	0.28661
guyana	bahamas	0.28661
guyana	cuba	0.28661
guyana	turks_caicos_islands	0.28661
guyana	cayman_islands	0.28661
guyana	jamaica	0.28661
guyana	haiti	0.28661
guyana	dominican_republic	0.28661
guyana	puerto_rico	0.28661
guyana	united_states_virgin_islands	0.28661
guyana	saint_kitts_nevis	0.28661
guyana	antigua_barbuda	0.28661
guyana	guadeloupe	0.28661
guyana	dominica	0.28661
guyana	martinique	0.28661
guyana	saint_lucia	0.28661
guyana	saint_vincent_grenadines	0.28661
guyana	barbados	0.28661
guyana	grenada	0.28661
guyana	trinidad_tobago	0.28661
guyana	curacao	0.28661
guyana	aruba	0.28661
guyana	french_guiana	0.28661
guyana	suriname	0.28661
guyana	venezuela	0.28661
guyana	colombia	0.28661
guyana	ecuador	0.28661
guyana	peru	0.28661
guyana	bolivia	0.28661
guyana	brazil	0.28661
guyana	paraguay	0.28661
guyana	uruguay	0.28661
guyana	argentina	0.28661
guyana	chile	0.28661
venezuela	canada	0.89043
venezuela	united_states	0.89043
venezuela	bermuda	0.89043
venezuela	mexico	0.89043
venezuela	belize	0.89043
venezuela	guatemala	0.89043
venezuela	honduras	0.89043
venezuela	el_salvador	0.89043
venezuela	nicaragua	0.89043
venezuela	costa_rica	0.89043
venezuela	panama	0.89043
venezuela	bahamas	0.89043
venezuela	cuba	0.89043
venezuela	turks_caicos_islands	0.89043
venezuela	cayman_islands	0.89043
venezuela	jamaica	0.89043
venezuela	haiti	0.89043
venezuela	dominican_republic	0.89043
venezuela	puerto_rico	0.89043
venezuela	united_states_virgin_islands	0.89043
venezuela	saint_kitts_nevis	0.89043
venezuela	antigua_barbuda	0.89043
venezuela	guadeloupe	0.89043
venezuela	dominica	0.89043
venezuela	martinique	0.89043
venezuela	saint_lucia	0.89043
venezuela	saint_vincent_grenadines	0.89043
venezuela	barbados	0.89043
venezuela	grenada	0.89043
venezuela	trinidad_tobago	0.89043
venezuela	curacao	0.89043
venezuela	aruba	0.89043
venezuela	french_guiana	0.89043
venezuela	suriname	0.89043
venezuela	guyana	0.89043
venezuela	colombia	0.89043
venezuela	ecuador	0.89043
venezuela	peru	0.89043
venezuela	bolivia	0.89043
venezuela	brazil	0.89043
venezuela	paraguay	0.89043
venezuela	uruguay	0.89043
venezuela	argentina	0.89043
venezuela	chile	0.89043
colombia	canada	0.76708
colombia	united_states	0.76708
colombia	bermuda	0.76708
colombia	mexico	0.76708
colombia	belize	0.76708
colombia	guatemala	0.76708
colombia	honduras	0.76708
colombia	el_salvador	0.76708
colombia	nicaragua	0.76708
colombia	costa_rica	0.76708
colombia	panama	0.76708
colombia	bahamas	0.76708
colombia	cuba	0.76708
colombia	turks_caicos_islands	0.76708
colombia	cayman_islands	0.76708
colombia	jamaica	0.76708
colombia	haiti	0.76708
colombia	dominican_republic	0.76708
colombia	puerto_rico	0.76708
colombia	united_states_virgin_islands	0.76708
colombia	saint_kitts_nevis	0.76708
colombia	antigua_barbuda	0.76708
colombia	guadeloupe	0.76708
colombia	dominica	0.76708
colombia	martinique	0.76708
colombia	saint_lucia	0.76708
colombia	saint_vincent_grenadines	0.76708
colombia	barbados	0.76708
colombia	grenada	0.76708
colombia	trinidad_tobago	0.76708
colombia	curacao	0.76708
colombia	aruba	0.76708
colombia	french_guiana	0.76708
colombia	suriname	0.76708
colombia	guyana	0.76708
colombia	venezuela	0.76708
colombia	ecuador	0.76708
colombia	peru	0.76708
colombia	bolivia	0.76708
colombia	brazil	0.76708
colombia	paraguay	0.76708
colombia	uruguay	0.76708
colombia	argentina	0.76708
colombia	chile	0.76708
ecuador	canada	0.63976
ecuador	united_states	0.63976
ecuador	bermuda	0.63976
ecuador	mexico	0.63976
ecuador	belize	0.63976
ecuador	guatemala	0.63976
ecuador	honduras	0.63976
ecuador	el_salvador	0.63976
ecuador	nicaragua	0.63976
ecuador	costa_rica	0.63976
ecuador	panama	0.63976
ecuador	bahamas	0.63976
ecuador	cuba	0.63976
ecuador	turks_caicos_islands	0.63976
ecuador	cayman_islands	0.63976
ecuador	jamaica	0.63976
ecuador	haiti	0.63976
ecuador	dominican_republic	0.63976
ecuador	puerto_rico	0.63976
ecuador	united_states_virgin_islands	0.63976
ecuador	saint_kitts_nevis	0.63976
ecuador	antigua_barbuda	0.63976
ecuador	guadeloupe	0.63976
ecuador	dominica	0.63976
ecuador	martinique	0.63976
ecuador	saint_lucia	0.63976
ecuador	saint_vincent_grenadines	0.63976
ecuador	barbados	0.63976
ecuador	grenada	0.63976
ecuador	trinidad_tobago	0.63976
ecuador	curacao	0.63976
ecuador	aruba	0.63976
ecuador	french_guiana	0.63976
ecuador	suriname	0.63976
ecuador	guyana	0.63976
ecuador	venezuela	0.63976
ecuador	colombia	0.63976
ecuador	peru	0.63976
ecuador	bolivia	0.63976
ecuador	brazil	0.63976
ecuador	paraguay	0.63976
ecuador	uruguay	0.63976
ecuador	argentina	0.63976
ecuador	chile	0.63976
peru	canada	0.78924
peru	united_states	0.78924
peru	bermuda	0.78924
peru	mexico	0.78924
peru	belize	0.78924
peru	guatemala	0.78924
peru	honduras	0.78924
peru	el_salvador	0.78924
peru	nicaragua	0.78924
peru	costa_rica	0.78924
peru	panama	0.78924
peru	bahamas	0.78924
peru	cuba	0.78924
peru	turks_caicos_islands	0.78924
peru	cayman_islands	0.78924
peru	jamaica	0.78924
peru	haiti	0.78924
peru	dominican_republic	0.78924
peru	puerto_rico	0.78924
peru	united_states_virgin_islands	0.78924
peru	saint_kitts_nevis	0.78924
peru	antigua_barbuda	0.78924
peru	guadeloupe	0.78924
peru	dominica	0.78924
peru	martinique	0.78924
peru	saint_lucia	0.78924
peru	saint_vincent_grenadines	0.78924
peru	barbados	0.78924
peru	grenada	0.78924
peru	trinidad_tobago	0.78924
peru	curacao	0.78924
peru	aruba	0.78924
peru	french_guiana	0.78924
peru	suriname	0.78924
peru	guyana	0.78924
peru	venezuela	0.78924
peru	colombia	0.78924
peru	ecuador	0.78924
peru	bolivia	0.78924
peru	brazil	0.78924
peru	paraguay	0.78924
peru	uruguay	0.78924
peru	argentina	0.78924
peru	chile	0.78924
bolivia	canada	0.68911
bolivia	united_states	0.68911
bolivia	bermuda	0.68911
bolivia	mexico	0.68911
bolivia	belize	0.68911
bolivia	guatemala	0.68911
bolivia	honduras	0.68911
bolivia	el_salvador	0.68911
bolivia	nicaragua	0.68911
bolivia	costa_rica	0.68911
bolivia	panama	0.68911
bolivia	bahamas	0.68911
bolivia	cuba	0.68911
bolivia	turks_caicos_islands	0.68911
bolivia	cayman_islands	0.68911
bolivia	jamaica	0.68911
bolivia	haiti	0.68911
bolivia	dominican_republic	0.68911
bolivia	puerto_rico	0.68911
bolivia	united_states_virgin_islands	0.68911
bolivia	saint_kitts_nevis	0.68911
bolivia	antigua_barbuda	0.68911
bolivia	guadeloupe	0.68911
bolivia	dominica	0.68911
bolivia	martinique	0.68911
bolivia	saint_lucia	0.68911
bolivia	saint_vincent_grenadines	0.68911
bolivia	barbados	0.68911
bolivia	grenada	0.68911
bolivia	trinidad_tobago	0.68911
bolivia	curacao	0.68911
bolivia	aruba	0.68911
bolivia	french_guiana	0.68911
bolivia	suriname	0.68911
bolivia	guyana	0.68911
bolivia	venezuela	0.68911
bolivia	colombia	0.68911
bolivia	ecuador	0.68911
bolivia	peru	0.68911
bolivia	brazil	0.68911
bolivia	paraguay	0.68911
bolivia	uruguay	0.68911
bolivia	argentina	0.68911
bolivia	chile	0.68911
brazil	canada	0.85933
brazil	united_states	0.85933
brazil	bermuda	0.85933
brazil	mexico	0.85933
brazil	belize	0.85933
brazil	guatemala	0.85933
brazil	honduras	0.85933
brazil	el_salvador	0.85933
brazil	nicaragua	0.85933
brazil	costa_rica	0.85933
brazil	panama	0.85933
brazil	bahamas	0.85933
brazil	cuba	0.85933
brazil	turks_caicos_islands	0.85933
brazil	cayman_islands	0.85933
brazil	jamaica	0.85933
brazil	haiti	0.85933
brazil	dominican_republic	0.85933
brazil	puerto_rico	0.85933
brazil	united_states_virgin_islands	0.85933
brazil	saint_kitts_nevis	0.85933
brazil	antigua_barbuda	0.85933
brazil	guadeloupe	0.85933
brazil	dominica	0.85933
brazil	martinique	0.85933
brazil	saint_lucia	0.85933
brazil	saint_vincent_grenadines	0.85933
brazil	barbados	0.85933
brazil	grenada	0.85933
brazil	trinidad_tobago	0.85933
brazil	curacao	0.85933
brazil	aruba	0.85933
brazil	french_guiana	0.85933
brazil	suriname	0.85933
brazil	guyana	0.85933
brazil	venezuela	0.85933
brazil	colombia	0.85933
brazil	ecuador	0.85933
brazil	peru	0.85933
brazil	bolivia	0.85933
brazil	paraguay	0.85933
brazil	uruguay	0.85933
brazil	argentina	0.85933
brazil	chile	0.85933
paraguay	canada	0.59924
paraguay	united_states	0.59924
paraguay	bermuda	0.59924
paraguay	mexico	0.59924
paraguay	belize	0.59924
paraguay	guatemala	0.59924
paraguay	honduras	0.59924
paraguay	el_salvador	0.59924
paraguay	nicaragua	0.59924
paraguay	costa_rica	0.59924
paraguay	panama	0.59924
paraguay	bahamas	0.59924
paraguay	cuba	0.59924
paraguay	turks_caicos_islands	0.59924
paraguay	cayman_islands	0.59924
paraguay	jamaica	0.59924
paraguay	haiti	0.59924
paraguay	dominican_republic	0.59924
paraguay	puerto_rico	0.59924
paraguay	united_states_virgin_islands	0.59924
paraguay	saint_kitts_nevis	0.59924
paraguay	antigua_barbuda	0.59924
paraguay	guadeloupe	0.59924
paraguay	dominica	0.59924
paraguay	martinique	0.59924
paraguay	saint_lucia	0.59924
paraguay	saint_vincent_grenadines	0.59924
paraguay	barbados	0.59924
paraguay	grenada	0.59924
paraguay	trinidad_tobago	0.59924
paraguay	curacao	0.59924
paraguay	aruba	0.59924
paraguay	french_guiana	0.59924
paraguay	suriname	0.59924
paraguay	guyana	0.59924
paraguay	venezuela	0.59924
paraguay	colombia	0.59924
paraguay	ecuador	0.59924
paraguay	peru	0.59924
paraguay	bolivia	0.59924
paraguay	brazil	0.59924
paraguay	uruguay	0.59924
paraguay	argentina	0.59924
paraguay	chile	0.59924
uruguay	canada	0.9546
uruguay	united_states	0.9546
uruguay	bermuda	0.9546
uruguay	mexico	0.9546
uruguay	belize	0.9546
uruguay	guatemala	0.9546
uruguay	honduras	0.9546
uruguay	el_salvador	0.9546
uruguay	nicaragua	0.9546
uruguay	costa_rica	0.9546
uruguay	panama	0.9546
uruguay	bahamas	0.9546
uruguay	cuba	0.9546
uruguay	turks_caicos_islands	0.9546
uruguay	cayman_islands	0.9546
uruguay	jamaica	0.9546
uruguay	haiti	0.9546
uruguay	dominican_republic	0.9546
uruguay	puerto_rico	0.9546
uruguay	united_states_virgin_islands	0.9546
uruguay	saint_kitts_nevis	0.9546
uruguay	antigua_barbuda	0.9546
uruguay	guadeloupe	0.9546
uruguay	dominica	0.9546
uruguay	martinique	0.9546
uruguay	saint_lucia	0.9546
uruguay	saint_vincent_grenadines	0.9546
uruguay	barbados	0.9546
uruguay	grenada	0.9546
uruguay	trinidad_tobago	0.9546
uruguay	curacao	0.9546
uruguay	aruba	0.9546
uruguay	french_guiana	0.9546
uruguay	suriname	0.9546
uruguay	guyana	0.9546
uruguay	venezuela	0.9546
uruguay	colombia	0.9546
uruguay	ecuador	0.9546
uruguay	peru	0.9546
uruguay	bolivia	0.9546
uruguay	brazil	0.9546
uruguay	paraguay	0.9546
uruguay	argentina	0.9546
uruguay	chile	0.9546
argentina	canada	0.91893
argentina	united_states	0.91893
argentina	bermuda	0.91893
argentina	mexico	0.91893
argentina	belize	0.91893
argentina	guatemala	0.91893
argentina	honduras	0.91893
argentina	el_salvador	0.91893
argentina	nicaragua	0.91893
argentina	costa_rica	0.91893
argentina	panama	0.91893
argentina	bahamas	0.91893
argentina	cuba	0.91893
argentina	turks_caicos_islands	0.91893
argentina	cayman_islands	0.91893
argentina	jamaica	0.91893
argentina	haiti	0.91893
argentina	dominican_republic	0.91893
argentina	puerto_rico	0.91893
argentina	united_states_virgin_islands	0.91893
argentina	saint_kitts_nevis	0.91893
argentina	antigua_barbuda	0.91893
argentina	guadeloupe	0.91893
argentina	dominica	0.91893
argentina	martinique	0.91893
argentina	saint_lucia	0.91893
argentina	saint_vincent_grenadines	0.91893
argentina	barbados	0.91893
argentina	grenada	0.91893
argentina	trinidad_tobago	0.91893
argentina	curacao	0.91893
argentina	aruba	0.91893
argentina	french_guiana	0.91893
argentina	suriname	0.91893
argentina	guyana	0.91893
argentina	venezuela	0.91893
argentina	colombia	0.91893
argentina	ecuador	0.91893
argentina	peru	0.91893
argentina	bolivia	0.91893
argentina	brazil	0.91893
argentina	paraguay	0.91893
argentina	uruguay	0.91893
argentina	chile	0.91893
chile	canada	0.89697
chile	united_states	0.89697
chile	bermuda	0.89697
chile	mexico	0.89697
chile	belize	0.89697
chile	guatemala	0.89697
chile	honduras	0.89697
chile	el_salvador	0.89697
chile	nicaragua	0.89697
chile	costa_rica	0.89697
chile	panama	0.89697
chile	bahamas	0.89697
chile	cuba	0.89697
chile	turks_caicos_islands	0.89697
chile	cayman_islands	0.89697
chile	jamaica	0.89697
chile	haiti	0.89697
chile	dominican_republic	0.89697
chile	puerto_rico	0.89697
chile	united_states_virgin_islands	0.89697
chile	saint_kitts_nevis	0.89697
chile	antigua_barbuda	0.89697
chile	guadeloupe	0.89697
chile	dominica	0.89697
chile	martinique	0.89697
chile	saint_lucia	0.89697
chile	saint_vincent_grenadines	0.89697
chile	barbados	0.89697
chile	grenada	0.89697
chile	trinidad_tobago	0.89697
chile	curacao	0.89697
chile	aruba	0.89697
chile	french_guiana	0.89697
chile	suriname	0.89697
chile	guyana	0.89697
chile	venezuela	0.89697
chile	colombia	0.89697
chile	ecuador	0.89697
chile	peru	0.89697
chile	bolivia	0.89697
chile	brazil	0.89697
chile	paraguay	0.89697
chile	uruguay	0.89697
chile	argentina	0.89697
