origin	destination	destination_pop_size
jamaica	honduras	8893259.0
jamaica	colombia	47220856.0
jamaica	mexico	123166749.0
jamaica	saint_kitts_nevis	52329.0
jamaica	united_states	323995528.0
jamaica	saint_vincent_grenadines	102350.0
jamaica	paraguay	6862812.0
jamaica	nicaragua	5966798.0
jamaica	barbados	291495.0
jamaica	canada	35362905.0
jamaica	united_states_virgin_islands	102951.0
jamaica	martinique	385551.0
jamaica	peru	30741062.0
jamaica	curacao	149035.0
jamaica	panama	3705246.0
jamaica	uruguay	3351016.0
jamaica	bahamas	327316.0
jamaica	bermuda	70537.0
jamaica	aruba	113648.0
jamaica	suriname	585824.0
jamaica	costa_rica	4872543.0
jamaica	bolivia	10969649.0
jamaica	venezuela	30912302.0
jamaica	french_guiana	252338.0
jamaica	cayman_islands	57268.0
jamaica	brazil	205823665.0
jamaica	trinidad_tobago	1220479.0
jamaica	dominican_republic	10606865.0
jamaica	cuba	11179995.0
jamaica	guatemala	15189958.0
jamaica	chile	17650114.0
jamaica	turks_caicos_islands	51430.0
jamaica	haiti	10485800.0
jamaica	belize	353858.0
jamaica	argentina	43886748.0
jamaica	dominica	73757.0
jamaica	saint_lucia	164464.0
jamaica	el_salvador	6156670.0
jamaica	puerto_rico	3578056.0
jamaica	ecuador	16080778.0
jamaica	guyana	735909.0
jamaica	grenada	111219.0
jamaica	guadeloupe	402119.0
jamaica	antigua_barbuda	93581.0
honduras	jamaica	2970340.0
honduras	colombia	47220856.0
honduras	mexico	123166749.0
honduras	saint_kitts_nevis	52329.0
honduras	united_states	323995528.0
honduras	saint_vincent_grenadines	102350.0
honduras	paraguay	6862812.0
honduras	nicaragua	5966798.0
honduras	barbados	291495.0
honduras	canada	35362905.0
honduras	united_states_virgin_islands	102951.0
honduras	martinique	385551.0
honduras	peru	30741062.0
honduras	curacao	149035.0
honduras	panama	3705246.0
honduras	uruguay	3351016.0
honduras	bahamas	327316.0
honduras	bermuda	70537.0
honduras	aruba	113648.0
honduras	suriname	585824.0
honduras	costa_rica	4872543.0
honduras	bolivia	10969649.0
honduras	venezuela	30912302.0
honduras	french_guiana	252338.0
honduras	cayman_islands	57268.0
honduras	brazil	205823665.0
honduras	trinidad_tobago	1220479.0
honduras	dominican_republic	10606865.0
honduras	cuba	11179995.0
honduras	guatemala	15189958.0
honduras	chile	17650114.0
honduras	turks_caicos_islands	51430.0
honduras	haiti	10485800.0
honduras	belize	353858.0
honduras	argentina	43886748.0
honduras	dominica	73757.0
honduras	saint_lucia	164464.0
honduras	el_salvador	6156670.0
honduras	puerto_rico	3578056.0
honduras	ecuador	16080778.0
honduras	guyana	735909.0
honduras	grenada	111219.0
honduras	guadeloupe	402119.0
honduras	antigua_barbuda	93581.0
colombia	jamaica	2970340.0
colombia	honduras	8893259.0
colombia	mexico	123166749.0
colombia	saint_kitts_nevis	52329.0
colombia	united_states	323995528.0
colombia	saint_vincent_grenadines	102350.0
colombia	paraguay	6862812.0
colombia	nicaragua	5966798.0
colombia	barbados	291495.0
colombia	canada	35362905.0
colombia	united_states_virgin_islands	102951.0
colombia	martinique	385551.0
colombia	peru	30741062.0
colombia	curacao	149035.0
colombia	panama	3705246.0
colombia	uruguay	3351016.0
colombia	bahamas	327316.0
colombia	bermuda	70537.0
colombia	aruba	113648.0
colombia	suriname	585824.0
colombia	costa_rica	4872543.0
colombia	bolivia	10969649.0
colombia	venezuela	30912302.0
colombia	french_guiana	252338.0
colombia	cayman_islands	57268.0
colombia	brazil	205823665.0
colombia	trinidad_tobago	1220479.0
colombia	dominican_republic	10606865.0
colombia	cuba	11179995.0
colombia	guatemala	15189958.0
colombia	chile	17650114.0
colombia	turks_caicos_islands	51430.0
colombia	haiti	10485800.0
colombia	belize	353858.0
colombia	argentina	43886748.0
colombia	dominica	73757.0
colombia	saint_lucia	164464.0
colombia	el_salvador	6156670.0
colombia	puerto_rico	3578056.0
colombia	ecuador	16080778.0
colombia	guyana	735909.0
colombia	grenada	111219.0
colombia	guadeloupe	402119.0
colombia	antigua_barbuda	93581.0
mexico	jamaica	2970340.0
mexico	honduras	8893259.0
mexico	colombia	47220856.0
mexico	saint_kitts_nevis	52329.0
mexico	united_states	323995528.0
mexico	saint_vincent_grenadines	102350.0
mexico	paraguay	6862812.0
mexico	nicaragua	5966798.0
mexico	barbados	291495.0
mexico	canada	35362905.0
mexico	united_states_virgin_islands	102951.0
mexico	martinique	385551.0
mexico	peru	30741062.0
mexico	curacao	149035.0
mexico	panama	3705246.0
mexico	uruguay	3351016.0
mexico	bahamas	327316.0
mexico	bermuda	70537.0
mexico	aruba	113648.0
mexico	suriname	585824.0
mexico	costa_rica	4872543.0
mexico	bolivia	10969649.0
mexico	venezuela	30912302.0
mexico	french_guiana	252338.0
mexico	cayman_islands	57268.0
mexico	brazil	205823665.0
mexico	trinidad_tobago	1220479.0
mexico	dominican_republic	10606865.0
mexico	cuba	11179995.0
mexico	guatemala	15189958.0
mexico	chile	17650114.0
mexico	turks_caicos_islands	51430.0
mexico	haiti	10485800.0
mexico	belize	353858.0
mexico	argentina	43886748.0
mexico	dominica	73757.0
mexico	saint_lucia	164464.0
mexico	el_salvador	6156670.0
mexico	puerto_rico	3578056.0
mexico	ecuador	16080778.0
mexico	guyana	735909.0
mexico	grenada	111219.0
mexico	guadeloupe	402119.0
mexico	antigua_barbuda	93581.0
saint_kitts_nevis	jamaica	2970340.0
saint_kitts_nevis	honduras	8893259.0
saint_kitts_nevis	colombia	47220856.0
saint_kitts_nevis	mexico	123166749.0
saint_kitts_nevis	united_states	323995528.0
saint_kitts_nevis	saint_vincent_grenadines	102350.0
saint_kitts_nevis	paraguay	6862812.0
saint_kitts_nevis	nicaragua	5966798.0
saint_kitts_nevis	barbados	291495.0
saint_kitts_nevis	canada	35362905.0
saint_kitts_nevis	united_states_virgin_islands	102951.0
saint_kitts_nevis	martinique	385551.0
saint_kitts_nevis	peru	30741062.0
saint_kitts_nevis	curacao	149035.0
saint_kitts_nevis	panama	3705246.0
saint_kitts_nevis	uruguay	3351016.0
saint_kitts_nevis	bahamas	327316.0
saint_kitts_nevis	bermuda	70537.0
saint_kitts_nevis	aruba	113648.0
saint_kitts_nevis	suriname	585824.0
saint_kitts_nevis	costa_rica	4872543.0
saint_kitts_nevis	bolivia	10969649.0
saint_kitts_nevis	venezuela	30912302.0
saint_kitts_nevis	french_guiana	252338.0
saint_kitts_nevis	cayman_islands	57268.0
saint_kitts_nevis	brazil	205823665.0
saint_kitts_nevis	trinidad_tobago	1220479.0
saint_kitts_nevis	dominican_republic	10606865.0
saint_kitts_nevis	cuba	11179995.0
saint_kitts_nevis	guatemala	15189958.0
saint_kitts_nevis	chile	17650114.0
saint_kitts_nevis	turks_caicos_islands	51430.0
saint_kitts_nevis	haiti	10485800.0
saint_kitts_nevis	belize	353858.0
saint_kitts_nevis	argentina	43886748.0
saint_kitts_nevis	dominica	73757.0
saint_kitts_nevis	saint_lucia	164464.0
saint_kitts_nevis	el_salvador	6156670.0
saint_kitts_nevis	puerto_rico	3578056.0
saint_kitts_nevis	ecuador	16080778.0
saint_kitts_nevis	guyana	735909.0
saint_kitts_nevis	grenada	111219.0
saint_kitts_nevis	guadeloupe	402119.0
saint_kitts_nevis	antigua_barbuda	93581.0
united_states	jamaica	2970340.0
united_states	honduras	8893259.0
united_states	colombia	47220856.0
united_states	mexico	123166749.0
united_states	saint_kitts_nevis	52329.0
united_states	saint_vincent_grenadines	102350.0
united_states	paraguay	6862812.0
united_states	nicaragua	5966798.0
united_states	barbados	291495.0
united_states	canada	35362905.0
united_states	united_states_virgin_islands	102951.0
united_states	martinique	385551.0
united_states	peru	30741062.0
united_states	curacao	149035.0
united_states	panama	3705246.0
united_states	uruguay	3351016.0
united_states	bahamas	327316.0
united_states	bermuda	70537.0
united_states	aruba	113648.0
united_states	suriname	585824.0
united_states	costa_rica	4872543.0
united_states	bolivia	10969649.0
united_states	venezuela	30912302.0
united_states	french_guiana	252338.0
united_states	cayman_islands	57268.0
united_states	brazil	205823665.0
united_states	trinidad_tobago	1220479.0
united_states	dominican_republic	10606865.0
united_states	cuba	11179995.0
united_states	guatemala	15189958.0
united_states	chile	17650114.0
united_states	turks_caicos_islands	51430.0
united_states	haiti	10485800.0
united_states	belize	353858.0
united_states	argentina	43886748.0
united_states	dominica	73757.0
united_states	saint_lucia	164464.0
united_states	el_salvador	6156670.0
united_states	puerto_rico	3578056.0
united_states	ecuador	16080778.0
united_states	guyana	735909.0
united_states	grenada	111219.0
united_states	guadeloupe	402119.0
united_states	antigua_barbuda	93581.0
saint_vincent_grenadines	jamaica	2970340.0
saint_vincent_grenadines	honduras	8893259.0
saint_vincent_grenadines	colombia	47220856.0
saint_vincent_grenadines	mexico	123166749.0
saint_vincent_grenadines	saint_kitts_nevis	52329.0
saint_vincent_grenadines	united_states	323995528.0
saint_vincent_grenadines	paraguay	6862812.0
saint_vincent_grenadines	nicaragua	5966798.0
saint_vincent_grenadines	barbados	291495.0
saint_vincent_grenadines	canada	35362905.0
saint_vincent_grenadines	united_states_virgin_islands	102951.0
saint_vincent_grenadines	martinique	385551.0
saint_vincent_grenadines	peru	30741062.0
saint_vincent_grenadines	curacao	149035.0
saint_vincent_grenadines	panama	3705246.0
saint_vincent_grenadines	uruguay	3351016.0
saint_vincent_grenadines	bahamas	327316.0
saint_vincent_grenadines	bermuda	70537.0
saint_vincent_grenadines	aruba	113648.0
saint_vincent_grenadines	suriname	585824.0
saint_vincent_grenadines	costa_rica	4872543.0
saint_vincent_grenadines	bolivia	10969649.0
saint_vincent_grenadines	venezuela	30912302.0
saint_vincent_grenadines	french_guiana	252338.0
saint_vincent_grenadines	cayman_islands	57268.0
saint_vincent_grenadines	brazil	205823665.0
saint_vincent_grenadines	trinidad_tobago	1220479.0
saint_vincent_grenadines	dominican_republic	10606865.0
saint_vincent_grenadines	cuba	11179995.0
saint_vincent_grenadines	guatemala	15189958.0
saint_vincent_grenadines	chile	17650114.0
saint_vincent_grenadines	turks_caicos_islands	51430.0
saint_vincent_grenadines	haiti	10485800.0
saint_vincent_grenadines	belize	353858.0
saint_vincent_grenadines	argentina	43886748.0
saint_vincent_grenadines	dominica	73757.0
saint_vincent_grenadines	saint_lucia	164464.0
saint_vincent_grenadines	el_salvador	6156670.0
saint_vincent_grenadines	puerto_rico	3578056.0
saint_vincent_grenadines	ecuador	16080778.0
saint_vincent_grenadines	guyana	735909.0
saint_vincent_grenadines	grenada	111219.0
saint_vincent_grenadines	guadeloupe	402119.0
saint_vincent_grenadines	antigua_barbuda	93581.0
paraguay	jamaica	2970340.0
paraguay	honduras	8893259.0
paraguay	colombia	47220856.0
paraguay	mexico	123166749.0
paraguay	saint_kitts_nevis	52329.0
paraguay	united_states	323995528.0
paraguay	saint_vincent_grenadines	102350.0
paraguay	nicaragua	5966798.0
paraguay	barbados	291495.0
paraguay	canada	35362905.0
paraguay	united_states_virgin_islands	102951.0
paraguay	martinique	385551.0
paraguay	peru	30741062.0
paraguay	curacao	149035.0
paraguay	panama	3705246.0
paraguay	uruguay	3351016.0
paraguay	bahamas	327316.0
paraguay	bermuda	70537.0
paraguay	aruba	113648.0
paraguay	suriname	585824.0
paraguay	costa_rica	4872543.0
paraguay	bolivia	10969649.0
paraguay	venezuela	30912302.0
paraguay	french_guiana	252338.0
paraguay	cayman_islands	57268.0
paraguay	brazil	205823665.0
paraguay	trinidad_tobago	1220479.0
paraguay	dominican_republic	10606865.0
paraguay	cuba	11179995.0
paraguay	guatemala	15189958.0
paraguay	chile	17650114.0
paraguay	turks_caicos_islands	51430.0
paraguay	haiti	10485800.0
paraguay	belize	353858.0
paraguay	argentina	43886748.0
paraguay	dominica	73757.0
paraguay	saint_lucia	164464.0
paraguay	el_salvador	6156670.0
paraguay	puerto_rico	3578056.0
paraguay	ecuador	16080778.0
paraguay	guyana	735909.0
paraguay	grenada	111219.0
paraguay	guadeloupe	402119.0
paraguay	antigua_barbuda	93581.0
nicaragua	jamaica	2970340.0
nicaragua	honduras	8893259.0
nicaragua	colombia	47220856.0
nicaragua	mexico	123166749.0
nicaragua	saint_kitts_nevis	52329.0
nicaragua	united_states	323995528.0
nicaragua	saint_vincent_grenadines	102350.0
nicaragua	paraguay	6862812.0
nicaragua	barbados	291495.0
nicaragua	canada	35362905.0
nicaragua	united_states_virgin_islands	102951.0
nicaragua	martinique	385551.0
nicaragua	peru	30741062.0
nicaragua	curacao	149035.0
nicaragua	panama	3705246.0
nicaragua	uruguay	3351016.0
nicaragua	bahamas	327316.0
nicaragua	bermuda	70537.0
nicaragua	aruba	113648.0
nicaragua	suriname	585824.0
nicaragua	costa_rica	4872543.0
nicaragua	bolivia	10969649.0
nicaragua	venezuela	30912302.0
nicaragua	french_guiana	252338.0
nicaragua	cayman_islands	57268.0
nicaragua	brazil	205823665.0
nicaragua	trinidad_tobago	1220479.0
nicaragua	dominican_republic	10606865.0
nicaragua	cuba	11179995.0
nicaragua	guatemala	15189958.0
nicaragua	chile	17650114.0
nicaragua	turks_caicos_islands	51430.0
nicaragua	haiti	10485800.0
nicaragua	belize	353858.0
nicaragua	argentina	43886748.0
nicaragua	dominica	73757.0
nicaragua	saint_lucia	164464.0
nicaragua	el_salvador	6156670.0
nicaragua	puerto_rico	3578056.0
nicaragua	ecuador	16080778.0
nicaragua	guyana	735909.0
nicaragua	grenada	111219.0
nicaragua	guadeloupe	402119.0
nicaragua	antigua_barbuda	93581.0
barbados	jamaica	2970340.0
barbados	honduras	8893259.0
barbados	colombia	47220856.0
barbados	mexico	123166749.0
barbados	saint_kitts_nevis	52329.0
barbados	united_states	323995528.0
barbados	saint_vincent_grenadines	102350.0
barbados	paraguay	6862812.0
barbados	nicaragua	5966798.0
barbados	canada	35362905.0
barbados	united_states_virgin_islands	102951.0
barbados	martinique	385551.0
barbados	peru	30741062.0
barbados	curacao	149035.0
barbados	panama	3705246.0
barbados	uruguay	3351016.0
barbados	bahamas	327316.0
barbados	bermuda	70537.0
barbados	aruba	113648.0
barbados	suriname	585824.0
barbados	costa_rica	4872543.0
barbados	bolivia	10969649.0
barbados	venezuela	30912302.0
barbados	french_guiana	252338.0
barbados	cayman_islands	57268.0
barbados	brazil	205823665.0
barbados	trinidad_tobago	1220479.0
barbados	dominican_republic	10606865.0
barbados	cuba	11179995.0
barbados	guatemala	15189958.0
barbados	chile	17650114.0
barbados	turks_caicos_islands	51430.0
barbados	haiti	10485800.0
barbados	belize	353858.0
barbados	argentina	43886748.0
barbados	dominica	73757.0
barbados	saint_lucia	164464.0
barbados	el_salvador	6156670.0
barbados	puerto_rico	3578056.0
barbados	ecuador	16080778.0
barbados	guyana	735909.0
barbados	grenada	111219.0
barbados	guadeloupe	402119.0
barbados	antigua_barbuda	93581.0
canada	jamaica	2970340.0
canada	honduras	8893259.0
canada	colombia	47220856.0
canada	mexico	123166749.0
canada	saint_kitts_nevis	52329.0
canada	united_states	323995528.0
canada	saint_vincent_grenadines	102350.0
canada	paraguay	6862812.0
canada	nicaragua	5966798.0
canada	barbados	291495.0
canada	united_states_virgin_islands	102951.0
canada	martinique	385551.0
canada	peru	30741062.0
canada	curacao	149035.0
canada	panama	3705246.0
canada	uruguay	3351016.0
canada	bahamas	327316.0
canada	bermuda	70537.0
canada	aruba	113648.0
canada	suriname	585824.0
canada	costa_rica	4872543.0
canada	bolivia	10969649.0
canada	venezuela	30912302.0
canada	french_guiana	252338.0
canada	cayman_islands	57268.0
canada	brazil	205823665.0
canada	trinidad_tobago	1220479.0
canada	dominican_republic	10606865.0
canada	cuba	11179995.0
canada	guatemala	15189958.0
canada	chile	17650114.0
canada	turks_caicos_islands	51430.0
canada	haiti	10485800.0
canada	belize	353858.0
canada	argentina	43886748.0
canada	dominica	73757.0
canada	saint_lucia	164464.0
canada	el_salvador	6156670.0
canada	puerto_rico	3578056.0
canada	ecuador	16080778.0
canada	guyana	735909.0
canada	grenada	111219.0
canada	guadeloupe	402119.0
canada	antigua_barbuda	93581.0
united_states_virgin_islands	jamaica	2970340.0
united_states_virgin_islands	honduras	8893259.0
united_states_virgin_islands	colombia	47220856.0
united_states_virgin_islands	mexico	123166749.0
united_states_virgin_islands	saint_kitts_nevis	52329.0
united_states_virgin_islands	united_states	323995528.0
united_states_virgin_islands	saint_vincent_grenadines	102350.0
united_states_virgin_islands	paraguay	6862812.0
united_states_virgin_islands	nicaragua	5966798.0
united_states_virgin_islands	barbados	291495.0
united_states_virgin_islands	canada	35362905.0
united_states_virgin_islands	martinique	385551.0
united_states_virgin_islands	peru	30741062.0
united_states_virgin_islands	curacao	149035.0
united_states_virgin_islands	panama	3705246.0
united_states_virgin_islands	uruguay	3351016.0
united_states_virgin_islands	bahamas	327316.0
united_states_virgin_islands	bermuda	70537.0
united_states_virgin_islands	aruba	113648.0
united_states_virgin_islands	suriname	585824.0
united_states_virgin_islands	costa_rica	4872543.0
united_states_virgin_islands	bolivia	10969649.0
united_states_virgin_islands	venezuela	30912302.0
united_states_virgin_islands	french_guiana	252338.0
united_states_virgin_islands	cayman_islands	57268.0
united_states_virgin_islands	brazil	205823665.0
united_states_virgin_islands	trinidad_tobago	1220479.0
united_states_virgin_islands	dominican_republic	10606865.0
united_states_virgin_islands	cuba	11179995.0
united_states_virgin_islands	guatemala	15189958.0
united_states_virgin_islands	chile	17650114.0
united_states_virgin_islands	turks_caicos_islands	51430.0
united_states_virgin_islands	haiti	10485800.0
united_states_virgin_islands	belize	353858.0
united_states_virgin_islands	argentina	43886748.0
united_states_virgin_islands	dominica	73757.0
united_states_virgin_islands	saint_lucia	164464.0
united_states_virgin_islands	el_salvador	6156670.0
united_states_virgin_islands	puerto_rico	3578056.0
united_states_virgin_islands	ecuador	16080778.0
united_states_virgin_islands	guyana	735909.0
united_states_virgin_islands	grenada	111219.0
united_states_virgin_islands	guadeloupe	402119.0
united_states_virgin_islands	antigua_barbuda	93581.0
martinique	jamaica	2970340.0
martinique	honduras	8893259.0
martinique	colombia	47220856.0
martinique	mexico	123166749.0
martinique	saint_kitts_nevis	52329.0
martinique	united_states	323995528.0
martinique	saint_vincent_grenadines	102350.0
martinique	paraguay	6862812.0
martinique	nicaragua	5966798.0
martinique	barbados	291495.0
martinique	canada	35362905.0
martinique	united_states_virgin_islands	102951.0
martinique	peru	30741062.0
martinique	curacao	149035.0
martinique	panama	3705246.0
martinique	uruguay	3351016.0
martinique	bahamas	327316.0
martinique	bermuda	70537.0
martinique	aruba	113648.0
martinique	suriname	585824.0
martinique	costa_rica	4872543.0
martinique	bolivia	10969649.0
martinique	venezuela	30912302.0
martinique	french_guiana	252338.0
martinique	cayman_islands	57268.0
martinique	brazil	205823665.0
martinique	trinidad_tobago	1220479.0
martinique	dominican_republic	10606865.0
martinique	cuba	11179995.0
martinique	guatemala	15189958.0
martinique	chile	17650114.0
martinique	turks_caicos_islands	51430.0
martinique	haiti	10485800.0
martinique	belize	353858.0
martinique	argentina	43886748.0
martinique	dominica	73757.0
martinique	saint_lucia	164464.0
martinique	el_salvador	6156670.0
martinique	puerto_rico	3578056.0
martinique	ecuador	16080778.0
martinique	guyana	735909.0
martinique	grenada	111219.0
martinique	guadeloupe	402119.0
martinique	antigua_barbuda	93581.0
peru	jamaica	2970340.0
peru	honduras	8893259.0
peru	colombia	47220856.0
peru	mexico	123166749.0
peru	saint_kitts_nevis	52329.0
peru	united_states	323995528.0
peru	saint_vincent_grenadines	102350.0
peru	paraguay	6862812.0
peru	nicaragua	5966798.0
peru	barbados	291495.0
peru	canada	35362905.0
peru	united_states_virgin_islands	102951.0
peru	martinique	385551.0
peru	curacao	149035.0
peru	panama	3705246.0
peru	uruguay	3351016.0
peru	bahamas	327316.0
peru	bermuda	70537.0
peru	aruba	113648.0
peru	suriname	585824.0
peru	costa_rica	4872543.0
peru	bolivia	10969649.0
peru	venezuela	30912302.0
peru	french_guiana	252338.0
peru	cayman_islands	57268.0
peru	brazil	205823665.0
peru	trinidad_tobago	1220479.0
peru	dominican_republic	10606865.0
peru	cuba	11179995.0
peru	guatemala	15189958.0
peru	chile	17650114.0
peru	turks_caicos_islands	51430.0
peru	haiti	10485800.0
peru	belize	353858.0
peru	argentina	43886748.0
peru	dominica	73757.0
peru	saint_lucia	164464.0
peru	el_salvador	6156670.0
peru	puerto_rico	3578056.0
peru	ecuador	16080778.0
peru	guyana	735909.0
peru	grenada	111219.0
peru	guadeloupe	402119.0
peru	antigua_barbuda	93581.0
curacao	jamaica	2970340.0
curacao	honduras	8893259.0
curacao	colombia	47220856.0
curacao	mexico	123166749.0
curacao	saint_kitts_nevis	52329.0
curacao	united_states	323995528.0
curacao	saint_vincent_grenadines	102350.0
curacao	paraguay	6862812.0
curacao	nicaragua	5966798.0
curacao	barbados	291495.0
curacao	canada	35362905.0
curacao	united_states_virgin_islands	102951.0
curacao	martinique	385551.0
curacao	peru	30741062.0
curacao	panama	3705246.0
curacao	uruguay	3351016.0
curacao	bahamas	327316.0
curacao	bermuda	70537.0
curacao	aruba	113648.0
curacao	suriname	585824.0
curacao	costa_rica	4872543.0
curacao	bolivia	10969649.0
curacao	venezuela	30912302.0
curacao	french_guiana	252338.0
curacao	cayman_islands	57268.0
curacao	brazil	205823665.0
curacao	trinidad_tobago	1220479.0
curacao	dominican_republic	10606865.0
curacao	cuba	11179995.0
curacao	guatemala	15189958.0
curacao	chile	17650114.0
curacao	turks_caicos_islands	51430.0
curacao	haiti	10485800.0
curacao	belize	353858.0
curacao	argentina	43886748.0
curacao	dominica	73757.0
curacao	saint_lucia	164464.0
curacao	el_salvador	6156670.0
curacao	puerto_rico	3578056.0
curacao	ecuador	16080778.0
curacao	guyana	735909.0
curacao	grenada	111219.0
curacao	guadeloupe	402119.0
curacao	antigua_barbuda	93581.0
panama	jamaica	2970340.0
panama	honduras	8893259.0
panama	colombia	47220856.0
panama	mexico	123166749.0
panama	saint_kitts_nevis	52329.0
panama	united_states	323995528.0
panama	saint_vincent_grenadines	102350.0
panama	paraguay	6862812.0
panama	nicaragua	5966798.0
panama	barbados	291495.0
panama	canada	35362905.0
panama	united_states_virgin_islands	102951.0
panama	martinique	385551.0
panama	peru	30741062.0
panama	curacao	149035.0
panama	uruguay	3351016.0
panama	bahamas	327316.0
panama	bermuda	70537.0
panama	aruba	113648.0
panama	suriname	585824.0
panama	costa_rica	4872543.0
panama	bolivia	10969649.0
panama	venezuela	30912302.0
panama	french_guiana	252338.0
panama	cayman_islands	57268.0
panama	brazil	205823665.0
panama	trinidad_tobago	1220479.0
panama	dominican_republic	10606865.0
panama	cuba	11179995.0
panama	guatemala	15189958.0
panama	chile	17650114.0
panama	turks_caicos_islands	51430.0
panama	haiti	10485800.0
panama	belize	353858.0
panama	argentina	43886748.0
panama	dominica	73757.0
panama	saint_lucia	164464.0
panama	el_salvador	6156670.0
panama	puerto_rico	3578056.0
panama	ecuador	16080778.0
panama	guyana	735909.0
panama	grenada	111219.0
panama	guadeloupe	402119.0
panama	antigua_barbuda	93581.0
uruguay	jamaica	2970340.0
uruguay	honduras	8893259.0
uruguay	colombia	47220856.0
uruguay	mexico	123166749.0
uruguay	saint_kitts_nevis	52329.0
uruguay	united_states	323995528.0
uruguay	saint_vincent_grenadines	102350.0
uruguay	paraguay	6862812.0
uruguay	nicaragua	5966798.0
uruguay	barbados	291495.0
uruguay	canada	35362905.0
uruguay	united_states_virgin_islands	102951.0
uruguay	martinique	385551.0
uruguay	peru	30741062.0
uruguay	curacao	149035.0
uruguay	panama	3705246.0
uruguay	bahamas	327316.0
uruguay	bermuda	70537.0
uruguay	aruba	113648.0
uruguay	suriname	585824.0
uruguay	costa_rica	4872543.0
uruguay	bolivia	10969649.0
uruguay	venezuela	30912302.0
uruguay	french_guiana	252338.0
uruguay	cayman_islands	57268.0
uruguay	brazil	205823665.0
uruguay	trinidad_tobago	1220479.0
uruguay	dominican_republic	10606865.0
uruguay	cuba	11179995.0
uruguay	guatemala	15189958.0
uruguay	chile	17650114.0
uruguay	turks_caicos_islands	51430.0
uruguay	haiti	10485800.0
uruguay	belize	353858.0
uruguay	argentina	43886748.0
uruguay	dominica	73757.0
uruguay	saint_lucia	164464.0
uruguay	el_salvador	6156670.0
uruguay	puerto_rico	3578056.0
uruguay	ecuador	16080778.0
uruguay	guyana	735909.0
uruguay	grenada	111219.0
uruguay	guadeloupe	402119.0
uruguay	antigua_barbuda	93581.0
bahamas	jamaica	2970340.0
bahamas	honduras	8893259.0
bahamas	colombia	47220856.0
bahamas	mexico	123166749.0
bahamas	saint_kitts_nevis	52329.0
bahamas	united_states	323995528.0
bahamas	saint_vincent_grenadines	102350.0
bahamas	paraguay	6862812.0
bahamas	nicaragua	5966798.0
bahamas	barbados	291495.0
bahamas	canada	35362905.0
bahamas	united_states_virgin_islands	102951.0
bahamas	martinique	385551.0
bahamas	peru	30741062.0
bahamas	curacao	149035.0
bahamas	panama	3705246.0
bahamas	uruguay	3351016.0
bahamas	bermuda	70537.0
bahamas	aruba	113648.0
bahamas	suriname	585824.0
bahamas	costa_rica	4872543.0
bahamas	bolivia	10969649.0
bahamas	venezuela	30912302.0
bahamas	french_guiana	252338.0
bahamas	cayman_islands	57268.0
bahamas	brazil	205823665.0
bahamas	trinidad_tobago	1220479.0
bahamas	dominican_republic	10606865.0
bahamas	cuba	11179995.0
bahamas	guatemala	15189958.0
bahamas	chile	17650114.0
bahamas	turks_caicos_islands	51430.0
bahamas	haiti	10485800.0
bahamas	belize	353858.0
bahamas	argentina	43886748.0
bahamas	dominica	73757.0
bahamas	saint_lucia	164464.0
bahamas	el_salvador	6156670.0
bahamas	puerto_rico	3578056.0
bahamas	ecuador	16080778.0
bahamas	guyana	735909.0
bahamas	grenada	111219.0
bahamas	guadeloupe	402119.0
bahamas	antigua_barbuda	93581.0
bermuda	jamaica	2970340.0
bermuda	honduras	8893259.0
bermuda	colombia	47220856.0
bermuda	mexico	123166749.0
bermuda	saint_kitts_nevis	52329.0
bermuda	united_states	323995528.0
bermuda	saint_vincent_grenadines	102350.0
bermuda	paraguay	6862812.0
bermuda	nicaragua	5966798.0
bermuda	barbados	291495.0
bermuda	canada	35362905.0
bermuda	united_states_virgin_islands	102951.0
bermuda	martinique	385551.0
bermuda	peru	30741062.0
bermuda	curacao	149035.0
bermuda	panama	3705246.0
bermuda	uruguay	3351016.0
bermuda	bahamas	327316.0
bermuda	aruba	113648.0
bermuda	suriname	585824.0
bermuda	costa_rica	4872543.0
bermuda	bolivia	10969649.0
bermuda	venezuela	30912302.0
bermuda	french_guiana	252338.0
bermuda	cayman_islands	57268.0
bermuda	brazil	205823665.0
bermuda	trinidad_tobago	1220479.0
bermuda	dominican_republic	10606865.0
bermuda	cuba	11179995.0
bermuda	guatemala	15189958.0
bermuda	chile	17650114.0
bermuda	turks_caicos_islands	51430.0
bermuda	haiti	10485800.0
bermuda	belize	353858.0
bermuda	argentina	43886748.0
bermuda	dominica	73757.0
bermuda	saint_lucia	164464.0
bermuda	el_salvador	6156670.0
bermuda	puerto_rico	3578056.0
bermuda	ecuador	16080778.0
bermuda	guyana	735909.0
bermuda	grenada	111219.0
bermuda	guadeloupe	402119.0
bermuda	antigua_barbuda	93581.0
aruba	jamaica	2970340.0
aruba	honduras	8893259.0
aruba	colombia	47220856.0
aruba	mexico	123166749.0
aruba	saint_kitts_nevis	52329.0
aruba	united_states	323995528.0
aruba	saint_vincent_grenadines	102350.0
aruba	paraguay	6862812.0
aruba	nicaragua	5966798.0
aruba	barbados	291495.0
aruba	canada	35362905.0
aruba	united_states_virgin_islands	102951.0
aruba	martinique	385551.0
aruba	peru	30741062.0
aruba	curacao	149035.0
aruba	panama	3705246.0
aruba	uruguay	3351016.0
aruba	bahamas	327316.0
aruba	bermuda	70537.0
aruba	suriname	585824.0
aruba	costa_rica	4872543.0
aruba	bolivia	10969649.0
aruba	venezuela	30912302.0
aruba	french_guiana	252338.0
aruba	cayman_islands	57268.0
aruba	brazil	205823665.0
aruba	trinidad_tobago	1220479.0
aruba	dominican_republic	10606865.0
aruba	cuba	11179995.0
aruba	guatemala	15189958.0
aruba	chile	17650114.0
aruba	turks_caicos_islands	51430.0
aruba	haiti	10485800.0
aruba	belize	353858.0
aruba	argentina	43886748.0
aruba	dominica	73757.0
aruba	saint_lucia	164464.0
aruba	el_salvador	6156670.0
aruba	puerto_rico	3578056.0
aruba	ecuador	16080778.0
aruba	guyana	735909.0
aruba	grenada	111219.0
aruba	guadeloupe	402119.0
aruba	antigua_barbuda	93581.0
suriname	jamaica	2970340.0
suriname	honduras	8893259.0
suriname	colombia	47220856.0
suriname	mexico	123166749.0
suriname	saint_kitts_nevis	52329.0
suriname	united_states	323995528.0
suriname	saint_vincent_grenadines	102350.0
suriname	paraguay	6862812.0
suriname	nicaragua	5966798.0
suriname	barbados	291495.0
suriname	canada	35362905.0
suriname	united_states_virgin_islands	102951.0
suriname	martinique	385551.0
suriname	peru	30741062.0
suriname	curacao	149035.0
suriname	panama	3705246.0
suriname	uruguay	3351016.0
suriname	bahamas	327316.0
suriname	bermuda	70537.0
suriname	aruba	113648.0
suriname	costa_rica	4872543.0
suriname	bolivia	10969649.0
suriname	venezuela	30912302.0
suriname	french_guiana	252338.0
suriname	cayman_islands	57268.0
suriname	brazil	205823665.0
suriname	trinidad_tobago	1220479.0
suriname	dominican_republic	10606865.0
suriname	cuba	11179995.0
suriname	guatemala	15189958.0
suriname	chile	17650114.0
suriname	turks_caicos_islands	51430.0
suriname	haiti	10485800.0
suriname	belize	353858.0
suriname	argentina	43886748.0
suriname	dominica	73757.0
suriname	saint_lucia	164464.0
suriname	el_salvador	6156670.0
suriname	puerto_rico	3578056.0
suriname	ecuador	16080778.0
suriname	guyana	735909.0
suriname	grenada	111219.0
suriname	guadeloupe	402119.0
suriname	antigua_barbuda	93581.0
costa_rica	jamaica	2970340.0
costa_rica	honduras	8893259.0
costa_rica	colombia	47220856.0
costa_rica	mexico	123166749.0
costa_rica	saint_kitts_nevis	52329.0
costa_rica	united_states	323995528.0
costa_rica	saint_vincent_grenadines	102350.0
costa_rica	paraguay	6862812.0
costa_rica	nicaragua	5966798.0
costa_rica	barbados	291495.0
costa_rica	canada	35362905.0
costa_rica	united_states_virgin_islands	102951.0
costa_rica	martinique	385551.0
costa_rica	peru	30741062.0
costa_rica	curacao	149035.0
costa_rica	panama	3705246.0
costa_rica	uruguay	3351016.0
costa_rica	bahamas	327316.0
costa_rica	bermuda	70537.0
costa_rica	aruba	113648.0
costa_rica	suriname	585824.0
costa_rica	bolivia	10969649.0
costa_rica	venezuela	30912302.0
costa_rica	french_guiana	252338.0
costa_rica	cayman_islands	57268.0
costa_rica	brazil	205823665.0
costa_rica	trinidad_tobago	1220479.0
costa_rica	dominican_republic	10606865.0
costa_rica	cuba	11179995.0
costa_rica	guatemala	15189958.0
costa_rica	chile	17650114.0
costa_rica	turks_caicos_islands	51430.0
costa_rica	haiti	10485800.0
costa_rica	belize	353858.0
costa_rica	argentina	43886748.0
costa_rica	dominica	73757.0
costa_rica	saint_lucia	164464.0
costa_rica	el_salvador	6156670.0
costa_rica	puerto_rico	3578056.0
costa_rica	ecuador	16080778.0
costa_rica	guyana	735909.0
costa_rica	grenada	111219.0
costa_rica	guadeloupe	402119.0
costa_rica	antigua_barbuda	93581.0
bolivia	jamaica	2970340.0
bolivia	honduras	8893259.0
bolivia	colombia	47220856.0
bolivia	mexico	123166749.0
bolivia	saint_kitts_nevis	52329.0
bolivia	united_states	323995528.0
bolivia	saint_vincent_grenadines	102350.0
bolivia	paraguay	6862812.0
bolivia	nicaragua	5966798.0
bolivia	barbados	291495.0
bolivia	canada	35362905.0
bolivia	united_states_virgin_islands	102951.0
bolivia	martinique	385551.0
bolivia	peru	30741062.0
bolivia	curacao	149035.0
bolivia	panama	3705246.0
bolivia	uruguay	3351016.0
bolivia	bahamas	327316.0
bolivia	bermuda	70537.0
bolivia	aruba	113648.0
bolivia	suriname	585824.0
bolivia	costa_rica	4872543.0
bolivia	venezuela	30912302.0
bolivia	french_guiana	252338.0
bolivia	cayman_islands	57268.0
bolivia	brazil	205823665.0
bolivia	trinidad_tobago	1220479.0
bolivia	dominican_republic	10606865.0
bolivia	cuba	11179995.0
bolivia	guatemala	15189958.0
bolivia	chile	17650114.0
bolivia	turks_caicos_islands	51430.0
bolivia	haiti	10485800.0
bolivia	belize	353858.0
bolivia	argentina	43886748.0
bolivia	dominica	73757.0
bolivia	saint_lucia	164464.0
bolivia	el_salvador	6156670.0
bolivia	puerto_rico	3578056.0
bolivia	ecuador	16080778.0
bolivia	guyana	735909.0
bolivia	grenada	111219.0
bolivia	guadeloupe	402119.0
bolivia	antigua_barbuda	93581.0
venezuela	jamaica	2970340.0
venezuela	honduras	8893259.0
venezuela	colombia	47220856.0
venezuela	mexico	123166749.0
venezuela	saint_kitts_nevis	52329.0
venezuela	united_states	323995528.0
venezuela	saint_vincent_grenadines	102350.0
venezuela	paraguay	6862812.0
venezuela	nicaragua	5966798.0
venezuela	barbados	291495.0
venezuela	canada	35362905.0
venezuela	united_states_virgin_islands	102951.0
venezuela	martinique	385551.0
venezuela	peru	30741062.0
venezuela	curacao	149035.0
venezuela	panama	3705246.0
venezuela	uruguay	3351016.0
venezuela	bahamas	327316.0
venezuela	bermuda	70537.0
venezuela	aruba	113648.0
venezuela	suriname	585824.0
venezuela	costa_rica	4872543.0
venezuela	bolivia	10969649.0
venezuela	french_guiana	252338.0
venezuela	cayman_islands	57268.0
venezuela	brazil	205823665.0
venezuela	trinidad_tobago	1220479.0
venezuela	dominican_republic	10606865.0
venezuela	cuba	11179995.0
venezuela	guatemala	15189958.0
venezuela	chile	17650114.0
venezuela	turks_caicos_islands	51430.0
venezuela	haiti	10485800.0
venezuela	belize	353858.0
venezuela	argentina	43886748.0
venezuela	dominica	73757.0
venezuela	saint_lucia	164464.0
venezuela	el_salvador	6156670.0
venezuela	puerto_rico	3578056.0
venezuela	ecuador	16080778.0
venezuela	guyana	735909.0
venezuela	grenada	111219.0
venezuela	guadeloupe	402119.0
venezuela	antigua_barbuda	93581.0
french_guiana	jamaica	2970340.0
french_guiana	honduras	8893259.0
french_guiana	colombia	47220856.0
french_guiana	mexico	123166749.0
french_guiana	saint_kitts_nevis	52329.0
french_guiana	united_states	323995528.0
french_guiana	saint_vincent_grenadines	102350.0
french_guiana	paraguay	6862812.0
french_guiana	nicaragua	5966798.0
french_guiana	barbados	291495.0
french_guiana	canada	35362905.0
french_guiana	united_states_virgin_islands	102951.0
french_guiana	martinique	385551.0
french_guiana	peru	30741062.0
french_guiana	curacao	149035.0
french_guiana	panama	3705246.0
french_guiana	uruguay	3351016.0
french_guiana	bahamas	327316.0
french_guiana	bermuda	70537.0
french_guiana	aruba	113648.0
french_guiana	suriname	585824.0
french_guiana	costa_rica	4872543.0
french_guiana	bolivia	10969649.0
french_guiana	venezuela	30912302.0
french_guiana	cayman_islands	57268.0
french_guiana	brazil	205823665.0
french_guiana	trinidad_tobago	1220479.0
french_guiana	dominican_republic	10606865.0
french_guiana	cuba	11179995.0
french_guiana	guatemala	15189958.0
french_guiana	chile	17650114.0
french_guiana	turks_caicos_islands	51430.0
french_guiana	haiti	10485800.0
french_guiana	belize	353858.0
french_guiana	argentina	43886748.0
french_guiana	dominica	73757.0
french_guiana	saint_lucia	164464.0
french_guiana	el_salvador	6156670.0
french_guiana	puerto_rico	3578056.0
french_guiana	ecuador	16080778.0
french_guiana	guyana	735909.0
french_guiana	grenada	111219.0
french_guiana	guadeloupe	402119.0
french_guiana	antigua_barbuda	93581.0
cayman_islands	jamaica	2970340.0
cayman_islands	honduras	8893259.0
cayman_islands	colombia	47220856.0
cayman_islands	mexico	123166749.0
cayman_islands	saint_kitts_nevis	52329.0
cayman_islands	united_states	323995528.0
cayman_islands	saint_vincent_grenadines	102350.0
cayman_islands	paraguay	6862812.0
cayman_islands	nicaragua	5966798.0
cayman_islands	barbados	291495.0
cayman_islands	canada	35362905.0
cayman_islands	united_states_virgin_islands	102951.0
cayman_islands	martinique	385551.0
cayman_islands	peru	30741062.0
cayman_islands	curacao	149035.0
cayman_islands	panama	3705246.0
cayman_islands	uruguay	3351016.0
cayman_islands	bahamas	327316.0
cayman_islands	bermuda	70537.0
cayman_islands	aruba	113648.0
cayman_islands	suriname	585824.0
cayman_islands	costa_rica	4872543.0
cayman_islands	bolivia	10969649.0
cayman_islands	venezuela	30912302.0
cayman_islands	french_guiana	252338.0
cayman_islands	brazil	205823665.0
cayman_islands	trinidad_tobago	1220479.0
cayman_islands	dominican_republic	10606865.0
cayman_islands	cuba	11179995.0
cayman_islands	guatemala	15189958.0
cayman_islands	chile	17650114.0
cayman_islands	turks_caicos_islands	51430.0
cayman_islands	haiti	10485800.0
cayman_islands	belize	353858.0
cayman_islands	argentina	43886748.0
cayman_islands	dominica	73757.0
cayman_islands	saint_lucia	164464.0
cayman_islands	el_salvador	6156670.0
cayman_islands	puerto_rico	3578056.0
cayman_islands	ecuador	16080778.0
cayman_islands	guyana	735909.0
cayman_islands	grenada	111219.0
cayman_islands	guadeloupe	402119.0
cayman_islands	antigua_barbuda	93581.0
brazil	jamaica	2970340.0
brazil	honduras	8893259.0
brazil	colombia	47220856.0
brazil	mexico	123166749.0
brazil	saint_kitts_nevis	52329.0
brazil	united_states	323995528.0
brazil	saint_vincent_grenadines	102350.0
brazil	paraguay	6862812.0
brazil	nicaragua	5966798.0
brazil	barbados	291495.0
brazil	canada	35362905.0
brazil	united_states_virgin_islands	102951.0
brazil	martinique	385551.0
brazil	peru	30741062.0
brazil	curacao	149035.0
brazil	panama	3705246.0
brazil	uruguay	3351016.0
brazil	bahamas	327316.0
brazil	bermuda	70537.0
brazil	aruba	113648.0
brazil	suriname	585824.0
brazil	costa_rica	4872543.0
brazil	bolivia	10969649.0
brazil	venezuela	30912302.0
brazil	french_guiana	252338.0
brazil	cayman_islands	57268.0
brazil	trinidad_tobago	1220479.0
brazil	dominican_republic	10606865.0
brazil	cuba	11179995.0
brazil	guatemala	15189958.0
brazil	chile	17650114.0
brazil	turks_caicos_islands	51430.0
brazil	haiti	10485800.0
brazil	belize	353858.0
brazil	argentina	43886748.0
brazil	dominica	73757.0
brazil	saint_lucia	164464.0
brazil	el_salvador	6156670.0
brazil	puerto_rico	3578056.0
brazil	ecuador	16080778.0
brazil	guyana	735909.0
brazil	grenada	111219.0
brazil	guadeloupe	402119.0
brazil	antigua_barbuda	93581.0
trinidad_tobago	jamaica	2970340.0
trinidad_tobago	honduras	8893259.0
trinidad_tobago	colombia	47220856.0
trinidad_tobago	mexico	123166749.0
trinidad_tobago	saint_kitts_nevis	52329.0
trinidad_tobago	united_states	323995528.0
trinidad_tobago	saint_vincent_grenadines	102350.0
trinidad_tobago	paraguay	6862812.0
trinidad_tobago	nicaragua	5966798.0
trinidad_tobago	barbados	291495.0
trinidad_tobago	canada	35362905.0
trinidad_tobago	united_states_virgin_islands	102951.0
trinidad_tobago	martinique	385551.0
trinidad_tobago	peru	30741062.0
trinidad_tobago	curacao	149035.0
trinidad_tobago	panama	3705246.0
trinidad_tobago	uruguay	3351016.0
trinidad_tobago	bahamas	327316.0
trinidad_tobago	bermuda	70537.0
trinidad_tobago	aruba	113648.0
trinidad_tobago	suriname	585824.0
trinidad_tobago	costa_rica	4872543.0
trinidad_tobago	bolivia	10969649.0
trinidad_tobago	venezuela	30912302.0
trinidad_tobago	french_guiana	252338.0
trinidad_tobago	cayman_islands	57268.0
trinidad_tobago	brazil	205823665.0
trinidad_tobago	dominican_republic	10606865.0
trinidad_tobago	cuba	11179995.0
trinidad_tobago	guatemala	15189958.0
trinidad_tobago	chile	17650114.0
trinidad_tobago	turks_caicos_islands	51430.0
trinidad_tobago	haiti	10485800.0
trinidad_tobago	belize	353858.0
trinidad_tobago	argentina	43886748.0
trinidad_tobago	dominica	73757.0
trinidad_tobago	saint_lucia	164464.0
trinidad_tobago	el_salvador	6156670.0
trinidad_tobago	puerto_rico	3578056.0
trinidad_tobago	ecuador	16080778.0
trinidad_tobago	guyana	735909.0
trinidad_tobago	grenada	111219.0
trinidad_tobago	guadeloupe	402119.0
trinidad_tobago	antigua_barbuda	93581.0
dominican_republic	jamaica	2970340.0
dominican_republic	honduras	8893259.0
dominican_republic	colombia	47220856.0
dominican_republic	mexico	123166749.0
dominican_republic	saint_kitts_nevis	52329.0
dominican_republic	united_states	323995528.0
dominican_republic	saint_vincent_grenadines	102350.0
dominican_republic	paraguay	6862812.0
dominican_republic	nicaragua	5966798.0
dominican_republic	barbados	291495.0
dominican_republic	canada	35362905.0
dominican_republic	united_states_virgin_islands	102951.0
dominican_republic	martinique	385551.0
dominican_republic	peru	30741062.0
dominican_republic	curacao	149035.0
dominican_republic	panama	3705246.0
dominican_republic	uruguay	3351016.0
dominican_republic	bahamas	327316.0
dominican_republic	bermuda	70537.0
dominican_republic	aruba	113648.0
dominican_republic	suriname	585824.0
dominican_republic	costa_rica	4872543.0
dominican_republic	bolivia	10969649.0
dominican_republic	venezuela	30912302.0
dominican_republic	french_guiana	252338.0
dominican_republic	cayman_islands	57268.0
dominican_republic	brazil	205823665.0
dominican_republic	trinidad_tobago	1220479.0
dominican_republic	cuba	11179995.0
dominican_republic	guatemala	15189958.0
dominican_republic	chile	17650114.0
dominican_republic	turks_caicos_islands	51430.0
dominican_republic	haiti	10485800.0
dominican_republic	belize	353858.0
dominican_republic	argentina	43886748.0
dominican_republic	dominica	73757.0
dominican_republic	saint_lucia	164464.0
dominican_republic	el_salvador	6156670.0
dominican_republic	puerto_rico	3578056.0
dominican_republic	ecuador	16080778.0
dominican_republic	guyana	735909.0
dominican_republic	grenada	111219.0
dominican_republic	guadeloupe	402119.0
dominican_republic	antigua_barbuda	93581.0
cuba	jamaica	2970340.0
cuba	honduras	8893259.0
cuba	colombia	47220856.0
cuba	mexico	123166749.0
cuba	saint_kitts_nevis	52329.0
cuba	united_states	323995528.0
cuba	saint_vincent_grenadines	102350.0
cuba	paraguay	6862812.0
cuba	nicaragua	5966798.0
cuba	barbados	291495.0
cuba	canada	35362905.0
cuba	united_states_virgin_islands	102951.0
cuba	martinique	385551.0
cuba	peru	30741062.0
cuba	curacao	149035.0
cuba	panama	3705246.0
cuba	uruguay	3351016.0
cuba	bahamas	327316.0
cuba	bermuda	70537.0
cuba	aruba	113648.0
cuba	suriname	585824.0
cuba	costa_rica	4872543.0
cuba	bolivia	10969649.0
cuba	venezuela	30912302.0
cuba	french_guiana	252338.0
cuba	cayman_islands	57268.0
cuba	brazil	205823665.0
cuba	trinidad_tobago	1220479.0
cuba	dominican_republic	10606865.0
cuba	guatemala	15189958.0
cuba	chile	17650114.0
cuba	turks_caicos_islands	51430.0
cuba	haiti	10485800.0
cuba	belize	353858.0
cuba	argentina	43886748.0
cuba	dominica	73757.0
cuba	saint_lucia	164464.0
cuba	el_salvador	6156670.0
cuba	puerto_rico	3578056.0
cuba	ecuador	16080778.0
cuba	guyana	735909.0
cuba	grenada	111219.0
cuba	guadeloupe	402119.0
cuba	antigua_barbuda	93581.0
guatemala	jamaica	2970340.0
guatemala	honduras	8893259.0
guatemala	colombia	47220856.0
guatemala	mexico	123166749.0
guatemala	saint_kitts_nevis	52329.0
guatemala	united_states	323995528.0
guatemala	saint_vincent_grenadines	102350.0
guatemala	paraguay	6862812.0
guatemala	nicaragua	5966798.0
guatemala	barbados	291495.0
guatemala	canada	35362905.0
guatemala	united_states_virgin_islands	102951.0
guatemala	martinique	385551.0
guatemala	peru	30741062.0
guatemala	curacao	149035.0
guatemala	panama	3705246.0
guatemala	uruguay	3351016.0
guatemala	bahamas	327316.0
guatemala	bermuda	70537.0
guatemala	aruba	113648.0
guatemala	suriname	585824.0
guatemala	costa_rica	4872543.0
guatemala	bolivia	10969649.0
guatemala	venezuela	30912302.0
guatemala	french_guiana	252338.0
guatemala	cayman_islands	57268.0
guatemala	brazil	205823665.0
guatemala	trinidad_tobago	1220479.0
guatemala	dominican_republic	10606865.0
guatemala	cuba	11179995.0
guatemala	chile	17650114.0
guatemala	turks_caicos_islands	51430.0
guatemala	haiti	10485800.0
guatemala	belize	353858.0
guatemala	argentina	43886748.0
guatemala	dominica	73757.0
guatemala	saint_lucia	164464.0
guatemala	el_salvador	6156670.0
guatemala	puerto_rico	3578056.0
guatemala	ecuador	16080778.0
guatemala	guyana	735909.0
guatemala	grenada	111219.0
guatemala	guadeloupe	402119.0
guatemala	antigua_barbuda	93581.0
chile	jamaica	2970340.0
chile	honduras	8893259.0
chile	colombia	47220856.0
chile	mexico	123166749.0
chile	saint_kitts_nevis	52329.0
chile	united_states	323995528.0
chile	saint_vincent_grenadines	102350.0
chile	paraguay	6862812.0
chile	nicaragua	5966798.0
chile	barbados	291495.0
chile	canada	35362905.0
chile	united_states_virgin_islands	102951.0
chile	martinique	385551.0
chile	peru	30741062.0
chile	curacao	149035.0
chile	panama	3705246.0
chile	uruguay	3351016.0
chile	bahamas	327316.0
chile	bermuda	70537.0
chile	aruba	113648.0
chile	suriname	585824.0
chile	costa_rica	4872543.0
chile	bolivia	10969649.0
chile	venezuela	30912302.0
chile	french_guiana	252338.0
chile	cayman_islands	57268.0
chile	brazil	205823665.0
chile	trinidad_tobago	1220479.0
chile	dominican_republic	10606865.0
chile	cuba	11179995.0
chile	guatemala	15189958.0
chile	turks_caicos_islands	51430.0
chile	haiti	10485800.0
chile	belize	353858.0
chile	argentina	43886748.0
chile	dominica	73757.0
chile	saint_lucia	164464.0
chile	el_salvador	6156670.0
chile	puerto_rico	3578056.0
chile	ecuador	16080778.0
chile	guyana	735909.0
chile	grenada	111219.0
chile	guadeloupe	402119.0
chile	antigua_barbuda	93581.0
turks_caicos_islands	jamaica	2970340.0
turks_caicos_islands	honduras	8893259.0
turks_caicos_islands	colombia	47220856.0
turks_caicos_islands	mexico	123166749.0
turks_caicos_islands	saint_kitts_nevis	52329.0
turks_caicos_islands	united_states	323995528.0
turks_caicos_islands	saint_vincent_grenadines	102350.0
turks_caicos_islands	paraguay	6862812.0
turks_caicos_islands	nicaragua	5966798.0
turks_caicos_islands	barbados	291495.0
turks_caicos_islands	canada	35362905.0
turks_caicos_islands	united_states_virgin_islands	102951.0
turks_caicos_islands	martinique	385551.0
turks_caicos_islands	peru	30741062.0
turks_caicos_islands	curacao	149035.0
turks_caicos_islands	panama	3705246.0
turks_caicos_islands	uruguay	3351016.0
turks_caicos_islands	bahamas	327316.0
turks_caicos_islands	bermuda	70537.0
turks_caicos_islands	aruba	113648.0
turks_caicos_islands	suriname	585824.0
turks_caicos_islands	costa_rica	4872543.0
turks_caicos_islands	bolivia	10969649.0
turks_caicos_islands	venezuela	30912302.0
turks_caicos_islands	french_guiana	252338.0
turks_caicos_islands	cayman_islands	57268.0
turks_caicos_islands	brazil	205823665.0
turks_caicos_islands	trinidad_tobago	1220479.0
turks_caicos_islands	dominican_republic	10606865.0
turks_caicos_islands	cuba	11179995.0
turks_caicos_islands	guatemala	15189958.0
turks_caicos_islands	chile	17650114.0
turks_caicos_islands	haiti	10485800.0
turks_caicos_islands	belize	353858.0
turks_caicos_islands	argentina	43886748.0
turks_caicos_islands	dominica	73757.0
turks_caicos_islands	saint_lucia	164464.0
turks_caicos_islands	el_salvador	6156670.0
turks_caicos_islands	puerto_rico	3578056.0
turks_caicos_islands	ecuador	16080778.0
turks_caicos_islands	guyana	735909.0
turks_caicos_islands	grenada	111219.0
turks_caicos_islands	guadeloupe	402119.0
turks_caicos_islands	antigua_barbuda	93581.0
haiti	jamaica	2970340.0
haiti	honduras	8893259.0
haiti	colombia	47220856.0
haiti	mexico	123166749.0
haiti	saint_kitts_nevis	52329.0
haiti	united_states	323995528.0
haiti	saint_vincent_grenadines	102350.0
haiti	paraguay	6862812.0
haiti	nicaragua	5966798.0
haiti	barbados	291495.0
haiti	canada	35362905.0
haiti	united_states_virgin_islands	102951.0
haiti	martinique	385551.0
haiti	peru	30741062.0
haiti	curacao	149035.0
haiti	panama	3705246.0
haiti	uruguay	3351016.0
haiti	bahamas	327316.0
haiti	bermuda	70537.0
haiti	aruba	113648.0
haiti	suriname	585824.0
haiti	costa_rica	4872543.0
haiti	bolivia	10969649.0
haiti	venezuela	30912302.0
haiti	french_guiana	252338.0
haiti	cayman_islands	57268.0
haiti	brazil	205823665.0
haiti	trinidad_tobago	1220479.0
haiti	dominican_republic	10606865.0
haiti	cuba	11179995.0
haiti	guatemala	15189958.0
haiti	chile	17650114.0
haiti	turks_caicos_islands	51430.0
haiti	belize	353858.0
haiti	argentina	43886748.0
haiti	dominica	73757.0
haiti	saint_lucia	164464.0
haiti	el_salvador	6156670.0
haiti	puerto_rico	3578056.0
haiti	ecuador	16080778.0
haiti	guyana	735909.0
haiti	grenada	111219.0
haiti	guadeloupe	402119.0
haiti	antigua_barbuda	93581.0
belize	jamaica	2970340.0
belize	honduras	8893259.0
belize	colombia	47220856.0
belize	mexico	123166749.0
belize	saint_kitts_nevis	52329.0
belize	united_states	323995528.0
belize	saint_vincent_grenadines	102350.0
belize	paraguay	6862812.0
belize	nicaragua	5966798.0
belize	barbados	291495.0
belize	canada	35362905.0
belize	united_states_virgin_islands	102951.0
belize	martinique	385551.0
belize	peru	30741062.0
belize	curacao	149035.0
belize	panama	3705246.0
belize	uruguay	3351016.0
belize	bahamas	327316.0
belize	bermuda	70537.0
belize	aruba	113648.0
belize	suriname	585824.0
belize	costa_rica	4872543.0
belize	bolivia	10969649.0
belize	venezuela	30912302.0
belize	french_guiana	252338.0
belize	cayman_islands	57268.0
belize	brazil	205823665.0
belize	trinidad_tobago	1220479.0
belize	dominican_republic	10606865.0
belize	cuba	11179995.0
belize	guatemala	15189958.0
belize	chile	17650114.0
belize	turks_caicos_islands	51430.0
belize	haiti	10485800.0
belize	argentina	43886748.0
belize	dominica	73757.0
belize	saint_lucia	164464.0
belize	el_salvador	6156670.0
belize	puerto_rico	3578056.0
belize	ecuador	16080778.0
belize	guyana	735909.0
belize	grenada	111219.0
belize	guadeloupe	402119.0
belize	antigua_barbuda	93581.0
argentina	jamaica	2970340.0
argentina	honduras	8893259.0
argentina	colombia	47220856.0
argentina	mexico	123166749.0
argentina	saint_kitts_nevis	52329.0
argentina	united_states	323995528.0
argentina	saint_vincent_grenadines	102350.0
argentina	paraguay	6862812.0
argentina	nicaragua	5966798.0
argentina	barbados	291495.0
argentina	canada	35362905.0
argentina	united_states_virgin_islands	102951.0
argentina	martinique	385551.0
argentina	peru	30741062.0
argentina	curacao	149035.0
argentina	panama	3705246.0
argentina	uruguay	3351016.0
argentina	bahamas	327316.0
argentina	bermuda	70537.0
argentina	aruba	113648.0
argentina	suriname	585824.0
argentina	costa_rica	4872543.0
argentina	bolivia	10969649.0
argentina	venezuela	30912302.0
argentina	french_guiana	252338.0
argentina	cayman_islands	57268.0
argentina	brazil	205823665.0
argentina	trinidad_tobago	1220479.0
argentina	dominican_republic	10606865.0
argentina	cuba	11179995.0
argentina	guatemala	15189958.0
argentina	chile	17650114.0
argentina	turks_caicos_islands	51430.0
argentina	haiti	10485800.0
argentina	belize	353858.0
argentina	dominica	73757.0
argentina	saint_lucia	164464.0
argentina	el_salvador	6156670.0
argentina	puerto_rico	3578056.0
argentina	ecuador	16080778.0
argentina	guyana	735909.0
argentina	grenada	111219.0
argentina	guadeloupe	402119.0
argentina	antigua_barbuda	93581.0
dominica	jamaica	2970340.0
dominica	honduras	8893259.0
dominica	colombia	47220856.0
dominica	mexico	123166749.0
dominica	saint_kitts_nevis	52329.0
dominica	united_states	323995528.0
dominica	saint_vincent_grenadines	102350.0
dominica	paraguay	6862812.0
dominica	nicaragua	5966798.0
dominica	barbados	291495.0
dominica	canada	35362905.0
dominica	united_states_virgin_islands	102951.0
dominica	martinique	385551.0
dominica	peru	30741062.0
dominica	curacao	149035.0
dominica	panama	3705246.0
dominica	uruguay	3351016.0
dominica	bahamas	327316.0
dominica	bermuda	70537.0
dominica	aruba	113648.0
dominica	suriname	585824.0
dominica	costa_rica	4872543.0
dominica	bolivia	10969649.0
dominica	venezuela	30912302.0
dominica	french_guiana	252338.0
dominica	cayman_islands	57268.0
dominica	brazil	205823665.0
dominica	trinidad_tobago	1220479.0
dominica	dominican_republic	10606865.0
dominica	cuba	11179995.0
dominica	guatemala	15189958.0
dominica	chile	17650114.0
dominica	turks_caicos_islands	51430.0
dominica	haiti	10485800.0
dominica	belize	353858.0
dominica	argentina	43886748.0
dominica	saint_lucia	164464.0
dominica	el_salvador	6156670.0
dominica	puerto_rico	3578056.0
dominica	ecuador	16080778.0
dominica	guyana	735909.0
dominica	grenada	111219.0
dominica	guadeloupe	402119.0
dominica	antigua_barbuda	93581.0
saint_lucia	jamaica	2970340.0
saint_lucia	honduras	8893259.0
saint_lucia	colombia	47220856.0
saint_lucia	mexico	123166749.0
saint_lucia	saint_kitts_nevis	52329.0
saint_lucia	united_states	323995528.0
saint_lucia	saint_vincent_grenadines	102350.0
saint_lucia	paraguay	6862812.0
saint_lucia	nicaragua	5966798.0
saint_lucia	barbados	291495.0
saint_lucia	canada	35362905.0
saint_lucia	united_states_virgin_islands	102951.0
saint_lucia	martinique	385551.0
saint_lucia	peru	30741062.0
saint_lucia	curacao	149035.0
saint_lucia	panama	3705246.0
saint_lucia	uruguay	3351016.0
saint_lucia	bahamas	327316.0
saint_lucia	bermuda	70537.0
saint_lucia	aruba	113648.0
saint_lucia	suriname	585824.0
saint_lucia	costa_rica	4872543.0
saint_lucia	bolivia	10969649.0
saint_lucia	venezuela	30912302.0
saint_lucia	french_guiana	252338.0
saint_lucia	cayman_islands	57268.0
saint_lucia	brazil	205823665.0
saint_lucia	trinidad_tobago	1220479.0
saint_lucia	dominican_republic	10606865.0
saint_lucia	cuba	11179995.0
saint_lucia	guatemala	15189958.0
saint_lucia	chile	17650114.0
saint_lucia	turks_caicos_islands	51430.0
saint_lucia	haiti	10485800.0
saint_lucia	belize	353858.0
saint_lucia	argentina	43886748.0
saint_lucia	dominica	73757.0
saint_lucia	el_salvador	6156670.0
saint_lucia	puerto_rico	3578056.0
saint_lucia	ecuador	16080778.0
saint_lucia	guyana	735909.0
saint_lucia	grenada	111219.0
saint_lucia	guadeloupe	402119.0
saint_lucia	antigua_barbuda	93581.0
el_salvador	jamaica	2970340.0
el_salvador	honduras	8893259.0
el_salvador	colombia	47220856.0
el_salvador	mexico	123166749.0
el_salvador	saint_kitts_nevis	52329.0
el_salvador	united_states	323995528.0
el_salvador	saint_vincent_grenadines	102350.0
el_salvador	paraguay	6862812.0
el_salvador	nicaragua	5966798.0
el_salvador	barbados	291495.0
el_salvador	canada	35362905.0
el_salvador	united_states_virgin_islands	102951.0
el_salvador	martinique	385551.0
el_salvador	peru	30741062.0
el_salvador	curacao	149035.0
el_salvador	panama	3705246.0
el_salvador	uruguay	3351016.0
el_salvador	bahamas	327316.0
el_salvador	bermuda	70537.0
el_salvador	aruba	113648.0
el_salvador	suriname	585824.0
el_salvador	costa_rica	4872543.0
el_salvador	bolivia	10969649.0
el_salvador	venezuela	30912302.0
el_salvador	french_guiana	252338.0
el_salvador	cayman_islands	57268.0
el_salvador	brazil	205823665.0
el_salvador	trinidad_tobago	1220479.0
el_salvador	dominican_republic	10606865.0
el_salvador	cuba	11179995.0
el_salvador	guatemala	15189958.0
el_salvador	chile	17650114.0
el_salvador	turks_caicos_islands	51430.0
el_salvador	haiti	10485800.0
el_salvador	belize	353858.0
el_salvador	argentina	43886748.0
el_salvador	dominica	73757.0
el_salvador	saint_lucia	164464.0
el_salvador	puerto_rico	3578056.0
el_salvador	ecuador	16080778.0
el_salvador	guyana	735909.0
el_salvador	grenada	111219.0
el_salvador	guadeloupe	402119.0
el_salvador	antigua_barbuda	93581.0
puerto_rico	jamaica	2970340.0
puerto_rico	honduras	8893259.0
puerto_rico	colombia	47220856.0
puerto_rico	mexico	123166749.0
puerto_rico	saint_kitts_nevis	52329.0
puerto_rico	united_states	323995528.0
puerto_rico	saint_vincent_grenadines	102350.0
puerto_rico	paraguay	6862812.0
puerto_rico	nicaragua	5966798.0
puerto_rico	barbados	291495.0
puerto_rico	canada	35362905.0
puerto_rico	united_states_virgin_islands	102951.0
puerto_rico	martinique	385551.0
puerto_rico	peru	30741062.0
puerto_rico	curacao	149035.0
puerto_rico	panama	3705246.0
puerto_rico	uruguay	3351016.0
puerto_rico	bahamas	327316.0
puerto_rico	bermuda	70537.0
puerto_rico	aruba	113648.0
puerto_rico	suriname	585824.0
puerto_rico	costa_rica	4872543.0
puerto_rico	bolivia	10969649.0
puerto_rico	venezuela	30912302.0
puerto_rico	french_guiana	252338.0
puerto_rico	cayman_islands	57268.0
puerto_rico	brazil	205823665.0
puerto_rico	trinidad_tobago	1220479.0
puerto_rico	dominican_republic	10606865.0
puerto_rico	cuba	11179995.0
puerto_rico	guatemala	15189958.0
puerto_rico	chile	17650114.0
puerto_rico	turks_caicos_islands	51430.0
puerto_rico	haiti	10485800.0
puerto_rico	belize	353858.0
puerto_rico	argentina	43886748.0
puerto_rico	dominica	73757.0
puerto_rico	saint_lucia	164464.0
puerto_rico	el_salvador	6156670.0
puerto_rico	ecuador	16080778.0
puerto_rico	guyana	735909.0
puerto_rico	grenada	111219.0
puerto_rico	guadeloupe	402119.0
puerto_rico	antigua_barbuda	93581.0
ecuador	jamaica	2970340.0
ecuador	honduras	8893259.0
ecuador	colombia	47220856.0
ecuador	mexico	123166749.0
ecuador	saint_kitts_nevis	52329.0
ecuador	united_states	323995528.0
ecuador	saint_vincent_grenadines	102350.0
ecuador	paraguay	6862812.0
ecuador	nicaragua	5966798.0
ecuador	barbados	291495.0
ecuador	canada	35362905.0
ecuador	united_states_virgin_islands	102951.0
ecuador	martinique	385551.0
ecuador	peru	30741062.0
ecuador	curacao	149035.0
ecuador	panama	3705246.0
ecuador	uruguay	3351016.0
ecuador	bahamas	327316.0
ecuador	bermuda	70537.0
ecuador	aruba	113648.0
ecuador	suriname	585824.0
ecuador	costa_rica	4872543.0
ecuador	bolivia	10969649.0
ecuador	venezuela	30912302.0
ecuador	french_guiana	252338.0
ecuador	cayman_islands	57268.0
ecuador	brazil	205823665.0
ecuador	trinidad_tobago	1220479.0
ecuador	dominican_republic	10606865.0
ecuador	cuba	11179995.0
ecuador	guatemala	15189958.0
ecuador	chile	17650114.0
ecuador	turks_caicos_islands	51430.0
ecuador	haiti	10485800.0
ecuador	belize	353858.0
ecuador	argentina	43886748.0
ecuador	dominica	73757.0
ecuador	saint_lucia	164464.0
ecuador	el_salvador	6156670.0
ecuador	puerto_rico	3578056.0
ecuador	guyana	735909.0
ecuador	grenada	111219.0
ecuador	guadeloupe	402119.0
ecuador	antigua_barbuda	93581.0
guyana	jamaica	2970340.0
guyana	honduras	8893259.0
guyana	colombia	47220856.0
guyana	mexico	123166749.0
guyana	saint_kitts_nevis	52329.0
guyana	united_states	323995528.0
guyana	saint_vincent_grenadines	102350.0
guyana	paraguay	6862812.0
guyana	nicaragua	5966798.0
guyana	barbados	291495.0
guyana	canada	35362905.0
guyana	united_states_virgin_islands	102951.0
guyana	martinique	385551.0
guyana	peru	30741062.0
guyana	curacao	149035.0
guyana	panama	3705246.0
guyana	uruguay	3351016.0
guyana	bahamas	327316.0
guyana	bermuda	70537.0
guyana	aruba	113648.0
guyana	suriname	585824.0
guyana	costa_rica	4872543.0
guyana	bolivia	10969649.0
guyana	venezuela	30912302.0
guyana	french_guiana	252338.0
guyana	cayman_islands	57268.0
guyana	brazil	205823665.0
guyana	trinidad_tobago	1220479.0
guyana	dominican_republic	10606865.0
guyana	cuba	11179995.0
guyana	guatemala	15189958.0
guyana	chile	17650114.0
guyana	turks_caicos_islands	51430.0
guyana	haiti	10485800.0
guyana	belize	353858.0
guyana	argentina	43886748.0
guyana	dominica	73757.0
guyana	saint_lucia	164464.0
guyana	el_salvador	6156670.0
guyana	puerto_rico	3578056.0
guyana	ecuador	16080778.0
guyana	grenada	111219.0
guyana	guadeloupe	402119.0
guyana	antigua_barbuda	93581.0
grenada	jamaica	2970340.0
grenada	honduras	8893259.0
grenada	colombia	47220856.0
grenada	mexico	123166749.0
grenada	saint_kitts_nevis	52329.0
grenada	united_states	323995528.0
grenada	saint_vincent_grenadines	102350.0
grenada	paraguay	6862812.0
grenada	nicaragua	5966798.0
grenada	barbados	291495.0
grenada	canada	35362905.0
grenada	united_states_virgin_islands	102951.0
grenada	martinique	385551.0
grenada	peru	30741062.0
grenada	curacao	149035.0
grenada	panama	3705246.0
grenada	uruguay	3351016.0
grenada	bahamas	327316.0
grenada	bermuda	70537.0
grenada	aruba	113648.0
grenada	suriname	585824.0
grenada	costa_rica	4872543.0
grenada	bolivia	10969649.0
grenada	venezuela	30912302.0
grenada	french_guiana	252338.0
grenada	cayman_islands	57268.0
grenada	brazil	205823665.0
grenada	trinidad_tobago	1220479.0
grenada	dominican_republic	10606865.0
grenada	cuba	11179995.0
grenada	guatemala	15189958.0
grenada	chile	17650114.0
grenada	turks_caicos_islands	51430.0
grenada	haiti	10485800.0
grenada	belize	353858.0
grenada	argentina	43886748.0
grenada	dominica	73757.0
grenada	saint_lucia	164464.0
grenada	el_salvador	6156670.0
grenada	puerto_rico	3578056.0
grenada	ecuador	16080778.0
grenada	guyana	735909.0
grenada	guadeloupe	402119.0
grenada	antigua_barbuda	93581.0
guadeloupe	jamaica	2970340.0
guadeloupe	honduras	8893259.0
guadeloupe	colombia	47220856.0
guadeloupe	mexico	123166749.0
guadeloupe	saint_kitts_nevis	52329.0
guadeloupe	united_states	323995528.0
guadeloupe	saint_vincent_grenadines	102350.0
guadeloupe	paraguay	6862812.0
guadeloupe	nicaragua	5966798.0
guadeloupe	barbados	291495.0
guadeloupe	canada	35362905.0
guadeloupe	united_states_virgin_islands	102951.0
guadeloupe	martinique	385551.0
guadeloupe	peru	30741062.0
guadeloupe	curacao	149035.0
guadeloupe	panama	3705246.0
guadeloupe	uruguay	3351016.0
guadeloupe	bahamas	327316.0
guadeloupe	bermuda	70537.0
guadeloupe	aruba	113648.0
guadeloupe	suriname	585824.0
guadeloupe	costa_rica	4872543.0
guadeloupe	bolivia	10969649.0
guadeloupe	venezuela	30912302.0
guadeloupe	french_guiana	252338.0
guadeloupe	cayman_islands	57268.0
guadeloupe	brazil	205823665.0
guadeloupe	trinidad_tobago	1220479.0
guadeloupe	dominican_republic	10606865.0
guadeloupe	cuba	11179995.0
guadeloupe	guatemala	15189958.0
guadeloupe	chile	17650114.0
guadeloupe	turks_caicos_islands	51430.0
guadeloupe	haiti	10485800.0
guadeloupe	belize	353858.0
guadeloupe	argentina	43886748.0
guadeloupe	dominica	73757.0
guadeloupe	saint_lucia	164464.0
guadeloupe	el_salvador	6156670.0
guadeloupe	puerto_rico	3578056.0
guadeloupe	ecuador	16080778.0
guadeloupe	guyana	735909.0
guadeloupe	grenada	111219.0
guadeloupe	antigua_barbuda	93581.0
antigua_barbuda	jamaica	2970340.0
antigua_barbuda	honduras	8893259.0
antigua_barbuda	colombia	47220856.0
antigua_barbuda	mexico	123166749.0
antigua_barbuda	saint_kitts_nevis	52329.0
antigua_barbuda	united_states	323995528.0
antigua_barbuda	saint_vincent_grenadines	102350.0
antigua_barbuda	paraguay	6862812.0
antigua_barbuda	nicaragua	5966798.0
antigua_barbuda	barbados	291495.0
antigua_barbuda	canada	35362905.0
antigua_barbuda	united_states_virgin_islands	102951.0
antigua_barbuda	martinique	385551.0
antigua_barbuda	peru	30741062.0
antigua_barbuda	curacao	149035.0
antigua_barbuda	panama	3705246.0
antigua_barbuda	uruguay	3351016.0
antigua_barbuda	bahamas	327316.0
antigua_barbuda	bermuda	70537.0
antigua_barbuda	aruba	113648.0
antigua_barbuda	suriname	585824.0
antigua_barbuda	costa_rica	4872543.0
antigua_barbuda	bolivia	10969649.0
antigua_barbuda	venezuela	30912302.0
antigua_barbuda	french_guiana	252338.0
antigua_barbuda	cayman_islands	57268.0
antigua_barbuda	brazil	205823665.0
antigua_barbuda	trinidad_tobago	1220479.0
antigua_barbuda	dominican_republic	10606865.0
antigua_barbuda	cuba	11179995.0
antigua_barbuda	guatemala	15189958.0
antigua_barbuda	chile	17650114.0
antigua_barbuda	turks_caicos_islands	51430.0
antigua_barbuda	haiti	10485800.0
antigua_barbuda	belize	353858.0
antigua_barbuda	argentina	43886748.0
antigua_barbuda	dominica	73757.0
antigua_barbuda	saint_lucia	164464.0
antigua_barbuda	el_salvador	6156670.0
antigua_barbuda	puerto_rico	3578056.0
antigua_barbuda	ecuador	16080778.0
antigua_barbuda	guyana	735909.0
antigua_barbuda	grenada	111219.0
antigua_barbuda	guadeloupe	402119.0
