origin	destination	destination_zika_suitability
canada	united_states	0.208427240631
canada	bermuda	0.0997563110907
canada	mexico	0.306216470124
canada	belize	0.804038059215
canada	guatemala	0.450046876928
canada	honduras	0.863965033278
canada	el_salvador	0.950706376279
canada	nicaragua	0.892162151455
canada	costa_rica	0.864093419316
canada	panama	0.921726049343
canada	bahamas	0.83971909095
canada	cuba	0.878205230078
canada	turks_caicos_islands	0.1217979408
canada	cayman_islands	0.305684872765
canada	jamaica	0.898899334178
canada	haiti	0.926644006465
canada	dominican_republic	0.895871517796
canada	puerto_rico	0.952846921639
canada	united_states_virgin_islands	0.535347058929
canada	saint_kitts_nevis	0.199813827357
canada	antigua_barbuda	0.540756425677
canada	guadeloupe	0.809569528434
canada	dominica	0.650753268408
canada	martinique	0.869582540819
canada	saint_lucia	0.943525642977
canada	saint_vincent_grenadines	0.720202822603
canada	barbados	0.981560404454
canada	grenada	0.897331296021
canada	trinidad_tobago	0.968913133274
canada	curacao	0.643752662414
canada	aruba	0.546931805296
canada	french_guiana	0.893181224069
canada	suriname	0.961076158942
canada	guyana	0.791691498127
canada	venezuela	0.876832171102
canada	colombia	0.613870504386
canada	ecuador	0.55923784291
canada	peru	0.399651442696
canada	bolivia	0.380692735446
canada	brazil	0.649572731578
canada	paraguay	0.957577587256
canada	uruguay	0.0497532079307
canada	argentina	0.370594756244
canada	chile	0.0
united_states	canada	0.0
united_states	bermuda	0.0997563110907
united_states	mexico	0.306216470124
united_states	belize	0.804038059215
united_states	guatemala	0.450046876928
united_states	honduras	0.863965033278
united_states	el_salvador	0.950706376279
united_states	nicaragua	0.892162151455
united_states	costa_rica	0.864093419316
united_states	panama	0.921726049343
united_states	bahamas	0.83971909095
united_states	cuba	0.878205230078
united_states	turks_caicos_islands	0.1217979408
united_states	cayman_islands	0.305684872765
united_states	jamaica	0.898899334178
united_states	haiti	0.926644006465
united_states	dominican_republic	0.895871517796
united_states	puerto_rico	0.952846921639
united_states	united_states_virgin_islands	0.535347058929
united_states	saint_kitts_nevis	0.199813827357
united_states	antigua_barbuda	0.540756425677
united_states	guadeloupe	0.809569528434
united_states	dominica	0.650753268408
united_states	martinique	0.869582540819
united_states	saint_lucia	0.943525642977
united_states	saint_vincent_grenadines	0.720202822603
united_states	barbados	0.981560404454
united_states	grenada	0.897331296021
united_states	trinidad_tobago	0.968913133274
united_states	curacao	0.643752662414
united_states	aruba	0.546931805296
united_states	french_guiana	0.893181224069
united_states	suriname	0.961076158942
united_states	guyana	0.791691498127
united_states	venezuela	0.876832171102
united_states	colombia	0.613870504386
united_states	ecuador	0.55923784291
united_states	peru	0.399651442696
united_states	bolivia	0.380692735446
united_states	brazil	0.649572731578
united_states	paraguay	0.957577587256
united_states	uruguay	0.0497532079307
united_states	argentina	0.370594756244
united_states	chile	0.0
bermuda	canada	0.0
bermuda	united_states	0.208427240631
bermuda	mexico	0.306216470124
bermuda	belize	0.804038059215
bermuda	guatemala	0.450046876928
bermuda	honduras	0.863965033278
bermuda	el_salvador	0.950706376279
bermuda	nicaragua	0.892162151455
bermuda	costa_rica	0.864093419316
bermuda	panama	0.921726049343
bermuda	bahamas	0.83971909095
bermuda	cuba	0.878205230078
bermuda	turks_caicos_islands	0.1217979408
bermuda	cayman_islands	0.305684872765
bermuda	jamaica	0.898899334178
bermuda	haiti	0.926644006465
bermuda	dominican_republic	0.895871517796
bermuda	puerto_rico	0.952846921639
bermuda	united_states_virgin_islands	0.535347058929
bermuda	saint_kitts_nevis	0.199813827357
bermuda	antigua_barbuda	0.540756425677
bermuda	guadeloupe	0.809569528434
bermuda	dominica	0.650753268408
bermuda	martinique	0.869582540819
bermuda	saint_lucia	0.943525642977
bermuda	saint_vincent_grenadines	0.720202822603
bermuda	barbados	0.981560404454
bermuda	grenada	0.897331296021
bermuda	trinidad_tobago	0.968913133274
bermuda	curacao	0.643752662414
bermuda	aruba	0.546931805296
bermuda	french_guiana	0.893181224069
bermuda	suriname	0.961076158942
bermuda	guyana	0.791691498127
bermuda	venezuela	0.876832171102
bermuda	colombia	0.613870504386
bermuda	ecuador	0.55923784291
bermuda	peru	0.399651442696
bermuda	bolivia	0.380692735446
bermuda	brazil	0.649572731578
bermuda	paraguay	0.957577587256
bermuda	uruguay	0.0497532079307
bermuda	argentina	0.370594756244
bermuda	chile	0.0
mexico	canada	0.0
mexico	united_states	0.208427240631
mexico	bermuda	0.0997563110907
mexico	belize	0.804038059215
mexico	guatemala	0.450046876928
mexico	honduras	0.863965033278
mexico	el_salvador	0.950706376279
mexico	nicaragua	0.892162151455
mexico	costa_rica	0.864093419316
mexico	panama	0.921726049343
mexico	bahamas	0.83971909095
mexico	cuba	0.878205230078
mexico	turks_caicos_islands	0.1217979408
mexico	cayman_islands	0.305684872765
mexico	jamaica	0.898899334178
mexico	haiti	0.926644006465
mexico	dominican_republic	0.895871517796
mexico	puerto_rico	0.952846921639
mexico	united_states_virgin_islands	0.535347058929
mexico	saint_kitts_nevis	0.199813827357
mexico	antigua_barbuda	0.540756425677
mexico	guadeloupe	0.809569528434
mexico	dominica	0.650753268408
mexico	martinique	0.869582540819
mexico	saint_lucia	0.943525642977
mexico	saint_vincent_grenadines	0.720202822603
mexico	barbados	0.981560404454
mexico	grenada	0.897331296021
mexico	trinidad_tobago	0.968913133274
mexico	curacao	0.643752662414
mexico	aruba	0.546931805296
mexico	french_guiana	0.893181224069
mexico	suriname	0.961076158942
mexico	guyana	0.791691498127
mexico	venezuela	0.876832171102
mexico	colombia	0.613870504386
mexico	ecuador	0.55923784291
mexico	peru	0.399651442696
mexico	bolivia	0.380692735446
mexico	brazil	0.649572731578
mexico	paraguay	0.957577587256
mexico	uruguay	0.0497532079307
mexico	argentina	0.370594756244
mexico	chile	0.0
belize	canada	0.0
belize	united_states	0.208427240631
belize	bermuda	0.0997563110907
belize	mexico	0.306216470124
belize	guatemala	0.450046876928
belize	honduras	0.863965033278
belize	el_salvador	0.950706376279
belize	nicaragua	0.892162151455
belize	costa_rica	0.864093419316
belize	panama	0.921726049343
belize	bahamas	0.83971909095
belize	cuba	0.878205230078
belize	turks_caicos_islands	0.1217979408
belize	cayman_islands	0.305684872765
belize	jamaica	0.898899334178
belize	haiti	0.926644006465
belize	dominican_republic	0.895871517796
belize	puerto_rico	0.952846921639
belize	united_states_virgin_islands	0.535347058929
belize	saint_kitts_nevis	0.199813827357
belize	antigua_barbuda	0.540756425677
belize	guadeloupe	0.809569528434
belize	dominica	0.650753268408
belize	martinique	0.869582540819
belize	saint_lucia	0.943525642977
belize	saint_vincent_grenadines	0.720202822603
belize	barbados	0.981560404454
belize	grenada	0.897331296021
belize	trinidad_tobago	0.968913133274
belize	curacao	0.643752662414
belize	aruba	0.546931805296
belize	french_guiana	0.893181224069
belize	suriname	0.961076158942
belize	guyana	0.791691498127
belize	venezuela	0.876832171102
belize	colombia	0.613870504386
belize	ecuador	0.55923784291
belize	peru	0.399651442696
belize	bolivia	0.380692735446
belize	brazil	0.649572731578
belize	paraguay	0.957577587256
belize	uruguay	0.0497532079307
belize	argentina	0.370594756244
belize	chile	0.0
guatemala	canada	0.0
guatemala	united_states	0.208427240631
guatemala	bermuda	0.0997563110907
guatemala	mexico	0.306216470124
guatemala	belize	0.804038059215
guatemala	honduras	0.863965033278
guatemala	el_salvador	0.950706376279
guatemala	nicaragua	0.892162151455
guatemala	costa_rica	0.864093419316
guatemala	panama	0.921726049343
guatemala	bahamas	0.83971909095
guatemala	cuba	0.878205230078
guatemala	turks_caicos_islands	0.1217979408
guatemala	cayman_islands	0.305684872765
guatemala	jamaica	0.898899334178
guatemala	haiti	0.926644006465
guatemala	dominican_republic	0.895871517796
guatemala	puerto_rico	0.952846921639
guatemala	united_states_virgin_islands	0.535347058929
guatemala	saint_kitts_nevis	0.199813827357
guatemala	antigua_barbuda	0.540756425677
guatemala	guadeloupe	0.809569528434
guatemala	dominica	0.650753268408
guatemala	martinique	0.869582540819
guatemala	saint_lucia	0.943525642977
guatemala	saint_vincent_grenadines	0.720202822603
guatemala	barbados	0.981560404454
guatemala	grenada	0.897331296021
guatemala	trinidad_tobago	0.968913133274
guatemala	curacao	0.643752662414
guatemala	aruba	0.546931805296
guatemala	french_guiana	0.893181224069
guatemala	suriname	0.961076158942
guatemala	guyana	0.791691498127
guatemala	venezuela	0.876832171102
guatemala	colombia	0.613870504386
guatemala	ecuador	0.55923784291
guatemala	peru	0.399651442696
guatemala	bolivia	0.380692735446
guatemala	brazil	0.649572731578
guatemala	paraguay	0.957577587256
guatemala	uruguay	0.0497532079307
guatemala	argentina	0.370594756244
guatemala	chile	0.0
honduras	canada	0.0
honduras	united_states	0.208427240631
honduras	bermuda	0.0997563110907
honduras	mexico	0.306216470124
honduras	belize	0.804038059215
honduras	guatemala	0.450046876928
honduras	el_salvador	0.950706376279
honduras	nicaragua	0.892162151455
honduras	costa_rica	0.864093419316
honduras	panama	0.921726049343
honduras	bahamas	0.83971909095
honduras	cuba	0.878205230078
honduras	turks_caicos_islands	0.1217979408
honduras	cayman_islands	0.305684872765
honduras	jamaica	0.898899334178
honduras	haiti	0.926644006465
honduras	dominican_republic	0.895871517796
honduras	puerto_rico	0.952846921639
honduras	united_states_virgin_islands	0.535347058929
honduras	saint_kitts_nevis	0.199813827357
honduras	antigua_barbuda	0.540756425677
honduras	guadeloupe	0.809569528434
honduras	dominica	0.650753268408
honduras	martinique	0.869582540819
honduras	saint_lucia	0.943525642977
honduras	saint_vincent_grenadines	0.720202822603
honduras	barbados	0.981560404454
honduras	grenada	0.897331296021
honduras	trinidad_tobago	0.968913133274
honduras	curacao	0.643752662414
honduras	aruba	0.546931805296
honduras	french_guiana	0.893181224069
honduras	suriname	0.961076158942
honduras	guyana	0.791691498127
honduras	venezuela	0.876832171102
honduras	colombia	0.613870504386
honduras	ecuador	0.55923784291
honduras	peru	0.399651442696
honduras	bolivia	0.380692735446
honduras	brazil	0.649572731578
honduras	paraguay	0.957577587256
honduras	uruguay	0.0497532079307
honduras	argentina	0.370594756244
honduras	chile	0.0
el_salvador	canada	0.0
el_salvador	united_states	0.208427240631
el_salvador	bermuda	0.0997563110907
el_salvador	mexico	0.306216470124
el_salvador	belize	0.804038059215
el_salvador	guatemala	0.450046876928
el_salvador	honduras	0.863965033278
el_salvador	nicaragua	0.892162151455
el_salvador	costa_rica	0.864093419316
el_salvador	panama	0.921726049343
el_salvador	bahamas	0.83971909095
el_salvador	cuba	0.878205230078
el_salvador	turks_caicos_islands	0.1217979408
el_salvador	cayman_islands	0.305684872765
el_salvador	jamaica	0.898899334178
el_salvador	haiti	0.926644006465
el_salvador	dominican_republic	0.895871517796
el_salvador	puerto_rico	0.952846921639
el_salvador	united_states_virgin_islands	0.535347058929
el_salvador	saint_kitts_nevis	0.199813827357
el_salvador	antigua_barbuda	0.540756425677
el_salvador	guadeloupe	0.809569528434
el_salvador	dominica	0.650753268408
el_salvador	martinique	0.869582540819
el_salvador	saint_lucia	0.943525642977
el_salvador	saint_vincent_grenadines	0.720202822603
el_salvador	barbados	0.981560404454
el_salvador	grenada	0.897331296021
el_salvador	trinidad_tobago	0.968913133274
el_salvador	curacao	0.643752662414
el_salvador	aruba	0.546931805296
el_salvador	french_guiana	0.893181224069
el_salvador	suriname	0.961076158942
el_salvador	guyana	0.791691498127
el_salvador	venezuela	0.876832171102
el_salvador	colombia	0.613870504386
el_salvador	ecuador	0.55923784291
el_salvador	peru	0.399651442696
el_salvador	bolivia	0.380692735446
el_salvador	brazil	0.649572731578
el_salvador	paraguay	0.957577587256
el_salvador	uruguay	0.0497532079307
el_salvador	argentina	0.370594756244
el_salvador	chile	0.0
nicaragua	canada	0.0
nicaragua	united_states	0.208427240631
nicaragua	bermuda	0.0997563110907
nicaragua	mexico	0.306216470124
nicaragua	belize	0.804038059215
nicaragua	guatemala	0.450046876928
nicaragua	honduras	0.863965033278
nicaragua	el_salvador	0.950706376279
nicaragua	costa_rica	0.864093419316
nicaragua	panama	0.921726049343
nicaragua	bahamas	0.83971909095
nicaragua	cuba	0.878205230078
nicaragua	turks_caicos_islands	0.1217979408
nicaragua	cayman_islands	0.305684872765
nicaragua	jamaica	0.898899334178
nicaragua	haiti	0.926644006465
nicaragua	dominican_republic	0.895871517796
nicaragua	puerto_rico	0.952846921639
nicaragua	united_states_virgin_islands	0.535347058929
nicaragua	saint_kitts_nevis	0.199813827357
nicaragua	antigua_barbuda	0.540756425677
nicaragua	guadeloupe	0.809569528434
nicaragua	dominica	0.650753268408
nicaragua	martinique	0.869582540819
nicaragua	saint_lucia	0.943525642977
nicaragua	saint_vincent_grenadines	0.720202822603
nicaragua	barbados	0.981560404454
nicaragua	grenada	0.897331296021
nicaragua	trinidad_tobago	0.968913133274
nicaragua	curacao	0.643752662414
nicaragua	aruba	0.546931805296
nicaragua	french_guiana	0.893181224069
nicaragua	suriname	0.961076158942
nicaragua	guyana	0.791691498127
nicaragua	venezuela	0.876832171102
nicaragua	colombia	0.613870504386
nicaragua	ecuador	0.55923784291
nicaragua	peru	0.399651442696
nicaragua	bolivia	0.380692735446
nicaragua	brazil	0.649572731578
nicaragua	paraguay	0.957577587256
nicaragua	uruguay	0.0497532079307
nicaragua	argentina	0.370594756244
nicaragua	chile	0.0
costa_rica	canada	0.0
costa_rica	united_states	0.208427240631
costa_rica	bermuda	0.0997563110907
costa_rica	mexico	0.306216470124
costa_rica	belize	0.804038059215
costa_rica	guatemala	0.450046876928
costa_rica	honduras	0.863965033278
costa_rica	el_salvador	0.950706376279
costa_rica	nicaragua	0.892162151455
costa_rica	panama	0.921726049343
costa_rica	bahamas	0.83971909095
costa_rica	cuba	0.878205230078
costa_rica	turks_caicos_islands	0.1217979408
costa_rica	cayman_islands	0.305684872765
costa_rica	jamaica	0.898899334178
costa_rica	haiti	0.926644006465
costa_rica	dominican_republic	0.895871517796
costa_rica	puerto_rico	0.952846921639
costa_rica	united_states_virgin_islands	0.535347058929
costa_rica	saint_kitts_nevis	0.199813827357
costa_rica	antigua_barbuda	0.540756425677
costa_rica	guadeloupe	0.809569528434
costa_rica	dominica	0.650753268408
costa_rica	martinique	0.869582540819
costa_rica	saint_lucia	0.943525642977
costa_rica	saint_vincent_grenadines	0.720202822603
costa_rica	barbados	0.981560404454
costa_rica	grenada	0.897331296021
costa_rica	trinidad_tobago	0.968913133274
costa_rica	curacao	0.643752662414
costa_rica	aruba	0.546931805296
costa_rica	french_guiana	0.893181224069
costa_rica	suriname	0.961076158942
costa_rica	guyana	0.791691498127
costa_rica	venezuela	0.876832171102
costa_rica	colombia	0.613870504386
costa_rica	ecuador	0.55923784291
costa_rica	peru	0.399651442696
costa_rica	bolivia	0.380692735446
costa_rica	brazil	0.649572731578
costa_rica	paraguay	0.957577587256
costa_rica	uruguay	0.0497532079307
costa_rica	argentina	0.370594756244
costa_rica	chile	0.0
panama	canada	0.0
panama	united_states	0.208427240631
panama	bermuda	0.0997563110907
panama	mexico	0.306216470124
panama	belize	0.804038059215
panama	guatemala	0.450046876928
panama	honduras	0.863965033278
panama	el_salvador	0.950706376279
panama	nicaragua	0.892162151455
panama	costa_rica	0.864093419316
panama	bahamas	0.83971909095
panama	cuba	0.878205230078
panama	turks_caicos_islands	0.1217979408
panama	cayman_islands	0.305684872765
panama	jamaica	0.898899334178
panama	haiti	0.926644006465
panama	dominican_republic	0.895871517796
panama	puerto_rico	0.952846921639
panama	united_states_virgin_islands	0.535347058929
panama	saint_kitts_nevis	0.199813827357
panama	antigua_barbuda	0.540756425677
panama	guadeloupe	0.809569528434
panama	dominica	0.650753268408
panama	martinique	0.869582540819
panama	saint_lucia	0.943525642977
panama	saint_vincent_grenadines	0.720202822603
panama	barbados	0.981560404454
panama	grenada	0.897331296021
panama	trinidad_tobago	0.968913133274
panama	curacao	0.643752662414
panama	aruba	0.546931805296
panama	french_guiana	0.893181224069
panama	suriname	0.961076158942
panama	guyana	0.791691498127
panama	venezuela	0.876832171102
panama	colombia	0.613870504386
panama	ecuador	0.55923784291
panama	peru	0.399651442696
panama	bolivia	0.380692735446
panama	brazil	0.649572731578
panama	paraguay	0.957577587256
panama	uruguay	0.0497532079307
panama	argentina	0.370594756244
panama	chile	0.0
bahamas	canada	0.0
bahamas	united_states	0.208427240631
bahamas	bermuda	0.0997563110907
bahamas	mexico	0.306216470124
bahamas	belize	0.804038059215
bahamas	guatemala	0.450046876928
bahamas	honduras	0.863965033278
bahamas	el_salvador	0.950706376279
bahamas	nicaragua	0.892162151455
bahamas	costa_rica	0.864093419316
bahamas	panama	0.921726049343
bahamas	cuba	0.878205230078
bahamas	turks_caicos_islands	0.1217979408
bahamas	cayman_islands	0.305684872765
bahamas	jamaica	0.898899334178
bahamas	haiti	0.926644006465
bahamas	dominican_republic	0.895871517796
bahamas	puerto_rico	0.952846921639
bahamas	united_states_virgin_islands	0.535347058929
bahamas	saint_kitts_nevis	0.199813827357
bahamas	antigua_barbuda	0.540756425677
bahamas	guadeloupe	0.809569528434
bahamas	dominica	0.650753268408
bahamas	martinique	0.869582540819
bahamas	saint_lucia	0.943525642977
bahamas	saint_vincent_grenadines	0.720202822603
bahamas	barbados	0.981560404454
bahamas	grenada	0.897331296021
bahamas	trinidad_tobago	0.968913133274
bahamas	curacao	0.643752662414
bahamas	aruba	0.546931805296
bahamas	french_guiana	0.893181224069
bahamas	suriname	0.961076158942
bahamas	guyana	0.791691498127
bahamas	venezuela	0.876832171102
bahamas	colombia	0.613870504386
bahamas	ecuador	0.55923784291
bahamas	peru	0.399651442696
bahamas	bolivia	0.380692735446
bahamas	brazil	0.649572731578
bahamas	paraguay	0.957577587256
bahamas	uruguay	0.0497532079307
bahamas	argentina	0.370594756244
bahamas	chile	0.0
cuba	canada	0.0
cuba	united_states	0.208427240631
cuba	bermuda	0.0997563110907
cuba	mexico	0.306216470124
cuba	belize	0.804038059215
cuba	guatemala	0.450046876928
cuba	honduras	0.863965033278
cuba	el_salvador	0.950706376279
cuba	nicaragua	0.892162151455
cuba	costa_rica	0.864093419316
cuba	panama	0.921726049343
cuba	bahamas	0.83971909095
cuba	turks_caicos_islands	0.1217979408
cuba	cayman_islands	0.305684872765
cuba	jamaica	0.898899334178
cuba	haiti	0.926644006465
cuba	dominican_republic	0.895871517796
cuba	puerto_rico	0.952846921639
cuba	united_states_virgin_islands	0.535347058929
cuba	saint_kitts_nevis	0.199813827357
cuba	antigua_barbuda	0.540756425677
cuba	guadeloupe	0.809569528434
cuba	dominica	0.650753268408
cuba	martinique	0.869582540819
cuba	saint_lucia	0.943525642977
cuba	saint_vincent_grenadines	0.720202822603
cuba	barbados	0.981560404454
cuba	grenada	0.897331296021
cuba	trinidad_tobago	0.968913133274
cuba	curacao	0.643752662414
cuba	aruba	0.546931805296
cuba	french_guiana	0.893181224069
cuba	suriname	0.961076158942
cuba	guyana	0.791691498127
cuba	venezuela	0.876832171102
cuba	colombia	0.613870504386
cuba	ecuador	0.55923784291
cuba	peru	0.399651442696
cuba	bolivia	0.380692735446
cuba	brazil	0.649572731578
cuba	paraguay	0.957577587256
cuba	uruguay	0.0497532079307
cuba	argentina	0.370594756244
cuba	chile	0.0
turks_caicos_islands	canada	0.0
turks_caicos_islands	united_states	0.208427240631
turks_caicos_islands	bermuda	0.0997563110907
turks_caicos_islands	mexico	0.306216470124
turks_caicos_islands	belize	0.804038059215
turks_caicos_islands	guatemala	0.450046876928
turks_caicos_islands	honduras	0.863965033278
turks_caicos_islands	el_salvador	0.950706376279
turks_caicos_islands	nicaragua	0.892162151455
turks_caicos_islands	costa_rica	0.864093419316
turks_caicos_islands	panama	0.921726049343
turks_caicos_islands	bahamas	0.83971909095
turks_caicos_islands	cuba	0.878205230078
turks_caicos_islands	cayman_islands	0.305684872765
turks_caicos_islands	jamaica	0.898899334178
turks_caicos_islands	haiti	0.926644006465
turks_caicos_islands	dominican_republic	0.895871517796
turks_caicos_islands	puerto_rico	0.952846921639
turks_caicos_islands	united_states_virgin_islands	0.535347058929
turks_caicos_islands	saint_kitts_nevis	0.199813827357
turks_caicos_islands	antigua_barbuda	0.540756425677
turks_caicos_islands	guadeloupe	0.809569528434
turks_caicos_islands	dominica	0.650753268408
turks_caicos_islands	martinique	0.869582540819
turks_caicos_islands	saint_lucia	0.943525642977
turks_caicos_islands	saint_vincent_grenadines	0.720202822603
turks_caicos_islands	barbados	0.981560404454
turks_caicos_islands	grenada	0.897331296021
turks_caicos_islands	trinidad_tobago	0.968913133274
turks_caicos_islands	curacao	0.643752662414
turks_caicos_islands	aruba	0.546931805296
turks_caicos_islands	french_guiana	0.893181224069
turks_caicos_islands	suriname	0.961076158942
turks_caicos_islands	guyana	0.791691498127
turks_caicos_islands	venezuela	0.876832171102
turks_caicos_islands	colombia	0.613870504386
turks_caicos_islands	ecuador	0.55923784291
turks_caicos_islands	peru	0.399651442696
turks_caicos_islands	bolivia	0.380692735446
turks_caicos_islands	brazil	0.649572731578
turks_caicos_islands	paraguay	0.957577587256
turks_caicos_islands	uruguay	0.0497532079307
turks_caicos_islands	argentina	0.370594756244
turks_caicos_islands	chile	0.0
cayman_islands	canada	0.0
cayman_islands	united_states	0.208427240631
cayman_islands	bermuda	0.0997563110907
cayman_islands	mexico	0.306216470124
cayman_islands	belize	0.804038059215
cayman_islands	guatemala	0.450046876928
cayman_islands	honduras	0.863965033278
cayman_islands	el_salvador	0.950706376279
cayman_islands	nicaragua	0.892162151455
cayman_islands	costa_rica	0.864093419316
cayman_islands	panama	0.921726049343
cayman_islands	bahamas	0.83971909095
cayman_islands	cuba	0.878205230078
cayman_islands	turks_caicos_islands	0.1217979408
cayman_islands	jamaica	0.898899334178
cayman_islands	haiti	0.926644006465
cayman_islands	dominican_republic	0.895871517796
cayman_islands	puerto_rico	0.952846921639
cayman_islands	united_states_virgin_islands	0.535347058929
cayman_islands	saint_kitts_nevis	0.199813827357
cayman_islands	antigua_barbuda	0.540756425677
cayman_islands	guadeloupe	0.809569528434
cayman_islands	dominica	0.650753268408
cayman_islands	martinique	0.869582540819
cayman_islands	saint_lucia	0.943525642977
cayman_islands	saint_vincent_grenadines	0.720202822603
cayman_islands	barbados	0.981560404454
cayman_islands	grenada	0.897331296021
cayman_islands	trinidad_tobago	0.968913133274
cayman_islands	curacao	0.643752662414
cayman_islands	aruba	0.546931805296
cayman_islands	french_guiana	0.893181224069
cayman_islands	suriname	0.961076158942
cayman_islands	guyana	0.791691498127
cayman_islands	venezuela	0.876832171102
cayman_islands	colombia	0.613870504386
cayman_islands	ecuador	0.55923784291
cayman_islands	peru	0.399651442696
cayman_islands	bolivia	0.380692735446
cayman_islands	brazil	0.649572731578
cayman_islands	paraguay	0.957577587256
cayman_islands	uruguay	0.0497532079307
cayman_islands	argentina	0.370594756244
cayman_islands	chile	0.0
jamaica	canada	0.0
jamaica	united_states	0.208427240631
jamaica	bermuda	0.0997563110907
jamaica	mexico	0.306216470124
jamaica	belize	0.804038059215
jamaica	guatemala	0.450046876928
jamaica	honduras	0.863965033278
jamaica	el_salvador	0.950706376279
jamaica	nicaragua	0.892162151455
jamaica	costa_rica	0.864093419316
jamaica	panama	0.921726049343
jamaica	bahamas	0.83971909095
jamaica	cuba	0.878205230078
jamaica	turks_caicos_islands	0.1217979408
jamaica	cayman_islands	0.305684872765
jamaica	haiti	0.926644006465
jamaica	dominican_republic	0.895871517796
jamaica	puerto_rico	0.952846921639
jamaica	united_states_virgin_islands	0.535347058929
jamaica	saint_kitts_nevis	0.199813827357
jamaica	antigua_barbuda	0.540756425677
jamaica	guadeloupe	0.809569528434
jamaica	dominica	0.650753268408
jamaica	martinique	0.869582540819
jamaica	saint_lucia	0.943525642977
jamaica	saint_vincent_grenadines	0.720202822603
jamaica	barbados	0.981560404454
jamaica	grenada	0.897331296021
jamaica	trinidad_tobago	0.968913133274
jamaica	curacao	0.643752662414
jamaica	aruba	0.546931805296
jamaica	french_guiana	0.893181224069
jamaica	suriname	0.961076158942
jamaica	guyana	0.791691498127
jamaica	venezuela	0.876832171102
jamaica	colombia	0.613870504386
jamaica	ecuador	0.55923784291
jamaica	peru	0.399651442696
jamaica	bolivia	0.380692735446
jamaica	brazil	0.649572731578
jamaica	paraguay	0.957577587256
jamaica	uruguay	0.0497532079307
jamaica	argentina	0.370594756244
jamaica	chile	0.0
haiti	canada	0.0
haiti	united_states	0.208427240631
haiti	bermuda	0.0997563110907
haiti	mexico	0.306216470124
haiti	belize	0.804038059215
haiti	guatemala	0.450046876928
haiti	honduras	0.863965033278
haiti	el_salvador	0.950706376279
haiti	nicaragua	0.892162151455
haiti	costa_rica	0.864093419316
haiti	panama	0.921726049343
haiti	bahamas	0.83971909095
haiti	cuba	0.878205230078
haiti	turks_caicos_islands	0.1217979408
haiti	cayman_islands	0.305684872765
haiti	jamaica	0.898899334178
haiti	dominican_republic	0.895871517796
haiti	puerto_rico	0.952846921639
haiti	united_states_virgin_islands	0.535347058929
haiti	saint_kitts_nevis	0.199813827357
haiti	antigua_barbuda	0.540756425677
haiti	guadeloupe	0.809569528434
haiti	dominica	0.650753268408
haiti	martinique	0.869582540819
haiti	saint_lucia	0.943525642977
haiti	saint_vincent_grenadines	0.720202822603
haiti	barbados	0.981560404454
haiti	grenada	0.897331296021
haiti	trinidad_tobago	0.968913133274
haiti	curacao	0.643752662414
haiti	aruba	0.546931805296
haiti	french_guiana	0.893181224069
haiti	suriname	0.961076158942
haiti	guyana	0.791691498127
haiti	venezuela	0.876832171102
haiti	colombia	0.613870504386
haiti	ecuador	0.55923784291
haiti	peru	0.399651442696
haiti	bolivia	0.380692735446
haiti	brazil	0.649572731578
haiti	paraguay	0.957577587256
haiti	uruguay	0.0497532079307
haiti	argentina	0.370594756244
haiti	chile	0.0
dominican_republic	canada	0.0
dominican_republic	united_states	0.208427240631
dominican_republic	bermuda	0.0997563110907
dominican_republic	mexico	0.306216470124
dominican_republic	belize	0.804038059215
dominican_republic	guatemala	0.450046876928
dominican_republic	honduras	0.863965033278
dominican_republic	el_salvador	0.950706376279
dominican_republic	nicaragua	0.892162151455
dominican_republic	costa_rica	0.864093419316
dominican_republic	panama	0.921726049343
dominican_republic	bahamas	0.83971909095
dominican_republic	cuba	0.878205230078
dominican_republic	turks_caicos_islands	0.1217979408
dominican_republic	cayman_islands	0.305684872765
dominican_republic	jamaica	0.898899334178
dominican_republic	haiti	0.926644006465
dominican_republic	puerto_rico	0.952846921639
dominican_republic	united_states_virgin_islands	0.535347058929
dominican_republic	saint_kitts_nevis	0.199813827357
dominican_republic	antigua_barbuda	0.540756425677
dominican_republic	guadeloupe	0.809569528434
dominican_republic	dominica	0.650753268408
dominican_republic	martinique	0.869582540819
dominican_republic	saint_lucia	0.943525642977
dominican_republic	saint_vincent_grenadines	0.720202822603
dominican_republic	barbados	0.981560404454
dominican_republic	grenada	0.897331296021
dominican_republic	trinidad_tobago	0.968913133274
dominican_republic	curacao	0.643752662414
dominican_republic	aruba	0.546931805296
dominican_republic	french_guiana	0.893181224069
dominican_republic	suriname	0.961076158942
dominican_republic	guyana	0.791691498127
dominican_republic	venezuela	0.876832171102
dominican_republic	colombia	0.613870504386
dominican_republic	ecuador	0.55923784291
dominican_republic	peru	0.399651442696
dominican_republic	bolivia	0.380692735446
dominican_republic	brazil	0.649572731578
dominican_republic	paraguay	0.957577587256
dominican_republic	uruguay	0.0497532079307
dominican_republic	argentina	0.370594756244
dominican_republic	chile	0.0
puerto_rico	canada	0.0
puerto_rico	united_states	0.208427240631
puerto_rico	bermuda	0.0997563110907
puerto_rico	mexico	0.306216470124
puerto_rico	belize	0.804038059215
puerto_rico	guatemala	0.450046876928
puerto_rico	honduras	0.863965033278
puerto_rico	el_salvador	0.950706376279
puerto_rico	nicaragua	0.892162151455
puerto_rico	costa_rica	0.864093419316
puerto_rico	panama	0.921726049343
puerto_rico	bahamas	0.83971909095
puerto_rico	cuba	0.878205230078
puerto_rico	turks_caicos_islands	0.1217979408
puerto_rico	cayman_islands	0.305684872765
puerto_rico	jamaica	0.898899334178
puerto_rico	haiti	0.926644006465
puerto_rico	dominican_republic	0.895871517796
puerto_rico	united_states_virgin_islands	0.535347058929
puerto_rico	saint_kitts_nevis	0.199813827357
puerto_rico	antigua_barbuda	0.540756425677
puerto_rico	guadeloupe	0.809569528434
puerto_rico	dominica	0.650753268408
puerto_rico	martinique	0.869582540819
puerto_rico	saint_lucia	0.943525642977
puerto_rico	saint_vincent_grenadines	0.720202822603
puerto_rico	barbados	0.981560404454
puerto_rico	grenada	0.897331296021
puerto_rico	trinidad_tobago	0.968913133274
puerto_rico	curacao	0.643752662414
puerto_rico	aruba	0.546931805296
puerto_rico	french_guiana	0.893181224069
puerto_rico	suriname	0.961076158942
puerto_rico	guyana	0.791691498127
puerto_rico	venezuela	0.876832171102
puerto_rico	colombia	0.613870504386
puerto_rico	ecuador	0.55923784291
puerto_rico	peru	0.399651442696
puerto_rico	bolivia	0.380692735446
puerto_rico	brazil	0.649572731578
puerto_rico	paraguay	0.957577587256
puerto_rico	uruguay	0.0497532079307
puerto_rico	argentina	0.370594756244
puerto_rico	chile	0.0
united_states_virgin_islands	canada	0.0
united_states_virgin_islands	united_states	0.208427240631
united_states_virgin_islands	bermuda	0.0997563110907
united_states_virgin_islands	mexico	0.306216470124
united_states_virgin_islands	belize	0.804038059215
united_states_virgin_islands	guatemala	0.450046876928
united_states_virgin_islands	honduras	0.863965033278
united_states_virgin_islands	el_salvador	0.950706376279
united_states_virgin_islands	nicaragua	0.892162151455
united_states_virgin_islands	costa_rica	0.864093419316
united_states_virgin_islands	panama	0.921726049343
united_states_virgin_islands	bahamas	0.83971909095
united_states_virgin_islands	cuba	0.878205230078
united_states_virgin_islands	turks_caicos_islands	0.1217979408
united_states_virgin_islands	cayman_islands	0.305684872765
united_states_virgin_islands	jamaica	0.898899334178
united_states_virgin_islands	haiti	0.926644006465
united_states_virgin_islands	dominican_republic	0.895871517796
united_states_virgin_islands	puerto_rico	0.952846921639
united_states_virgin_islands	saint_kitts_nevis	0.199813827357
united_states_virgin_islands	antigua_barbuda	0.540756425677
united_states_virgin_islands	guadeloupe	0.809569528434
united_states_virgin_islands	dominica	0.650753268408
united_states_virgin_islands	martinique	0.869582540819
united_states_virgin_islands	saint_lucia	0.943525642977
united_states_virgin_islands	saint_vincent_grenadines	0.720202822603
united_states_virgin_islands	barbados	0.981560404454
united_states_virgin_islands	grenada	0.897331296021
united_states_virgin_islands	trinidad_tobago	0.968913133274
united_states_virgin_islands	curacao	0.643752662414
united_states_virgin_islands	aruba	0.546931805296
united_states_virgin_islands	french_guiana	0.893181224069
united_states_virgin_islands	suriname	0.961076158942
united_states_virgin_islands	guyana	0.791691498127
united_states_virgin_islands	venezuela	0.876832171102
united_states_virgin_islands	colombia	0.613870504386
united_states_virgin_islands	ecuador	0.55923784291
united_states_virgin_islands	peru	0.399651442696
united_states_virgin_islands	bolivia	0.380692735446
united_states_virgin_islands	brazil	0.649572731578
united_states_virgin_islands	paraguay	0.957577587256
united_states_virgin_islands	uruguay	0.0497532079307
united_states_virgin_islands	argentina	0.370594756244
united_states_virgin_islands	chile	0.0
saint_kitts_nevis	canada	0.0
saint_kitts_nevis	united_states	0.208427240631
saint_kitts_nevis	bermuda	0.0997563110907
saint_kitts_nevis	mexico	0.306216470124
saint_kitts_nevis	belize	0.804038059215
saint_kitts_nevis	guatemala	0.450046876928
saint_kitts_nevis	honduras	0.863965033278
saint_kitts_nevis	el_salvador	0.950706376279
saint_kitts_nevis	nicaragua	0.892162151455
saint_kitts_nevis	costa_rica	0.864093419316
saint_kitts_nevis	panama	0.921726049343
saint_kitts_nevis	bahamas	0.83971909095
saint_kitts_nevis	cuba	0.878205230078
saint_kitts_nevis	turks_caicos_islands	0.1217979408
saint_kitts_nevis	cayman_islands	0.305684872765
saint_kitts_nevis	jamaica	0.898899334178
saint_kitts_nevis	haiti	0.926644006465
saint_kitts_nevis	dominican_republic	0.895871517796
saint_kitts_nevis	puerto_rico	0.952846921639
saint_kitts_nevis	united_states_virgin_islands	0.535347058929
saint_kitts_nevis	antigua_barbuda	0.540756425677
saint_kitts_nevis	guadeloupe	0.809569528434
saint_kitts_nevis	dominica	0.650753268408
saint_kitts_nevis	martinique	0.869582540819
saint_kitts_nevis	saint_lucia	0.943525642977
saint_kitts_nevis	saint_vincent_grenadines	0.720202822603
saint_kitts_nevis	barbados	0.981560404454
saint_kitts_nevis	grenada	0.897331296021
saint_kitts_nevis	trinidad_tobago	0.968913133274
saint_kitts_nevis	curacao	0.643752662414
saint_kitts_nevis	aruba	0.546931805296
saint_kitts_nevis	french_guiana	0.893181224069
saint_kitts_nevis	suriname	0.961076158942
saint_kitts_nevis	guyana	0.791691498127
saint_kitts_nevis	venezuela	0.876832171102
saint_kitts_nevis	colombia	0.613870504386
saint_kitts_nevis	ecuador	0.55923784291
saint_kitts_nevis	peru	0.399651442696
saint_kitts_nevis	bolivia	0.380692735446
saint_kitts_nevis	brazil	0.649572731578
saint_kitts_nevis	paraguay	0.957577587256
saint_kitts_nevis	uruguay	0.0497532079307
saint_kitts_nevis	argentina	0.370594756244
saint_kitts_nevis	chile	0.0
antigua_barbuda	canada	0.0
antigua_barbuda	united_states	0.208427240631
antigua_barbuda	bermuda	0.0997563110907
antigua_barbuda	mexico	0.306216470124
antigua_barbuda	belize	0.804038059215
antigua_barbuda	guatemala	0.450046876928
antigua_barbuda	honduras	0.863965033278
antigua_barbuda	el_salvador	0.950706376279
antigua_barbuda	nicaragua	0.892162151455
antigua_barbuda	costa_rica	0.864093419316
antigua_barbuda	panama	0.921726049343
antigua_barbuda	bahamas	0.83971909095
antigua_barbuda	cuba	0.878205230078
antigua_barbuda	turks_caicos_islands	0.1217979408
antigua_barbuda	cayman_islands	0.305684872765
antigua_barbuda	jamaica	0.898899334178
antigua_barbuda	haiti	0.926644006465
antigua_barbuda	dominican_republic	0.895871517796
antigua_barbuda	puerto_rico	0.952846921639
antigua_barbuda	united_states_virgin_islands	0.535347058929
antigua_barbuda	saint_kitts_nevis	0.199813827357
antigua_barbuda	guadeloupe	0.809569528434
antigua_barbuda	dominica	0.650753268408
antigua_barbuda	martinique	0.869582540819
antigua_barbuda	saint_lucia	0.943525642977
antigua_barbuda	saint_vincent_grenadines	0.720202822603
antigua_barbuda	barbados	0.981560404454
antigua_barbuda	grenada	0.897331296021
antigua_barbuda	trinidad_tobago	0.968913133274
antigua_barbuda	curacao	0.643752662414
antigua_barbuda	aruba	0.546931805296
antigua_barbuda	french_guiana	0.893181224069
antigua_barbuda	suriname	0.961076158942
antigua_barbuda	guyana	0.791691498127
antigua_barbuda	venezuela	0.876832171102
antigua_barbuda	colombia	0.613870504386
antigua_barbuda	ecuador	0.55923784291
antigua_barbuda	peru	0.399651442696
antigua_barbuda	bolivia	0.380692735446
antigua_barbuda	brazil	0.649572731578
antigua_barbuda	paraguay	0.957577587256
antigua_barbuda	uruguay	0.0497532079307
antigua_barbuda	argentina	0.370594756244
antigua_barbuda	chile	0.0
guadeloupe	canada	0.0
guadeloupe	united_states	0.208427240631
guadeloupe	bermuda	0.0997563110907
guadeloupe	mexico	0.306216470124
guadeloupe	belize	0.804038059215
guadeloupe	guatemala	0.450046876928
guadeloupe	honduras	0.863965033278
guadeloupe	el_salvador	0.950706376279
guadeloupe	nicaragua	0.892162151455
guadeloupe	costa_rica	0.864093419316
guadeloupe	panama	0.921726049343
guadeloupe	bahamas	0.83971909095
guadeloupe	cuba	0.878205230078
guadeloupe	turks_caicos_islands	0.1217979408
guadeloupe	cayman_islands	0.305684872765
guadeloupe	jamaica	0.898899334178
guadeloupe	haiti	0.926644006465
guadeloupe	dominican_republic	0.895871517796
guadeloupe	puerto_rico	0.952846921639
guadeloupe	united_states_virgin_islands	0.535347058929
guadeloupe	saint_kitts_nevis	0.199813827357
guadeloupe	antigua_barbuda	0.540756425677
guadeloupe	dominica	0.650753268408
guadeloupe	martinique	0.869582540819
guadeloupe	saint_lucia	0.943525642977
guadeloupe	saint_vincent_grenadines	0.720202822603
guadeloupe	barbados	0.981560404454
guadeloupe	grenada	0.897331296021
guadeloupe	trinidad_tobago	0.968913133274
guadeloupe	curacao	0.643752662414
guadeloupe	aruba	0.546931805296
guadeloupe	french_guiana	0.893181224069
guadeloupe	suriname	0.961076158942
guadeloupe	guyana	0.791691498127
guadeloupe	venezuela	0.876832171102
guadeloupe	colombia	0.613870504386
guadeloupe	ecuador	0.55923784291
guadeloupe	peru	0.399651442696
guadeloupe	bolivia	0.380692735446
guadeloupe	brazil	0.649572731578
guadeloupe	paraguay	0.957577587256
guadeloupe	uruguay	0.0497532079307
guadeloupe	argentina	0.370594756244
guadeloupe	chile	0.0
dominica	canada	0.0
dominica	united_states	0.208427240631
dominica	bermuda	0.0997563110907
dominica	mexico	0.306216470124
dominica	belize	0.804038059215
dominica	guatemala	0.450046876928
dominica	honduras	0.863965033278
dominica	el_salvador	0.950706376279
dominica	nicaragua	0.892162151455
dominica	costa_rica	0.864093419316
dominica	panama	0.921726049343
dominica	bahamas	0.83971909095
dominica	cuba	0.878205230078
dominica	turks_caicos_islands	0.1217979408
dominica	cayman_islands	0.305684872765
dominica	jamaica	0.898899334178
dominica	haiti	0.926644006465
dominica	dominican_republic	0.895871517796
dominica	puerto_rico	0.952846921639
dominica	united_states_virgin_islands	0.535347058929
dominica	saint_kitts_nevis	0.199813827357
dominica	antigua_barbuda	0.540756425677
dominica	guadeloupe	0.809569528434
dominica	martinique	0.869582540819
dominica	saint_lucia	0.943525642977
dominica	saint_vincent_grenadines	0.720202822603
dominica	barbados	0.981560404454
dominica	grenada	0.897331296021
dominica	trinidad_tobago	0.968913133274
dominica	curacao	0.643752662414
dominica	aruba	0.546931805296
dominica	french_guiana	0.893181224069
dominica	suriname	0.961076158942
dominica	guyana	0.791691498127
dominica	venezuela	0.876832171102
dominica	colombia	0.613870504386
dominica	ecuador	0.55923784291
dominica	peru	0.399651442696
dominica	bolivia	0.380692735446
dominica	brazil	0.649572731578
dominica	paraguay	0.957577587256
dominica	uruguay	0.0497532079307
dominica	argentina	0.370594756244
dominica	chile	0.0
martinique	canada	0.0
martinique	united_states	0.208427240631
martinique	bermuda	0.0997563110907
martinique	mexico	0.306216470124
martinique	belize	0.804038059215
martinique	guatemala	0.450046876928
martinique	honduras	0.863965033278
martinique	el_salvador	0.950706376279
martinique	nicaragua	0.892162151455
martinique	costa_rica	0.864093419316
martinique	panama	0.921726049343
martinique	bahamas	0.83971909095
martinique	cuba	0.878205230078
martinique	turks_caicos_islands	0.1217979408
martinique	cayman_islands	0.305684872765
martinique	jamaica	0.898899334178
martinique	haiti	0.926644006465
martinique	dominican_republic	0.895871517796
martinique	puerto_rico	0.952846921639
martinique	united_states_virgin_islands	0.535347058929
martinique	saint_kitts_nevis	0.199813827357
martinique	antigua_barbuda	0.540756425677
martinique	guadeloupe	0.809569528434
martinique	dominica	0.650753268408
martinique	saint_lucia	0.943525642977
martinique	saint_vincent_grenadines	0.720202822603
martinique	barbados	0.981560404454
martinique	grenada	0.897331296021
martinique	trinidad_tobago	0.968913133274
martinique	curacao	0.643752662414
martinique	aruba	0.546931805296
martinique	french_guiana	0.893181224069
martinique	suriname	0.961076158942
martinique	guyana	0.791691498127
martinique	venezuela	0.876832171102
martinique	colombia	0.613870504386
martinique	ecuador	0.55923784291
martinique	peru	0.399651442696
martinique	bolivia	0.380692735446
martinique	brazil	0.649572731578
martinique	paraguay	0.957577587256
martinique	uruguay	0.0497532079307
martinique	argentina	0.370594756244
martinique	chile	0.0
saint_lucia	canada	0.0
saint_lucia	united_states	0.208427240631
saint_lucia	bermuda	0.0997563110907
saint_lucia	mexico	0.306216470124
saint_lucia	belize	0.804038059215
saint_lucia	guatemala	0.450046876928
saint_lucia	honduras	0.863965033278
saint_lucia	el_salvador	0.950706376279
saint_lucia	nicaragua	0.892162151455
saint_lucia	costa_rica	0.864093419316
saint_lucia	panama	0.921726049343
saint_lucia	bahamas	0.83971909095
saint_lucia	cuba	0.878205230078
saint_lucia	turks_caicos_islands	0.1217979408
saint_lucia	cayman_islands	0.305684872765
saint_lucia	jamaica	0.898899334178
saint_lucia	haiti	0.926644006465
saint_lucia	dominican_republic	0.895871517796
saint_lucia	puerto_rico	0.952846921639
saint_lucia	united_states_virgin_islands	0.535347058929
saint_lucia	saint_kitts_nevis	0.199813827357
saint_lucia	antigua_barbuda	0.540756425677
saint_lucia	guadeloupe	0.809569528434
saint_lucia	dominica	0.650753268408
saint_lucia	martinique	0.869582540819
saint_lucia	saint_vincent_grenadines	0.720202822603
saint_lucia	barbados	0.981560404454
saint_lucia	grenada	0.897331296021
saint_lucia	trinidad_tobago	0.968913133274
saint_lucia	curacao	0.643752662414
saint_lucia	aruba	0.546931805296
saint_lucia	french_guiana	0.893181224069
saint_lucia	suriname	0.961076158942
saint_lucia	guyana	0.791691498127
saint_lucia	venezuela	0.876832171102
saint_lucia	colombia	0.613870504386
saint_lucia	ecuador	0.55923784291
saint_lucia	peru	0.399651442696
saint_lucia	bolivia	0.380692735446
saint_lucia	brazil	0.649572731578
saint_lucia	paraguay	0.957577587256
saint_lucia	uruguay	0.0497532079307
saint_lucia	argentina	0.370594756244
saint_lucia	chile	0.0
saint_vincent_grenadines	canada	0.0
saint_vincent_grenadines	united_states	0.208427240631
saint_vincent_grenadines	bermuda	0.0997563110907
saint_vincent_grenadines	mexico	0.306216470124
saint_vincent_grenadines	belize	0.804038059215
saint_vincent_grenadines	guatemala	0.450046876928
saint_vincent_grenadines	honduras	0.863965033278
saint_vincent_grenadines	el_salvador	0.950706376279
saint_vincent_grenadines	nicaragua	0.892162151455
saint_vincent_grenadines	costa_rica	0.864093419316
saint_vincent_grenadines	panama	0.921726049343
saint_vincent_grenadines	bahamas	0.83971909095
saint_vincent_grenadines	cuba	0.878205230078
saint_vincent_grenadines	turks_caicos_islands	0.1217979408
saint_vincent_grenadines	cayman_islands	0.305684872765
saint_vincent_grenadines	jamaica	0.898899334178
saint_vincent_grenadines	haiti	0.926644006465
saint_vincent_grenadines	dominican_republic	0.895871517796
saint_vincent_grenadines	puerto_rico	0.952846921639
saint_vincent_grenadines	united_states_virgin_islands	0.535347058929
saint_vincent_grenadines	saint_kitts_nevis	0.199813827357
saint_vincent_grenadines	antigua_barbuda	0.540756425677
saint_vincent_grenadines	guadeloupe	0.809569528434
saint_vincent_grenadines	dominica	0.650753268408
saint_vincent_grenadines	martinique	0.869582540819
saint_vincent_grenadines	saint_lucia	0.943525642977
saint_vincent_grenadines	barbados	0.981560404454
saint_vincent_grenadines	grenada	0.897331296021
saint_vincent_grenadines	trinidad_tobago	0.968913133274
saint_vincent_grenadines	curacao	0.643752662414
saint_vincent_grenadines	aruba	0.546931805296
saint_vincent_grenadines	french_guiana	0.893181224069
saint_vincent_grenadines	suriname	0.961076158942
saint_vincent_grenadines	guyana	0.791691498127
saint_vincent_grenadines	venezuela	0.876832171102
saint_vincent_grenadines	colombia	0.613870504386
saint_vincent_grenadines	ecuador	0.55923784291
saint_vincent_grenadines	peru	0.399651442696
saint_vincent_grenadines	bolivia	0.380692735446
saint_vincent_grenadines	brazil	0.649572731578
saint_vincent_grenadines	paraguay	0.957577587256
saint_vincent_grenadines	uruguay	0.0497532079307
saint_vincent_grenadines	argentina	0.370594756244
saint_vincent_grenadines	chile	0.0
barbados	canada	0.0
barbados	united_states	0.208427240631
barbados	bermuda	0.0997563110907
barbados	mexico	0.306216470124
barbados	belize	0.804038059215
barbados	guatemala	0.450046876928
barbados	honduras	0.863965033278
barbados	el_salvador	0.950706376279
barbados	nicaragua	0.892162151455
barbados	costa_rica	0.864093419316
barbados	panama	0.921726049343
barbados	bahamas	0.83971909095
barbados	cuba	0.878205230078
barbados	turks_caicos_islands	0.1217979408
barbados	cayman_islands	0.305684872765
barbados	jamaica	0.898899334178
barbados	haiti	0.926644006465
barbados	dominican_republic	0.895871517796
barbados	puerto_rico	0.952846921639
barbados	united_states_virgin_islands	0.535347058929
barbados	saint_kitts_nevis	0.199813827357
barbados	antigua_barbuda	0.540756425677
barbados	guadeloupe	0.809569528434
barbados	dominica	0.650753268408
barbados	martinique	0.869582540819
barbados	saint_lucia	0.943525642977
barbados	saint_vincent_grenadines	0.720202822603
barbados	grenada	0.897331296021
barbados	trinidad_tobago	0.968913133274
barbados	curacao	0.643752662414
barbados	aruba	0.546931805296
barbados	french_guiana	0.893181224069
barbados	suriname	0.961076158942
barbados	guyana	0.791691498127
barbados	venezuela	0.876832171102
barbados	colombia	0.613870504386
barbados	ecuador	0.55923784291
barbados	peru	0.399651442696
barbados	bolivia	0.380692735446
barbados	brazil	0.649572731578
barbados	paraguay	0.957577587256
barbados	uruguay	0.0497532079307
barbados	argentina	0.370594756244
barbados	chile	0.0
grenada	canada	0.0
grenada	united_states	0.208427240631
grenada	bermuda	0.0997563110907
grenada	mexico	0.306216470124
grenada	belize	0.804038059215
grenada	guatemala	0.450046876928
grenada	honduras	0.863965033278
grenada	el_salvador	0.950706376279
grenada	nicaragua	0.892162151455
grenada	costa_rica	0.864093419316
grenada	panama	0.921726049343
grenada	bahamas	0.83971909095
grenada	cuba	0.878205230078
grenada	turks_caicos_islands	0.1217979408
grenada	cayman_islands	0.305684872765
grenada	jamaica	0.898899334178
grenada	haiti	0.926644006465
grenada	dominican_republic	0.895871517796
grenada	puerto_rico	0.952846921639
grenada	united_states_virgin_islands	0.535347058929
grenada	saint_kitts_nevis	0.199813827357
grenada	antigua_barbuda	0.540756425677
grenada	guadeloupe	0.809569528434
grenada	dominica	0.650753268408
grenada	martinique	0.869582540819
grenada	saint_lucia	0.943525642977
grenada	saint_vincent_grenadines	0.720202822603
grenada	barbados	0.981560404454
grenada	trinidad_tobago	0.968913133274
grenada	curacao	0.643752662414
grenada	aruba	0.546931805296
grenada	french_guiana	0.893181224069
grenada	suriname	0.961076158942
grenada	guyana	0.791691498127
grenada	venezuela	0.876832171102
grenada	colombia	0.613870504386
grenada	ecuador	0.55923784291
grenada	peru	0.399651442696
grenada	bolivia	0.380692735446
grenada	brazil	0.649572731578
grenada	paraguay	0.957577587256
grenada	uruguay	0.0497532079307
grenada	argentina	0.370594756244
grenada	chile	0.0
trinidad_tobago	canada	0.0
trinidad_tobago	united_states	0.208427240631
trinidad_tobago	bermuda	0.0997563110907
trinidad_tobago	mexico	0.306216470124
trinidad_tobago	belize	0.804038059215
trinidad_tobago	guatemala	0.450046876928
trinidad_tobago	honduras	0.863965033278
trinidad_tobago	el_salvador	0.950706376279
trinidad_tobago	nicaragua	0.892162151455
trinidad_tobago	costa_rica	0.864093419316
trinidad_tobago	panama	0.921726049343
trinidad_tobago	bahamas	0.83971909095
trinidad_tobago	cuba	0.878205230078
trinidad_tobago	turks_caicos_islands	0.1217979408
trinidad_tobago	cayman_islands	0.305684872765
trinidad_tobago	jamaica	0.898899334178
trinidad_tobago	haiti	0.926644006465
trinidad_tobago	dominican_republic	0.895871517796
trinidad_tobago	puerto_rico	0.952846921639
trinidad_tobago	united_states_virgin_islands	0.535347058929
trinidad_tobago	saint_kitts_nevis	0.199813827357
trinidad_tobago	antigua_barbuda	0.540756425677
trinidad_tobago	guadeloupe	0.809569528434
trinidad_tobago	dominica	0.650753268408
trinidad_tobago	martinique	0.869582540819
trinidad_tobago	saint_lucia	0.943525642977
trinidad_tobago	saint_vincent_grenadines	0.720202822603
trinidad_tobago	barbados	0.981560404454
trinidad_tobago	grenada	0.897331296021
trinidad_tobago	curacao	0.643752662414
trinidad_tobago	aruba	0.546931805296
trinidad_tobago	french_guiana	0.893181224069
trinidad_tobago	suriname	0.961076158942
trinidad_tobago	guyana	0.791691498127
trinidad_tobago	venezuela	0.876832171102
trinidad_tobago	colombia	0.613870504386
trinidad_tobago	ecuador	0.55923784291
trinidad_tobago	peru	0.399651442696
trinidad_tobago	bolivia	0.380692735446
trinidad_tobago	brazil	0.649572731578
trinidad_tobago	paraguay	0.957577587256
trinidad_tobago	uruguay	0.0497532079307
trinidad_tobago	argentina	0.370594756244
trinidad_tobago	chile	0.0
curacao	canada	0.0
curacao	united_states	0.208427240631
curacao	bermuda	0.0997563110907
curacao	mexico	0.306216470124
curacao	belize	0.804038059215
curacao	guatemala	0.450046876928
curacao	honduras	0.863965033278
curacao	el_salvador	0.950706376279
curacao	nicaragua	0.892162151455
curacao	costa_rica	0.864093419316
curacao	panama	0.921726049343
curacao	bahamas	0.83971909095
curacao	cuba	0.878205230078
curacao	turks_caicos_islands	0.1217979408
curacao	cayman_islands	0.305684872765
curacao	jamaica	0.898899334178
curacao	haiti	0.926644006465
curacao	dominican_republic	0.895871517796
curacao	puerto_rico	0.952846921639
curacao	united_states_virgin_islands	0.535347058929
curacao	saint_kitts_nevis	0.199813827357
curacao	antigua_barbuda	0.540756425677
curacao	guadeloupe	0.809569528434
curacao	dominica	0.650753268408
curacao	martinique	0.869582540819
curacao	saint_lucia	0.943525642977
curacao	saint_vincent_grenadines	0.720202822603
curacao	barbados	0.981560404454
curacao	grenada	0.897331296021
curacao	trinidad_tobago	0.968913133274
curacao	aruba	0.546931805296
curacao	french_guiana	0.893181224069
curacao	suriname	0.961076158942
curacao	guyana	0.791691498127
curacao	venezuela	0.876832171102
curacao	colombia	0.613870504386
curacao	ecuador	0.55923784291
curacao	peru	0.399651442696
curacao	bolivia	0.380692735446
curacao	brazil	0.649572731578
curacao	paraguay	0.957577587256
curacao	uruguay	0.0497532079307
curacao	argentina	0.370594756244
curacao	chile	0.0
aruba	canada	0.0
aruba	united_states	0.208427240631
aruba	bermuda	0.0997563110907
aruba	mexico	0.306216470124
aruba	belize	0.804038059215
aruba	guatemala	0.450046876928
aruba	honduras	0.863965033278
aruba	el_salvador	0.950706376279
aruba	nicaragua	0.892162151455
aruba	costa_rica	0.864093419316
aruba	panama	0.921726049343
aruba	bahamas	0.83971909095
aruba	cuba	0.878205230078
aruba	turks_caicos_islands	0.1217979408
aruba	cayman_islands	0.305684872765
aruba	jamaica	0.898899334178
aruba	haiti	0.926644006465
aruba	dominican_republic	0.895871517796
aruba	puerto_rico	0.952846921639
aruba	united_states_virgin_islands	0.535347058929
aruba	saint_kitts_nevis	0.199813827357
aruba	antigua_barbuda	0.540756425677
aruba	guadeloupe	0.809569528434
aruba	dominica	0.650753268408
aruba	martinique	0.869582540819
aruba	saint_lucia	0.943525642977
aruba	saint_vincent_grenadines	0.720202822603
aruba	barbados	0.981560404454
aruba	grenada	0.897331296021
aruba	trinidad_tobago	0.968913133274
aruba	curacao	0.643752662414
aruba	french_guiana	0.893181224069
aruba	suriname	0.961076158942
aruba	guyana	0.791691498127
aruba	venezuela	0.876832171102
aruba	colombia	0.613870504386
aruba	ecuador	0.55923784291
aruba	peru	0.399651442696
aruba	bolivia	0.380692735446
aruba	brazil	0.649572731578
aruba	paraguay	0.957577587256
aruba	uruguay	0.0497532079307
aruba	argentina	0.370594756244
aruba	chile	0.0
french_guiana	canada	0.0
french_guiana	united_states	0.208427240631
french_guiana	bermuda	0.0997563110907
french_guiana	mexico	0.306216470124
french_guiana	belize	0.804038059215
french_guiana	guatemala	0.450046876928
french_guiana	honduras	0.863965033278
french_guiana	el_salvador	0.950706376279
french_guiana	nicaragua	0.892162151455
french_guiana	costa_rica	0.864093419316
french_guiana	panama	0.921726049343
french_guiana	bahamas	0.83971909095
french_guiana	cuba	0.878205230078
french_guiana	turks_caicos_islands	0.1217979408
french_guiana	cayman_islands	0.305684872765
french_guiana	jamaica	0.898899334178
french_guiana	haiti	0.926644006465
french_guiana	dominican_republic	0.895871517796
french_guiana	puerto_rico	0.952846921639
french_guiana	united_states_virgin_islands	0.535347058929
french_guiana	saint_kitts_nevis	0.199813827357
french_guiana	antigua_barbuda	0.540756425677
french_guiana	guadeloupe	0.809569528434
french_guiana	dominica	0.650753268408
french_guiana	martinique	0.869582540819
french_guiana	saint_lucia	0.943525642977
french_guiana	saint_vincent_grenadines	0.720202822603
french_guiana	barbados	0.981560404454
french_guiana	grenada	0.897331296021
french_guiana	trinidad_tobago	0.968913133274
french_guiana	curacao	0.643752662414
french_guiana	aruba	0.546931805296
french_guiana	suriname	0.961076158942
french_guiana	guyana	0.791691498127
french_guiana	venezuela	0.876832171102
french_guiana	colombia	0.613870504386
french_guiana	ecuador	0.55923784291
french_guiana	peru	0.399651442696
french_guiana	bolivia	0.380692735446
french_guiana	brazil	0.649572731578
french_guiana	paraguay	0.957577587256
french_guiana	uruguay	0.0497532079307
french_guiana	argentina	0.370594756244
french_guiana	chile	0.0
suriname	canada	0.0
suriname	united_states	0.208427240631
suriname	bermuda	0.0997563110907
suriname	mexico	0.306216470124
suriname	belize	0.804038059215
suriname	guatemala	0.450046876928
suriname	honduras	0.863965033278
suriname	el_salvador	0.950706376279
suriname	nicaragua	0.892162151455
suriname	costa_rica	0.864093419316
suriname	panama	0.921726049343
suriname	bahamas	0.83971909095
suriname	cuba	0.878205230078
suriname	turks_caicos_islands	0.1217979408
suriname	cayman_islands	0.305684872765
suriname	jamaica	0.898899334178
suriname	haiti	0.926644006465
suriname	dominican_republic	0.895871517796
suriname	puerto_rico	0.952846921639
suriname	united_states_virgin_islands	0.535347058929
suriname	saint_kitts_nevis	0.199813827357
suriname	antigua_barbuda	0.540756425677
suriname	guadeloupe	0.809569528434
suriname	dominica	0.650753268408
suriname	martinique	0.869582540819
suriname	saint_lucia	0.943525642977
suriname	saint_vincent_grenadines	0.720202822603
suriname	barbados	0.981560404454
suriname	grenada	0.897331296021
suriname	trinidad_tobago	0.968913133274
suriname	curacao	0.643752662414
suriname	aruba	0.546931805296
suriname	french_guiana	0.893181224069
suriname	guyana	0.791691498127
suriname	venezuela	0.876832171102
suriname	colombia	0.613870504386
suriname	ecuador	0.55923784291
suriname	peru	0.399651442696
suriname	bolivia	0.380692735446
suriname	brazil	0.649572731578
suriname	paraguay	0.957577587256
suriname	uruguay	0.0497532079307
suriname	argentina	0.370594756244
suriname	chile	0.0
guyana	canada	0.0
guyana	united_states	0.208427240631
guyana	bermuda	0.0997563110907
guyana	mexico	0.306216470124
guyana	belize	0.804038059215
guyana	guatemala	0.450046876928
guyana	honduras	0.863965033278
guyana	el_salvador	0.950706376279
guyana	nicaragua	0.892162151455
guyana	costa_rica	0.864093419316
guyana	panama	0.921726049343
guyana	bahamas	0.83971909095
guyana	cuba	0.878205230078
guyana	turks_caicos_islands	0.1217979408
guyana	cayman_islands	0.305684872765
guyana	jamaica	0.898899334178
guyana	haiti	0.926644006465
guyana	dominican_republic	0.895871517796
guyana	puerto_rico	0.952846921639
guyana	united_states_virgin_islands	0.535347058929
guyana	saint_kitts_nevis	0.199813827357
guyana	antigua_barbuda	0.540756425677
guyana	guadeloupe	0.809569528434
guyana	dominica	0.650753268408
guyana	martinique	0.869582540819
guyana	saint_lucia	0.943525642977
guyana	saint_vincent_grenadines	0.720202822603
guyana	barbados	0.981560404454
guyana	grenada	0.897331296021
guyana	trinidad_tobago	0.968913133274
guyana	curacao	0.643752662414
guyana	aruba	0.546931805296
guyana	french_guiana	0.893181224069
guyana	suriname	0.961076158942
guyana	venezuela	0.876832171102
guyana	colombia	0.613870504386
guyana	ecuador	0.55923784291
guyana	peru	0.399651442696
guyana	bolivia	0.380692735446
guyana	brazil	0.649572731578
guyana	paraguay	0.957577587256
guyana	uruguay	0.0497532079307
guyana	argentina	0.370594756244
guyana	chile	0.0
venezuela	canada	0.0
venezuela	united_states	0.208427240631
venezuela	bermuda	0.0997563110907
venezuela	mexico	0.306216470124
venezuela	belize	0.804038059215
venezuela	guatemala	0.450046876928
venezuela	honduras	0.863965033278
venezuela	el_salvador	0.950706376279
venezuela	nicaragua	0.892162151455
venezuela	costa_rica	0.864093419316
venezuela	panama	0.921726049343
venezuela	bahamas	0.83971909095
venezuela	cuba	0.878205230078
venezuela	turks_caicos_islands	0.1217979408
venezuela	cayman_islands	0.305684872765
venezuela	jamaica	0.898899334178
venezuela	haiti	0.926644006465
venezuela	dominican_republic	0.895871517796
venezuela	puerto_rico	0.952846921639
venezuela	united_states_virgin_islands	0.535347058929
venezuela	saint_kitts_nevis	0.199813827357
venezuela	antigua_barbuda	0.540756425677
venezuela	guadeloupe	0.809569528434
venezuela	dominica	0.650753268408
venezuela	martinique	0.869582540819
venezuela	saint_lucia	0.943525642977
venezuela	saint_vincent_grenadines	0.720202822603
venezuela	barbados	0.981560404454
venezuela	grenada	0.897331296021
venezuela	trinidad_tobago	0.968913133274
venezuela	curacao	0.643752662414
venezuela	aruba	0.546931805296
venezuela	french_guiana	0.893181224069
venezuela	suriname	0.961076158942
venezuela	guyana	0.791691498127
venezuela	colombia	0.613870504386
venezuela	ecuador	0.55923784291
venezuela	peru	0.399651442696
venezuela	bolivia	0.380692735446
venezuela	brazil	0.649572731578
venezuela	paraguay	0.957577587256
venezuela	uruguay	0.0497532079307
venezuela	argentina	0.370594756244
venezuela	chile	0.0
colombia	canada	0.0
colombia	united_states	0.208427240631
colombia	bermuda	0.0997563110907
colombia	mexico	0.306216470124
colombia	belize	0.804038059215
colombia	guatemala	0.450046876928
colombia	honduras	0.863965033278
colombia	el_salvador	0.950706376279
colombia	nicaragua	0.892162151455
colombia	costa_rica	0.864093419316
colombia	panama	0.921726049343
colombia	bahamas	0.83971909095
colombia	cuba	0.878205230078
colombia	turks_caicos_islands	0.1217979408
colombia	cayman_islands	0.305684872765
colombia	jamaica	0.898899334178
colombia	haiti	0.926644006465
colombia	dominican_republic	0.895871517796
colombia	puerto_rico	0.952846921639
colombia	united_states_virgin_islands	0.535347058929
colombia	saint_kitts_nevis	0.199813827357
colombia	antigua_barbuda	0.540756425677
colombia	guadeloupe	0.809569528434
colombia	dominica	0.650753268408
colombia	martinique	0.869582540819
colombia	saint_lucia	0.943525642977
colombia	saint_vincent_grenadines	0.720202822603
colombia	barbados	0.981560404454
colombia	grenada	0.897331296021
colombia	trinidad_tobago	0.968913133274
colombia	curacao	0.643752662414
colombia	aruba	0.546931805296
colombia	french_guiana	0.893181224069
colombia	suriname	0.961076158942
colombia	guyana	0.791691498127
colombia	venezuela	0.876832171102
colombia	ecuador	0.55923784291
colombia	peru	0.399651442696
colombia	bolivia	0.380692735446
colombia	brazil	0.649572731578
colombia	paraguay	0.957577587256
colombia	uruguay	0.0497532079307
colombia	argentina	0.370594756244
colombia	chile	0.0
ecuador	canada	0.0
ecuador	united_states	0.208427240631
ecuador	bermuda	0.0997563110907
ecuador	mexico	0.306216470124
ecuador	belize	0.804038059215
ecuador	guatemala	0.450046876928
ecuador	honduras	0.863965033278
ecuador	el_salvador	0.950706376279
ecuador	nicaragua	0.892162151455
ecuador	costa_rica	0.864093419316
ecuador	panama	0.921726049343
ecuador	bahamas	0.83971909095
ecuador	cuba	0.878205230078
ecuador	turks_caicos_islands	0.1217979408
ecuador	cayman_islands	0.305684872765
ecuador	jamaica	0.898899334178
ecuador	haiti	0.926644006465
ecuador	dominican_republic	0.895871517796
ecuador	puerto_rico	0.952846921639
ecuador	united_states_virgin_islands	0.535347058929
ecuador	saint_kitts_nevis	0.199813827357
ecuador	antigua_barbuda	0.540756425677
ecuador	guadeloupe	0.809569528434
ecuador	dominica	0.650753268408
ecuador	martinique	0.869582540819
ecuador	saint_lucia	0.943525642977
ecuador	saint_vincent_grenadines	0.720202822603
ecuador	barbados	0.981560404454
ecuador	grenada	0.897331296021
ecuador	trinidad_tobago	0.968913133274
ecuador	curacao	0.643752662414
ecuador	aruba	0.546931805296
ecuador	french_guiana	0.893181224069
ecuador	suriname	0.961076158942
ecuador	guyana	0.791691498127
ecuador	venezuela	0.876832171102
ecuador	colombia	0.613870504386
ecuador	peru	0.399651442696
ecuador	bolivia	0.380692735446
ecuador	brazil	0.649572731578
ecuador	paraguay	0.957577587256
ecuador	uruguay	0.0497532079307
ecuador	argentina	0.370594756244
ecuador	chile	0.0
peru	canada	0.0
peru	united_states	0.208427240631
peru	bermuda	0.0997563110907
peru	mexico	0.306216470124
peru	belize	0.804038059215
peru	guatemala	0.450046876928
peru	honduras	0.863965033278
peru	el_salvador	0.950706376279
peru	nicaragua	0.892162151455
peru	costa_rica	0.864093419316
peru	panama	0.921726049343
peru	bahamas	0.83971909095
peru	cuba	0.878205230078
peru	turks_caicos_islands	0.1217979408
peru	cayman_islands	0.305684872765
peru	jamaica	0.898899334178
peru	haiti	0.926644006465
peru	dominican_republic	0.895871517796
peru	puerto_rico	0.952846921639
peru	united_states_virgin_islands	0.535347058929
peru	saint_kitts_nevis	0.199813827357
peru	antigua_barbuda	0.540756425677
peru	guadeloupe	0.809569528434
peru	dominica	0.650753268408
peru	martinique	0.869582540819
peru	saint_lucia	0.943525642977
peru	saint_vincent_grenadines	0.720202822603
peru	barbados	0.981560404454
peru	grenada	0.897331296021
peru	trinidad_tobago	0.968913133274
peru	curacao	0.643752662414
peru	aruba	0.546931805296
peru	french_guiana	0.893181224069
peru	suriname	0.961076158942
peru	guyana	0.791691498127
peru	venezuela	0.876832171102
peru	colombia	0.613870504386
peru	ecuador	0.55923784291
peru	bolivia	0.380692735446
peru	brazil	0.649572731578
peru	paraguay	0.957577587256
peru	uruguay	0.0497532079307
peru	argentina	0.370594756244
peru	chile	0.0
bolivia	canada	0.0
bolivia	united_states	0.208427240631
bolivia	bermuda	0.0997563110907
bolivia	mexico	0.306216470124
bolivia	belize	0.804038059215
bolivia	guatemala	0.450046876928
bolivia	honduras	0.863965033278
bolivia	el_salvador	0.950706376279
bolivia	nicaragua	0.892162151455
bolivia	costa_rica	0.864093419316
bolivia	panama	0.921726049343
bolivia	bahamas	0.83971909095
bolivia	cuba	0.878205230078
bolivia	turks_caicos_islands	0.1217979408
bolivia	cayman_islands	0.305684872765
bolivia	jamaica	0.898899334178
bolivia	haiti	0.926644006465
bolivia	dominican_republic	0.895871517796
bolivia	puerto_rico	0.952846921639
bolivia	united_states_virgin_islands	0.535347058929
bolivia	saint_kitts_nevis	0.199813827357
bolivia	antigua_barbuda	0.540756425677
bolivia	guadeloupe	0.809569528434
bolivia	dominica	0.650753268408
bolivia	martinique	0.869582540819
bolivia	saint_lucia	0.943525642977
bolivia	saint_vincent_grenadines	0.720202822603
bolivia	barbados	0.981560404454
bolivia	grenada	0.897331296021
bolivia	trinidad_tobago	0.968913133274
bolivia	curacao	0.643752662414
bolivia	aruba	0.546931805296
bolivia	french_guiana	0.893181224069
bolivia	suriname	0.961076158942
bolivia	guyana	0.791691498127
bolivia	venezuela	0.876832171102
bolivia	colombia	0.613870504386
bolivia	ecuador	0.55923784291
bolivia	peru	0.399651442696
bolivia	brazil	0.649572731578
bolivia	paraguay	0.957577587256
bolivia	uruguay	0.0497532079307
bolivia	argentina	0.370594756244
bolivia	chile	0.0
brazil	canada	0.0
brazil	united_states	0.208427240631
brazil	bermuda	0.0997563110907
brazil	mexico	0.306216470124
brazil	belize	0.804038059215
brazil	guatemala	0.450046876928
brazil	honduras	0.863965033278
brazil	el_salvador	0.950706376279
brazil	nicaragua	0.892162151455
brazil	costa_rica	0.864093419316
brazil	panama	0.921726049343
brazil	bahamas	0.83971909095
brazil	cuba	0.878205230078
brazil	turks_caicos_islands	0.1217979408
brazil	cayman_islands	0.305684872765
brazil	jamaica	0.898899334178
brazil	haiti	0.926644006465
brazil	dominican_republic	0.895871517796
brazil	puerto_rico	0.952846921639
brazil	united_states_virgin_islands	0.535347058929
brazil	saint_kitts_nevis	0.199813827357
brazil	antigua_barbuda	0.540756425677
brazil	guadeloupe	0.809569528434
brazil	dominica	0.650753268408
brazil	martinique	0.869582540819
brazil	saint_lucia	0.943525642977
brazil	saint_vincent_grenadines	0.720202822603
brazil	barbados	0.981560404454
brazil	grenada	0.897331296021
brazil	trinidad_tobago	0.968913133274
brazil	curacao	0.643752662414
brazil	aruba	0.546931805296
brazil	french_guiana	0.893181224069
brazil	suriname	0.961076158942
brazil	guyana	0.791691498127
brazil	venezuela	0.876832171102
brazil	colombia	0.613870504386
brazil	ecuador	0.55923784291
brazil	peru	0.399651442696
brazil	bolivia	0.380692735446
brazil	paraguay	0.957577587256
brazil	uruguay	0.0497532079307
brazil	argentina	0.370594756244
brazil	chile	0.0
paraguay	canada	0.0
paraguay	united_states	0.208427240631
paraguay	bermuda	0.0997563110907
paraguay	mexico	0.306216470124
paraguay	belize	0.804038059215
paraguay	guatemala	0.450046876928
paraguay	honduras	0.863965033278
paraguay	el_salvador	0.950706376279
paraguay	nicaragua	0.892162151455
paraguay	costa_rica	0.864093419316
paraguay	panama	0.921726049343
paraguay	bahamas	0.83971909095
paraguay	cuba	0.878205230078
paraguay	turks_caicos_islands	0.1217979408
paraguay	cayman_islands	0.305684872765
paraguay	jamaica	0.898899334178
paraguay	haiti	0.926644006465
paraguay	dominican_republic	0.895871517796
paraguay	puerto_rico	0.952846921639
paraguay	united_states_virgin_islands	0.535347058929
paraguay	saint_kitts_nevis	0.199813827357
paraguay	antigua_barbuda	0.540756425677
paraguay	guadeloupe	0.809569528434
paraguay	dominica	0.650753268408
paraguay	martinique	0.869582540819
paraguay	saint_lucia	0.943525642977
paraguay	saint_vincent_grenadines	0.720202822603
paraguay	barbados	0.981560404454
paraguay	grenada	0.897331296021
paraguay	trinidad_tobago	0.968913133274
paraguay	curacao	0.643752662414
paraguay	aruba	0.546931805296
paraguay	french_guiana	0.893181224069
paraguay	suriname	0.961076158942
paraguay	guyana	0.791691498127
paraguay	venezuela	0.876832171102
paraguay	colombia	0.613870504386
paraguay	ecuador	0.55923784291
paraguay	peru	0.399651442696
paraguay	bolivia	0.380692735446
paraguay	brazil	0.649572731578
paraguay	uruguay	0.0497532079307
paraguay	argentina	0.370594756244
paraguay	chile	0.0
uruguay	canada	0.0
uruguay	united_states	0.208427240631
uruguay	bermuda	0.0997563110907
uruguay	mexico	0.306216470124
uruguay	belize	0.804038059215
uruguay	guatemala	0.450046876928
uruguay	honduras	0.863965033278
uruguay	el_salvador	0.950706376279
uruguay	nicaragua	0.892162151455
uruguay	costa_rica	0.864093419316
uruguay	panama	0.921726049343
uruguay	bahamas	0.83971909095
uruguay	cuba	0.878205230078
uruguay	turks_caicos_islands	0.1217979408
uruguay	cayman_islands	0.305684872765
uruguay	jamaica	0.898899334178
uruguay	haiti	0.926644006465
uruguay	dominican_republic	0.895871517796
uruguay	puerto_rico	0.952846921639
uruguay	united_states_virgin_islands	0.535347058929
uruguay	saint_kitts_nevis	0.199813827357
uruguay	antigua_barbuda	0.540756425677
uruguay	guadeloupe	0.809569528434
uruguay	dominica	0.650753268408
uruguay	martinique	0.869582540819
uruguay	saint_lucia	0.943525642977
uruguay	saint_vincent_grenadines	0.720202822603
uruguay	barbados	0.981560404454
uruguay	grenada	0.897331296021
uruguay	trinidad_tobago	0.968913133274
uruguay	curacao	0.643752662414
uruguay	aruba	0.546931805296
uruguay	french_guiana	0.893181224069
uruguay	suriname	0.961076158942
uruguay	guyana	0.791691498127
uruguay	venezuela	0.876832171102
uruguay	colombia	0.613870504386
uruguay	ecuador	0.55923784291
uruguay	peru	0.399651442696
uruguay	bolivia	0.380692735446
uruguay	brazil	0.649572731578
uruguay	paraguay	0.957577587256
uruguay	argentina	0.370594756244
uruguay	chile	0.0
argentina	canada	0.0
argentina	united_states	0.208427240631
argentina	bermuda	0.0997563110907
argentina	mexico	0.306216470124
argentina	belize	0.804038059215
argentina	guatemala	0.450046876928
argentina	honduras	0.863965033278
argentina	el_salvador	0.950706376279
argentina	nicaragua	0.892162151455
argentina	costa_rica	0.864093419316
argentina	panama	0.921726049343
argentina	bahamas	0.83971909095
argentina	cuba	0.878205230078
argentina	turks_caicos_islands	0.1217979408
argentina	cayman_islands	0.305684872765
argentina	jamaica	0.898899334178
argentina	haiti	0.926644006465
argentina	dominican_republic	0.895871517796
argentina	puerto_rico	0.952846921639
argentina	united_states_virgin_islands	0.535347058929
argentina	saint_kitts_nevis	0.199813827357
argentina	antigua_barbuda	0.540756425677
argentina	guadeloupe	0.809569528434
argentina	dominica	0.650753268408
argentina	martinique	0.869582540819
argentina	saint_lucia	0.943525642977
argentina	saint_vincent_grenadines	0.720202822603
argentina	barbados	0.981560404454
argentina	grenada	0.897331296021
argentina	trinidad_tobago	0.968913133274
argentina	curacao	0.643752662414
argentina	aruba	0.546931805296
argentina	french_guiana	0.893181224069
argentina	suriname	0.961076158942
argentina	guyana	0.791691498127
argentina	venezuela	0.876832171102
argentina	colombia	0.613870504386
argentina	ecuador	0.55923784291
argentina	peru	0.399651442696
argentina	bolivia	0.380692735446
argentina	brazil	0.649572731578
argentina	paraguay	0.957577587256
argentina	uruguay	0.0497532079307
argentina	chile	0.0
chile	canada	0.0
chile	united_states	0.208427240631
chile	bermuda	0.0997563110907
chile	mexico	0.306216470124
chile	belize	0.804038059215
chile	guatemala	0.450046876928
chile	honduras	0.863965033278
chile	el_salvador	0.950706376279
chile	nicaragua	0.892162151455
chile	costa_rica	0.864093419316
chile	panama	0.921726049343
chile	bahamas	0.83971909095
chile	cuba	0.878205230078
chile	turks_caicos_islands	0.1217979408
chile	cayman_islands	0.305684872765
chile	jamaica	0.898899334178
chile	haiti	0.926644006465
chile	dominican_republic	0.895871517796
chile	puerto_rico	0.952846921639
chile	united_states_virgin_islands	0.535347058929
chile	saint_kitts_nevis	0.199813827357
chile	antigua_barbuda	0.540756425677
chile	guadeloupe	0.809569528434
chile	dominica	0.650753268408
chile	martinique	0.869582540819
chile	saint_lucia	0.943525642977
chile	saint_vincent_grenadines	0.720202822603
chile	barbados	0.981560404454
chile	grenada	0.897331296021
chile	trinidad_tobago	0.968913133274
chile	curacao	0.643752662414
chile	aruba	0.546931805296
chile	french_guiana	0.893181224069
chile	suriname	0.961076158942
chile	guyana	0.791691498127
chile	venezuela	0.876832171102
chile	colombia	0.613870504386
chile	ecuador	0.55923784291
chile	peru	0.399651442696
chile	bolivia	0.380692735446
chile	brazil	0.649572731578
chile	paraguay	0.957577587256
chile	uruguay	0.0497532079307
chile	argentina	0.370594756244
