origin	destination	destination_population_size
canada	united_states	326625791.0
canada	bermuda	70864.0
canada	mexico	124574795.0
canada	belize	360346.0
canada	guatemala	15460732.0
canada	honduras	9038741.0
canada	el_salvador	6172011.0
canada	nicaragua	6025951.0
canada	costa_rica	4930258.0
canada	panama	3753142.0
canada	bahamas	329988.0
canada	cuba	11147407.0
canada	turks_caicos_islands	52570.0
canada	cayman_islands	58441.0
canada	jamaica	2990561.0
canada	haiti	10646714.0
canada	dominican_republic	10734247.0
canada	puerto_rico	3351827.0
canada	united_states_virgin_islands	107268.0
canada	saint_kitts_nevis	52715.0
canada	antigua_barbuda	94731.0
canada	guadeloupe	402119.0
canada	dominica	73897.0
canada	martinique	385551.0
canada	saint_lucia	164994.0
canada	saint_vincent_grenadines	102089.0
canada	barbados	292336.0
canada	grenada	111724.0
canada	trinidad_tobago	1218208.0
canada	curacao	149648.0
canada	aruba	115120.0
canada	french_guiana	252338.0
canada	suriname	591919.0
canada	guyana	737718.0
canada	venezuela	31304016.0
canada	colombia	47698524.0
canada	ecuador	16290913.0
canada	peru	31036656.0
canada	bolivia	11138234.0
canada	brazil	207353391.0
canada	paraguay	6943739.0
canada	uruguay	3360148.0
canada	argentina	44293293.0
canada	chile	17789267.0
united_states	canada	35623680.0
united_states	bermuda	70864.0
united_states	mexico	124574795.0
united_states	belize	360346.0
united_states	guatemala	15460732.0
united_states	honduras	9038741.0
united_states	el_salvador	6172011.0
united_states	nicaragua	6025951.0
united_states	costa_rica	4930258.0
united_states	panama	3753142.0
united_states	bahamas	329988.0
united_states	cuba	11147407.0
united_states	turks_caicos_islands	52570.0
united_states	cayman_islands	58441.0
united_states	jamaica	2990561.0
united_states	haiti	10646714.0
united_states	dominican_republic	10734247.0
united_states	puerto_rico	3351827.0
united_states	united_states_virgin_islands	107268.0
united_states	saint_kitts_nevis	52715.0
united_states	antigua_barbuda	94731.0
united_states	guadeloupe	402119.0
united_states	dominica	73897.0
united_states	martinique	385551.0
united_states	saint_lucia	164994.0
united_states	saint_vincent_grenadines	102089.0
united_states	barbados	292336.0
united_states	grenada	111724.0
united_states	trinidad_tobago	1218208.0
united_states	curacao	149648.0
united_states	aruba	115120.0
united_states	french_guiana	252338.0
united_states	suriname	591919.0
united_states	guyana	737718.0
united_states	venezuela	31304016.0
united_states	colombia	47698524.0
united_states	ecuador	16290913.0
united_states	peru	31036656.0
united_states	bolivia	11138234.0
united_states	brazil	207353391.0
united_states	paraguay	6943739.0
united_states	uruguay	3360148.0
united_states	argentina	44293293.0
united_states	chile	17789267.0
bermuda	canada	35623680.0
bermuda	united_states	326625791.0
bermuda	mexico	124574795.0
bermuda	belize	360346.0
bermuda	guatemala	15460732.0
bermuda	honduras	9038741.0
bermuda	el_salvador	6172011.0
bermuda	nicaragua	6025951.0
bermuda	costa_rica	4930258.0
bermuda	panama	3753142.0
bermuda	bahamas	329988.0
bermuda	cuba	11147407.0
bermuda	turks_caicos_islands	52570.0
bermuda	cayman_islands	58441.0
bermuda	jamaica	2990561.0
bermuda	haiti	10646714.0
bermuda	dominican_republic	10734247.0
bermuda	puerto_rico	3351827.0
bermuda	united_states_virgin_islands	107268.0
bermuda	saint_kitts_nevis	52715.0
bermuda	antigua_barbuda	94731.0
bermuda	guadeloupe	402119.0
bermuda	dominica	73897.0
bermuda	martinique	385551.0
bermuda	saint_lucia	164994.0
bermuda	saint_vincent_grenadines	102089.0
bermuda	barbados	292336.0
bermuda	grenada	111724.0
bermuda	trinidad_tobago	1218208.0
bermuda	curacao	149648.0
bermuda	aruba	115120.0
bermuda	french_guiana	252338.0
bermuda	suriname	591919.0
bermuda	guyana	737718.0
bermuda	venezuela	31304016.0
bermuda	colombia	47698524.0
bermuda	ecuador	16290913.0
bermuda	peru	31036656.0
bermuda	bolivia	11138234.0
bermuda	brazil	207353391.0
bermuda	paraguay	6943739.0
bermuda	uruguay	3360148.0
bermuda	argentina	44293293.0
bermuda	chile	17789267.0
mexico	canada	35623680.0
mexico	united_states	326625791.0
mexico	bermuda	70864.0
mexico	belize	360346.0
mexico	guatemala	15460732.0
mexico	honduras	9038741.0
mexico	el_salvador	6172011.0
mexico	nicaragua	6025951.0
mexico	costa_rica	4930258.0
mexico	panama	3753142.0
mexico	bahamas	329988.0
mexico	cuba	11147407.0
mexico	turks_caicos_islands	52570.0
mexico	cayman_islands	58441.0
mexico	jamaica	2990561.0
mexico	haiti	10646714.0
mexico	dominican_republic	10734247.0
mexico	puerto_rico	3351827.0
mexico	united_states_virgin_islands	107268.0
mexico	saint_kitts_nevis	52715.0
mexico	antigua_barbuda	94731.0
mexico	guadeloupe	402119.0
mexico	dominica	73897.0
mexico	martinique	385551.0
mexico	saint_lucia	164994.0
mexico	saint_vincent_grenadines	102089.0
mexico	barbados	292336.0
mexico	grenada	111724.0
mexico	trinidad_tobago	1218208.0
mexico	curacao	149648.0
mexico	aruba	115120.0
mexico	french_guiana	252338.0
mexico	suriname	591919.0
mexico	guyana	737718.0
mexico	venezuela	31304016.0
mexico	colombia	47698524.0
mexico	ecuador	16290913.0
mexico	peru	31036656.0
mexico	bolivia	11138234.0
mexico	brazil	207353391.0
mexico	paraguay	6943739.0
mexico	uruguay	3360148.0
mexico	argentina	44293293.0
mexico	chile	17789267.0
belize	canada	35623680.0
belize	united_states	326625791.0
belize	bermuda	70864.0
belize	mexico	124574795.0
belize	guatemala	15460732.0
belize	honduras	9038741.0
belize	el_salvador	6172011.0
belize	nicaragua	6025951.0
belize	costa_rica	4930258.0
belize	panama	3753142.0
belize	bahamas	329988.0
belize	cuba	11147407.0
belize	turks_caicos_islands	52570.0
belize	cayman_islands	58441.0
belize	jamaica	2990561.0
belize	haiti	10646714.0
belize	dominican_republic	10734247.0
belize	puerto_rico	3351827.0
belize	united_states_virgin_islands	107268.0
belize	saint_kitts_nevis	52715.0
belize	antigua_barbuda	94731.0
belize	guadeloupe	402119.0
belize	dominica	73897.0
belize	martinique	385551.0
belize	saint_lucia	164994.0
belize	saint_vincent_grenadines	102089.0
belize	barbados	292336.0
belize	grenada	111724.0
belize	trinidad_tobago	1218208.0
belize	curacao	149648.0
belize	aruba	115120.0
belize	french_guiana	252338.0
belize	suriname	591919.0
belize	guyana	737718.0
belize	venezuela	31304016.0
belize	colombia	47698524.0
belize	ecuador	16290913.0
belize	peru	31036656.0
belize	bolivia	11138234.0
belize	brazil	207353391.0
belize	paraguay	6943739.0
belize	uruguay	3360148.0
belize	argentina	44293293.0
belize	chile	17789267.0
guatemala	canada	35623680.0
guatemala	united_states	326625791.0
guatemala	bermuda	70864.0
guatemala	mexico	124574795.0
guatemala	belize	360346.0
guatemala	honduras	9038741.0
guatemala	el_salvador	6172011.0
guatemala	nicaragua	6025951.0
guatemala	costa_rica	4930258.0
guatemala	panama	3753142.0
guatemala	bahamas	329988.0
guatemala	cuba	11147407.0
guatemala	turks_caicos_islands	52570.0
guatemala	cayman_islands	58441.0
guatemala	jamaica	2990561.0
guatemala	haiti	10646714.0
guatemala	dominican_republic	10734247.0
guatemala	puerto_rico	3351827.0
guatemala	united_states_virgin_islands	107268.0
guatemala	saint_kitts_nevis	52715.0
guatemala	antigua_barbuda	94731.0
guatemala	guadeloupe	402119.0
guatemala	dominica	73897.0
guatemala	martinique	385551.0
guatemala	saint_lucia	164994.0
guatemala	saint_vincent_grenadines	102089.0
guatemala	barbados	292336.0
guatemala	grenada	111724.0
guatemala	trinidad_tobago	1218208.0
guatemala	curacao	149648.0
guatemala	aruba	115120.0
guatemala	french_guiana	252338.0
guatemala	suriname	591919.0
guatemala	guyana	737718.0
guatemala	venezuela	31304016.0
guatemala	colombia	47698524.0
guatemala	ecuador	16290913.0
guatemala	peru	31036656.0
guatemala	bolivia	11138234.0
guatemala	brazil	207353391.0
guatemala	paraguay	6943739.0
guatemala	uruguay	3360148.0
guatemala	argentina	44293293.0
guatemala	chile	17789267.0
honduras	canada	35623680.0
honduras	united_states	326625791.0
honduras	bermuda	70864.0
honduras	mexico	124574795.0
honduras	belize	360346.0
honduras	guatemala	15460732.0
honduras	el_salvador	6172011.0
honduras	nicaragua	6025951.0
honduras	costa_rica	4930258.0
honduras	panama	3753142.0
honduras	bahamas	329988.0
honduras	cuba	11147407.0
honduras	turks_caicos_islands	52570.0
honduras	cayman_islands	58441.0
honduras	jamaica	2990561.0
honduras	haiti	10646714.0
honduras	dominican_republic	10734247.0
honduras	puerto_rico	3351827.0
honduras	united_states_virgin_islands	107268.0
honduras	saint_kitts_nevis	52715.0
honduras	antigua_barbuda	94731.0
honduras	guadeloupe	402119.0
honduras	dominica	73897.0
honduras	martinique	385551.0
honduras	saint_lucia	164994.0
honduras	saint_vincent_grenadines	102089.0
honduras	barbados	292336.0
honduras	grenada	111724.0
honduras	trinidad_tobago	1218208.0
honduras	curacao	149648.0
honduras	aruba	115120.0
honduras	french_guiana	252338.0
honduras	suriname	591919.0
honduras	guyana	737718.0
honduras	venezuela	31304016.0
honduras	colombia	47698524.0
honduras	ecuador	16290913.0
honduras	peru	31036656.0
honduras	bolivia	11138234.0
honduras	brazil	207353391.0
honduras	paraguay	6943739.0
honduras	uruguay	3360148.0
honduras	argentina	44293293.0
honduras	chile	17789267.0
el_salvador	canada	35623680.0
el_salvador	united_states	326625791.0
el_salvador	bermuda	70864.0
el_salvador	mexico	124574795.0
el_salvador	belize	360346.0
el_salvador	guatemala	15460732.0
el_salvador	honduras	9038741.0
el_salvador	nicaragua	6025951.0
el_salvador	costa_rica	4930258.0
el_salvador	panama	3753142.0
el_salvador	bahamas	329988.0
el_salvador	cuba	11147407.0
el_salvador	turks_caicos_islands	52570.0
el_salvador	cayman_islands	58441.0
el_salvador	jamaica	2990561.0
el_salvador	haiti	10646714.0
el_salvador	dominican_republic	10734247.0
el_salvador	puerto_rico	3351827.0
el_salvador	united_states_virgin_islands	107268.0
el_salvador	saint_kitts_nevis	52715.0
el_salvador	antigua_barbuda	94731.0
el_salvador	guadeloupe	402119.0
el_salvador	dominica	73897.0
el_salvador	martinique	385551.0
el_salvador	saint_lucia	164994.0
el_salvador	saint_vincent_grenadines	102089.0
el_salvador	barbados	292336.0
el_salvador	grenada	111724.0
el_salvador	trinidad_tobago	1218208.0
el_salvador	curacao	149648.0
el_salvador	aruba	115120.0
el_salvador	french_guiana	252338.0
el_salvador	suriname	591919.0
el_salvador	guyana	737718.0
el_salvador	venezuela	31304016.0
el_salvador	colombia	47698524.0
el_salvador	ecuador	16290913.0
el_salvador	peru	31036656.0
el_salvador	bolivia	11138234.0
el_salvador	brazil	207353391.0
el_salvador	paraguay	6943739.0
el_salvador	uruguay	3360148.0
el_salvador	argentina	44293293.0
el_salvador	chile	17789267.0
nicaragua	canada	35623680.0
nicaragua	united_states	326625791.0
nicaragua	bermuda	70864.0
nicaragua	mexico	124574795.0
nicaragua	belize	360346.0
nicaragua	guatemala	15460732.0
nicaragua	honduras	9038741.0
nicaragua	el_salvador	6172011.0
nicaragua	costa_rica	4930258.0
nicaragua	panama	3753142.0
nicaragua	bahamas	329988.0
nicaragua	cuba	11147407.0
nicaragua	turks_caicos_islands	52570.0
nicaragua	cayman_islands	58441.0
nicaragua	jamaica	2990561.0
nicaragua	haiti	10646714.0
nicaragua	dominican_republic	10734247.0
nicaragua	puerto_rico	3351827.0
nicaragua	united_states_virgin_islands	107268.0
nicaragua	saint_kitts_nevis	52715.0
nicaragua	antigua_barbuda	94731.0
nicaragua	guadeloupe	402119.0
nicaragua	dominica	73897.0
nicaragua	martinique	385551.0
nicaragua	saint_lucia	164994.0
nicaragua	saint_vincent_grenadines	102089.0
nicaragua	barbados	292336.0
nicaragua	grenada	111724.0
nicaragua	trinidad_tobago	1218208.0
nicaragua	curacao	149648.0
nicaragua	aruba	115120.0
nicaragua	french_guiana	252338.0
nicaragua	suriname	591919.0
nicaragua	guyana	737718.0
nicaragua	venezuela	31304016.0
nicaragua	colombia	47698524.0
nicaragua	ecuador	16290913.0
nicaragua	peru	31036656.0
nicaragua	bolivia	11138234.0
nicaragua	brazil	207353391.0
nicaragua	paraguay	6943739.0
nicaragua	uruguay	3360148.0
nicaragua	argentina	44293293.0
nicaragua	chile	17789267.0
costa_rica	canada	35623680.0
costa_rica	united_states	326625791.0
costa_rica	bermuda	70864.0
costa_rica	mexico	124574795.0
costa_rica	belize	360346.0
costa_rica	guatemala	15460732.0
costa_rica	honduras	9038741.0
costa_rica	el_salvador	6172011.0
costa_rica	nicaragua	6025951.0
costa_rica	panama	3753142.0
costa_rica	bahamas	329988.0
costa_rica	cuba	11147407.0
costa_rica	turks_caicos_islands	52570.0
costa_rica	cayman_islands	58441.0
costa_rica	jamaica	2990561.0
costa_rica	haiti	10646714.0
costa_rica	dominican_republic	10734247.0
costa_rica	puerto_rico	3351827.0
costa_rica	united_states_virgin_islands	107268.0
costa_rica	saint_kitts_nevis	52715.0
costa_rica	antigua_barbuda	94731.0
costa_rica	guadeloupe	402119.0
costa_rica	dominica	73897.0
costa_rica	martinique	385551.0
costa_rica	saint_lucia	164994.0
costa_rica	saint_vincent_grenadines	102089.0
costa_rica	barbados	292336.0
costa_rica	grenada	111724.0
costa_rica	trinidad_tobago	1218208.0
costa_rica	curacao	149648.0
costa_rica	aruba	115120.0
costa_rica	french_guiana	252338.0
costa_rica	suriname	591919.0
costa_rica	guyana	737718.0
costa_rica	venezuela	31304016.0
costa_rica	colombia	47698524.0
costa_rica	ecuador	16290913.0
costa_rica	peru	31036656.0
costa_rica	bolivia	11138234.0
costa_rica	brazil	207353391.0
costa_rica	paraguay	6943739.0
costa_rica	uruguay	3360148.0
costa_rica	argentina	44293293.0
costa_rica	chile	17789267.0
panama	canada	35623680.0
panama	united_states	326625791.0
panama	bermuda	70864.0
panama	mexico	124574795.0
panama	belize	360346.0
panama	guatemala	15460732.0
panama	honduras	9038741.0
panama	el_salvador	6172011.0
panama	nicaragua	6025951.0
panama	costa_rica	4930258.0
panama	bahamas	329988.0
panama	cuba	11147407.0
panama	turks_caicos_islands	52570.0
panama	cayman_islands	58441.0
panama	jamaica	2990561.0
panama	haiti	10646714.0
panama	dominican_republic	10734247.0
panama	puerto_rico	3351827.0
panama	united_states_virgin_islands	107268.0
panama	saint_kitts_nevis	52715.0
panama	antigua_barbuda	94731.0
panama	guadeloupe	402119.0
panama	dominica	73897.0
panama	martinique	385551.0
panama	saint_lucia	164994.0
panama	saint_vincent_grenadines	102089.0
panama	barbados	292336.0
panama	grenada	111724.0
panama	trinidad_tobago	1218208.0
panama	curacao	149648.0
panama	aruba	115120.0
panama	french_guiana	252338.0
panama	suriname	591919.0
panama	guyana	737718.0
panama	venezuela	31304016.0
panama	colombia	47698524.0
panama	ecuador	16290913.0
panama	peru	31036656.0
panama	bolivia	11138234.0
panama	brazil	207353391.0
panama	paraguay	6943739.0
panama	uruguay	3360148.0
panama	argentina	44293293.0
panama	chile	17789267.0
bahamas	canada	35623680.0
bahamas	united_states	326625791.0
bahamas	bermuda	70864.0
bahamas	mexico	124574795.0
bahamas	belize	360346.0
bahamas	guatemala	15460732.0
bahamas	honduras	9038741.0
bahamas	el_salvador	6172011.0
bahamas	nicaragua	6025951.0
bahamas	costa_rica	4930258.0
bahamas	panama	3753142.0
bahamas	cuba	11147407.0
bahamas	turks_caicos_islands	52570.0
bahamas	cayman_islands	58441.0
bahamas	jamaica	2990561.0
bahamas	haiti	10646714.0
bahamas	dominican_republic	10734247.0
bahamas	puerto_rico	3351827.0
bahamas	united_states_virgin_islands	107268.0
bahamas	saint_kitts_nevis	52715.0
bahamas	antigua_barbuda	94731.0
bahamas	guadeloupe	402119.0
bahamas	dominica	73897.0
bahamas	martinique	385551.0
bahamas	saint_lucia	164994.0
bahamas	saint_vincent_grenadines	102089.0
bahamas	barbados	292336.0
bahamas	grenada	111724.0
bahamas	trinidad_tobago	1218208.0
bahamas	curacao	149648.0
bahamas	aruba	115120.0
bahamas	french_guiana	252338.0
bahamas	suriname	591919.0
bahamas	guyana	737718.0
bahamas	venezuela	31304016.0
bahamas	colombia	47698524.0
bahamas	ecuador	16290913.0
bahamas	peru	31036656.0
bahamas	bolivia	11138234.0
bahamas	brazil	207353391.0
bahamas	paraguay	6943739.0
bahamas	uruguay	3360148.0
bahamas	argentina	44293293.0
bahamas	chile	17789267.0
cuba	canada	35623680.0
cuba	united_states	326625791.0
cuba	bermuda	70864.0
cuba	mexico	124574795.0
cuba	belize	360346.0
cuba	guatemala	15460732.0
cuba	honduras	9038741.0
cuba	el_salvador	6172011.0
cuba	nicaragua	6025951.0
cuba	costa_rica	4930258.0
cuba	panama	3753142.0
cuba	bahamas	329988.0
cuba	turks_caicos_islands	52570.0
cuba	cayman_islands	58441.0
cuba	jamaica	2990561.0
cuba	haiti	10646714.0
cuba	dominican_republic	10734247.0
cuba	puerto_rico	3351827.0
cuba	united_states_virgin_islands	107268.0
cuba	saint_kitts_nevis	52715.0
cuba	antigua_barbuda	94731.0
cuba	guadeloupe	402119.0
cuba	dominica	73897.0
cuba	martinique	385551.0
cuba	saint_lucia	164994.0
cuba	saint_vincent_grenadines	102089.0
cuba	barbados	292336.0
cuba	grenada	111724.0
cuba	trinidad_tobago	1218208.0
cuba	curacao	149648.0
cuba	aruba	115120.0
cuba	french_guiana	252338.0
cuba	suriname	591919.0
cuba	guyana	737718.0
cuba	venezuela	31304016.0
cuba	colombia	47698524.0
cuba	ecuador	16290913.0
cuba	peru	31036656.0
cuba	bolivia	11138234.0
cuba	brazil	207353391.0
cuba	paraguay	6943739.0
cuba	uruguay	3360148.0
cuba	argentina	44293293.0
cuba	chile	17789267.0
turks_caicos_islands	canada	35623680.0
turks_caicos_islands	united_states	326625791.0
turks_caicos_islands	bermuda	70864.0
turks_caicos_islands	mexico	124574795.0
turks_caicos_islands	belize	360346.0
turks_caicos_islands	guatemala	15460732.0
turks_caicos_islands	honduras	9038741.0
turks_caicos_islands	el_salvador	6172011.0
turks_caicos_islands	nicaragua	6025951.0
turks_caicos_islands	costa_rica	4930258.0
turks_caicos_islands	panama	3753142.0
turks_caicos_islands	bahamas	329988.0
turks_caicos_islands	cuba	11147407.0
turks_caicos_islands	cayman_islands	58441.0
turks_caicos_islands	jamaica	2990561.0
turks_caicos_islands	haiti	10646714.0
turks_caicos_islands	dominican_republic	10734247.0
turks_caicos_islands	puerto_rico	3351827.0
turks_caicos_islands	united_states_virgin_islands	107268.0
turks_caicos_islands	saint_kitts_nevis	52715.0
turks_caicos_islands	antigua_barbuda	94731.0
turks_caicos_islands	guadeloupe	402119.0
turks_caicos_islands	dominica	73897.0
turks_caicos_islands	martinique	385551.0
turks_caicos_islands	saint_lucia	164994.0
turks_caicos_islands	saint_vincent_grenadines	102089.0
turks_caicos_islands	barbados	292336.0
turks_caicos_islands	grenada	111724.0
turks_caicos_islands	trinidad_tobago	1218208.0
turks_caicos_islands	curacao	149648.0
turks_caicos_islands	aruba	115120.0
turks_caicos_islands	french_guiana	252338.0
turks_caicos_islands	suriname	591919.0
turks_caicos_islands	guyana	737718.0
turks_caicos_islands	venezuela	31304016.0
turks_caicos_islands	colombia	47698524.0
turks_caicos_islands	ecuador	16290913.0
turks_caicos_islands	peru	31036656.0
turks_caicos_islands	bolivia	11138234.0
turks_caicos_islands	brazil	207353391.0
turks_caicos_islands	paraguay	6943739.0
turks_caicos_islands	uruguay	3360148.0
turks_caicos_islands	argentina	44293293.0
turks_caicos_islands	chile	17789267.0
cayman_islands	canada	35623680.0
cayman_islands	united_states	326625791.0
cayman_islands	bermuda	70864.0
cayman_islands	mexico	124574795.0
cayman_islands	belize	360346.0
cayman_islands	guatemala	15460732.0
cayman_islands	honduras	9038741.0
cayman_islands	el_salvador	6172011.0
cayman_islands	nicaragua	6025951.0
cayman_islands	costa_rica	4930258.0
cayman_islands	panama	3753142.0
cayman_islands	bahamas	329988.0
cayman_islands	cuba	11147407.0
cayman_islands	turks_caicos_islands	52570.0
cayman_islands	jamaica	2990561.0
cayman_islands	haiti	10646714.0
cayman_islands	dominican_republic	10734247.0
cayman_islands	puerto_rico	3351827.0
cayman_islands	united_states_virgin_islands	107268.0
cayman_islands	saint_kitts_nevis	52715.0
cayman_islands	antigua_barbuda	94731.0
cayman_islands	guadeloupe	402119.0
cayman_islands	dominica	73897.0
cayman_islands	martinique	385551.0
cayman_islands	saint_lucia	164994.0
cayman_islands	saint_vincent_grenadines	102089.0
cayman_islands	barbados	292336.0
cayman_islands	grenada	111724.0
cayman_islands	trinidad_tobago	1218208.0
cayman_islands	curacao	149648.0
cayman_islands	aruba	115120.0
cayman_islands	french_guiana	252338.0
cayman_islands	suriname	591919.0
cayman_islands	guyana	737718.0
cayman_islands	venezuela	31304016.0
cayman_islands	colombia	47698524.0
cayman_islands	ecuador	16290913.0
cayman_islands	peru	31036656.0
cayman_islands	bolivia	11138234.0
cayman_islands	brazil	207353391.0
cayman_islands	paraguay	6943739.0
cayman_islands	uruguay	3360148.0
cayman_islands	argentina	44293293.0
cayman_islands	chile	17789267.0
jamaica	canada	35623680.0
jamaica	united_states	326625791.0
jamaica	bermuda	70864.0
jamaica	mexico	124574795.0
jamaica	belize	360346.0
jamaica	guatemala	15460732.0
jamaica	honduras	9038741.0
jamaica	el_salvador	6172011.0
jamaica	nicaragua	6025951.0
jamaica	costa_rica	4930258.0
jamaica	panama	3753142.0
jamaica	bahamas	329988.0
jamaica	cuba	11147407.0
jamaica	turks_caicos_islands	52570.0
jamaica	cayman_islands	58441.0
jamaica	haiti	10646714.0
jamaica	dominican_republic	10734247.0
jamaica	puerto_rico	3351827.0
jamaica	united_states_virgin_islands	107268.0
jamaica	saint_kitts_nevis	52715.0
jamaica	antigua_barbuda	94731.0
jamaica	guadeloupe	402119.0
jamaica	dominica	73897.0
jamaica	martinique	385551.0
jamaica	saint_lucia	164994.0
jamaica	saint_vincent_grenadines	102089.0
jamaica	barbados	292336.0
jamaica	grenada	111724.0
jamaica	trinidad_tobago	1218208.0
jamaica	curacao	149648.0
jamaica	aruba	115120.0
jamaica	french_guiana	252338.0
jamaica	suriname	591919.0
jamaica	guyana	737718.0
jamaica	venezuela	31304016.0
jamaica	colombia	47698524.0
jamaica	ecuador	16290913.0
jamaica	peru	31036656.0
jamaica	bolivia	11138234.0
jamaica	brazil	207353391.0
jamaica	paraguay	6943739.0
jamaica	uruguay	3360148.0
jamaica	argentina	44293293.0
jamaica	chile	17789267.0
haiti	canada	35623680.0
haiti	united_states	326625791.0
haiti	bermuda	70864.0
haiti	mexico	124574795.0
haiti	belize	360346.0
haiti	guatemala	15460732.0
haiti	honduras	9038741.0
haiti	el_salvador	6172011.0
haiti	nicaragua	6025951.0
haiti	costa_rica	4930258.0
haiti	panama	3753142.0
haiti	bahamas	329988.0
haiti	cuba	11147407.0
haiti	turks_caicos_islands	52570.0
haiti	cayman_islands	58441.0
haiti	jamaica	2990561.0
haiti	dominican_republic	10734247.0
haiti	puerto_rico	3351827.0
haiti	united_states_virgin_islands	107268.0
haiti	saint_kitts_nevis	52715.0
haiti	antigua_barbuda	94731.0
haiti	guadeloupe	402119.0
haiti	dominica	73897.0
haiti	martinique	385551.0
haiti	saint_lucia	164994.0
haiti	saint_vincent_grenadines	102089.0
haiti	barbados	292336.0
haiti	grenada	111724.0
haiti	trinidad_tobago	1218208.0
haiti	curacao	149648.0
haiti	aruba	115120.0
haiti	french_guiana	252338.0
haiti	suriname	591919.0
haiti	guyana	737718.0
haiti	venezuela	31304016.0
haiti	colombia	47698524.0
haiti	ecuador	16290913.0
haiti	peru	31036656.0
haiti	bolivia	11138234.0
haiti	brazil	207353391.0
haiti	paraguay	6943739.0
haiti	uruguay	3360148.0
haiti	argentina	44293293.0
haiti	chile	17789267.0
dominican_republic	canada	35623680.0
dominican_republic	united_states	326625791.0
dominican_republic	bermuda	70864.0
dominican_republic	mexico	124574795.0
dominican_republic	belize	360346.0
dominican_republic	guatemala	15460732.0
dominican_republic	honduras	9038741.0
dominican_republic	el_salvador	6172011.0
dominican_republic	nicaragua	6025951.0
dominican_republic	costa_rica	4930258.0
dominican_republic	panama	3753142.0
dominican_republic	bahamas	329988.0
dominican_republic	cuba	11147407.0
dominican_republic	turks_caicos_islands	52570.0
dominican_republic	cayman_islands	58441.0
dominican_republic	jamaica	2990561.0
dominican_republic	haiti	10646714.0
dominican_republic	puerto_rico	3351827.0
dominican_republic	united_states_virgin_islands	107268.0
dominican_republic	saint_kitts_nevis	52715.0
dominican_republic	antigua_barbuda	94731.0
dominican_republic	guadeloupe	402119.0
dominican_republic	dominica	73897.0
dominican_republic	martinique	385551.0
dominican_republic	saint_lucia	164994.0
dominican_republic	saint_vincent_grenadines	102089.0
dominican_republic	barbados	292336.0
dominican_republic	grenada	111724.0
dominican_republic	trinidad_tobago	1218208.0
dominican_republic	curacao	149648.0
dominican_republic	aruba	115120.0
dominican_republic	french_guiana	252338.0
dominican_republic	suriname	591919.0
dominican_republic	guyana	737718.0
dominican_republic	venezuela	31304016.0
dominican_republic	colombia	47698524.0
dominican_republic	ecuador	16290913.0
dominican_republic	peru	31036656.0
dominican_republic	bolivia	11138234.0
dominican_republic	brazil	207353391.0
dominican_republic	paraguay	6943739.0
dominican_republic	uruguay	3360148.0
dominican_republic	argentina	44293293.0
dominican_republic	chile	17789267.0
puerto_rico	canada	35623680.0
puerto_rico	united_states	326625791.0
puerto_rico	bermuda	70864.0
puerto_rico	mexico	124574795.0
puerto_rico	belize	360346.0
puerto_rico	guatemala	15460732.0
puerto_rico	honduras	9038741.0
puerto_rico	el_salvador	6172011.0
puerto_rico	nicaragua	6025951.0
puerto_rico	costa_rica	4930258.0
puerto_rico	panama	3753142.0
puerto_rico	bahamas	329988.0
puerto_rico	cuba	11147407.0
puerto_rico	turks_caicos_islands	52570.0
puerto_rico	cayman_islands	58441.0
puerto_rico	jamaica	2990561.0
puerto_rico	haiti	10646714.0
puerto_rico	dominican_republic	10734247.0
puerto_rico	united_states_virgin_islands	107268.0
puerto_rico	saint_kitts_nevis	52715.0
puerto_rico	antigua_barbuda	94731.0
puerto_rico	guadeloupe	402119.0
puerto_rico	dominica	73897.0
puerto_rico	martinique	385551.0
puerto_rico	saint_lucia	164994.0
puerto_rico	saint_vincent_grenadines	102089.0
puerto_rico	barbados	292336.0
puerto_rico	grenada	111724.0
puerto_rico	trinidad_tobago	1218208.0
puerto_rico	curacao	149648.0
puerto_rico	aruba	115120.0
puerto_rico	french_guiana	252338.0
puerto_rico	suriname	591919.0
puerto_rico	guyana	737718.0
puerto_rico	venezuela	31304016.0
puerto_rico	colombia	47698524.0
puerto_rico	ecuador	16290913.0
puerto_rico	peru	31036656.0
puerto_rico	bolivia	11138234.0
puerto_rico	brazil	207353391.0
puerto_rico	paraguay	6943739.0
puerto_rico	uruguay	3360148.0
puerto_rico	argentina	44293293.0
puerto_rico	chile	17789267.0
united_states_virgin_islands	canada	35623680.0
united_states_virgin_islands	united_states	326625791.0
united_states_virgin_islands	bermuda	70864.0
united_states_virgin_islands	mexico	124574795.0
united_states_virgin_islands	belize	360346.0
united_states_virgin_islands	guatemala	15460732.0
united_states_virgin_islands	honduras	9038741.0
united_states_virgin_islands	el_salvador	6172011.0
united_states_virgin_islands	nicaragua	6025951.0
united_states_virgin_islands	costa_rica	4930258.0
united_states_virgin_islands	panama	3753142.0
united_states_virgin_islands	bahamas	329988.0
united_states_virgin_islands	cuba	11147407.0
united_states_virgin_islands	turks_caicos_islands	52570.0
united_states_virgin_islands	cayman_islands	58441.0
united_states_virgin_islands	jamaica	2990561.0
united_states_virgin_islands	haiti	10646714.0
united_states_virgin_islands	dominican_republic	10734247.0
united_states_virgin_islands	puerto_rico	3351827.0
united_states_virgin_islands	saint_kitts_nevis	52715.0
united_states_virgin_islands	antigua_barbuda	94731.0
united_states_virgin_islands	guadeloupe	402119.0
united_states_virgin_islands	dominica	73897.0
united_states_virgin_islands	martinique	385551.0
united_states_virgin_islands	saint_lucia	164994.0
united_states_virgin_islands	saint_vincent_grenadines	102089.0
united_states_virgin_islands	barbados	292336.0
united_states_virgin_islands	grenada	111724.0
united_states_virgin_islands	trinidad_tobago	1218208.0
united_states_virgin_islands	curacao	149648.0
united_states_virgin_islands	aruba	115120.0
united_states_virgin_islands	french_guiana	252338.0
united_states_virgin_islands	suriname	591919.0
united_states_virgin_islands	guyana	737718.0
united_states_virgin_islands	venezuela	31304016.0
united_states_virgin_islands	colombia	47698524.0
united_states_virgin_islands	ecuador	16290913.0
united_states_virgin_islands	peru	31036656.0
united_states_virgin_islands	bolivia	11138234.0
united_states_virgin_islands	brazil	207353391.0
united_states_virgin_islands	paraguay	6943739.0
united_states_virgin_islands	uruguay	3360148.0
united_states_virgin_islands	argentina	44293293.0
united_states_virgin_islands	chile	17789267.0
saint_kitts_nevis	canada	35623680.0
saint_kitts_nevis	united_states	326625791.0
saint_kitts_nevis	bermuda	70864.0
saint_kitts_nevis	mexico	124574795.0
saint_kitts_nevis	belize	360346.0
saint_kitts_nevis	guatemala	15460732.0
saint_kitts_nevis	honduras	9038741.0
saint_kitts_nevis	el_salvador	6172011.0
saint_kitts_nevis	nicaragua	6025951.0
saint_kitts_nevis	costa_rica	4930258.0
saint_kitts_nevis	panama	3753142.0
saint_kitts_nevis	bahamas	329988.0
saint_kitts_nevis	cuba	11147407.0
saint_kitts_nevis	turks_caicos_islands	52570.0
saint_kitts_nevis	cayman_islands	58441.0
saint_kitts_nevis	jamaica	2990561.0
saint_kitts_nevis	haiti	10646714.0
saint_kitts_nevis	dominican_republic	10734247.0
saint_kitts_nevis	puerto_rico	3351827.0
saint_kitts_nevis	united_states_virgin_islands	107268.0
saint_kitts_nevis	antigua_barbuda	94731.0
saint_kitts_nevis	guadeloupe	402119.0
saint_kitts_nevis	dominica	73897.0
saint_kitts_nevis	martinique	385551.0
saint_kitts_nevis	saint_lucia	164994.0
saint_kitts_nevis	saint_vincent_grenadines	102089.0
saint_kitts_nevis	barbados	292336.0
saint_kitts_nevis	grenada	111724.0
saint_kitts_nevis	trinidad_tobago	1218208.0
saint_kitts_nevis	curacao	149648.0
saint_kitts_nevis	aruba	115120.0
saint_kitts_nevis	french_guiana	252338.0
saint_kitts_nevis	suriname	591919.0
saint_kitts_nevis	guyana	737718.0
saint_kitts_nevis	venezuela	31304016.0
saint_kitts_nevis	colombia	47698524.0
saint_kitts_nevis	ecuador	16290913.0
saint_kitts_nevis	peru	31036656.0
saint_kitts_nevis	bolivia	11138234.0
saint_kitts_nevis	brazil	207353391.0
saint_kitts_nevis	paraguay	6943739.0
saint_kitts_nevis	uruguay	3360148.0
saint_kitts_nevis	argentina	44293293.0
saint_kitts_nevis	chile	17789267.0
antigua_barbuda	canada	35623680.0
antigua_barbuda	united_states	326625791.0
antigua_barbuda	bermuda	70864.0
antigua_barbuda	mexico	124574795.0
antigua_barbuda	belize	360346.0
antigua_barbuda	guatemala	15460732.0
antigua_barbuda	honduras	9038741.0
antigua_barbuda	el_salvador	6172011.0
antigua_barbuda	nicaragua	6025951.0
antigua_barbuda	costa_rica	4930258.0
antigua_barbuda	panama	3753142.0
antigua_barbuda	bahamas	329988.0
antigua_barbuda	cuba	11147407.0
antigua_barbuda	turks_caicos_islands	52570.0
antigua_barbuda	cayman_islands	58441.0
antigua_barbuda	jamaica	2990561.0
antigua_barbuda	haiti	10646714.0
antigua_barbuda	dominican_republic	10734247.0
antigua_barbuda	puerto_rico	3351827.0
antigua_barbuda	united_states_virgin_islands	107268.0
antigua_barbuda	saint_kitts_nevis	52715.0
antigua_barbuda	guadeloupe	402119.0
antigua_barbuda	dominica	73897.0
antigua_barbuda	martinique	385551.0
antigua_barbuda	saint_lucia	164994.0
antigua_barbuda	saint_vincent_grenadines	102089.0
antigua_barbuda	barbados	292336.0
antigua_barbuda	grenada	111724.0
antigua_barbuda	trinidad_tobago	1218208.0
antigua_barbuda	curacao	149648.0
antigua_barbuda	aruba	115120.0
antigua_barbuda	french_guiana	252338.0
antigua_barbuda	suriname	591919.0
antigua_barbuda	guyana	737718.0
antigua_barbuda	venezuela	31304016.0
antigua_barbuda	colombia	47698524.0
antigua_barbuda	ecuador	16290913.0
antigua_barbuda	peru	31036656.0
antigua_barbuda	bolivia	11138234.0
antigua_barbuda	brazil	207353391.0
antigua_barbuda	paraguay	6943739.0
antigua_barbuda	uruguay	3360148.0
antigua_barbuda	argentina	44293293.0
antigua_barbuda	chile	17789267.0
guadeloupe	canada	35623680.0
guadeloupe	united_states	326625791.0
guadeloupe	bermuda	70864.0
guadeloupe	mexico	124574795.0
guadeloupe	belize	360346.0
guadeloupe	guatemala	15460732.0
guadeloupe	honduras	9038741.0
guadeloupe	el_salvador	6172011.0
guadeloupe	nicaragua	6025951.0
guadeloupe	costa_rica	4930258.0
guadeloupe	panama	3753142.0
guadeloupe	bahamas	329988.0
guadeloupe	cuba	11147407.0
guadeloupe	turks_caicos_islands	52570.0
guadeloupe	cayman_islands	58441.0
guadeloupe	jamaica	2990561.0
guadeloupe	haiti	10646714.0
guadeloupe	dominican_republic	10734247.0
guadeloupe	puerto_rico	3351827.0
guadeloupe	united_states_virgin_islands	107268.0
guadeloupe	saint_kitts_nevis	52715.0
guadeloupe	antigua_barbuda	94731.0
guadeloupe	dominica	73897.0
guadeloupe	martinique	385551.0
guadeloupe	saint_lucia	164994.0
guadeloupe	saint_vincent_grenadines	102089.0
guadeloupe	barbados	292336.0
guadeloupe	grenada	111724.0
guadeloupe	trinidad_tobago	1218208.0
guadeloupe	curacao	149648.0
guadeloupe	aruba	115120.0
guadeloupe	french_guiana	252338.0
guadeloupe	suriname	591919.0
guadeloupe	guyana	737718.0
guadeloupe	venezuela	31304016.0
guadeloupe	colombia	47698524.0
guadeloupe	ecuador	16290913.0
guadeloupe	peru	31036656.0
guadeloupe	bolivia	11138234.0
guadeloupe	brazil	207353391.0
guadeloupe	paraguay	6943739.0
guadeloupe	uruguay	3360148.0
guadeloupe	argentina	44293293.0
guadeloupe	chile	17789267.0
dominica	canada	35623680.0
dominica	united_states	326625791.0
dominica	bermuda	70864.0
dominica	mexico	124574795.0
dominica	belize	360346.0
dominica	guatemala	15460732.0
dominica	honduras	9038741.0
dominica	el_salvador	6172011.0
dominica	nicaragua	6025951.0
dominica	costa_rica	4930258.0
dominica	panama	3753142.0
dominica	bahamas	329988.0
dominica	cuba	11147407.0
dominica	turks_caicos_islands	52570.0
dominica	cayman_islands	58441.0
dominica	jamaica	2990561.0
dominica	haiti	10646714.0
dominica	dominican_republic	10734247.0
dominica	puerto_rico	3351827.0
dominica	united_states_virgin_islands	107268.0
dominica	saint_kitts_nevis	52715.0
dominica	antigua_barbuda	94731.0
dominica	guadeloupe	402119.0
dominica	martinique	385551.0
dominica	saint_lucia	164994.0
dominica	saint_vincent_grenadines	102089.0
dominica	barbados	292336.0
dominica	grenada	111724.0
dominica	trinidad_tobago	1218208.0
dominica	curacao	149648.0
dominica	aruba	115120.0
dominica	french_guiana	252338.0
dominica	suriname	591919.0
dominica	guyana	737718.0
dominica	venezuela	31304016.0
dominica	colombia	47698524.0
dominica	ecuador	16290913.0
dominica	peru	31036656.0
dominica	bolivia	11138234.0
dominica	brazil	207353391.0
dominica	paraguay	6943739.0
dominica	uruguay	3360148.0
dominica	argentina	44293293.0
dominica	chile	17789267.0
martinique	canada	35623680.0
martinique	united_states	326625791.0
martinique	bermuda	70864.0
martinique	mexico	124574795.0
martinique	belize	360346.0
martinique	guatemala	15460732.0
martinique	honduras	9038741.0
martinique	el_salvador	6172011.0
martinique	nicaragua	6025951.0
martinique	costa_rica	4930258.0
martinique	panama	3753142.0
martinique	bahamas	329988.0
martinique	cuba	11147407.0
martinique	turks_caicos_islands	52570.0
martinique	cayman_islands	58441.0
martinique	jamaica	2990561.0
martinique	haiti	10646714.0
martinique	dominican_republic	10734247.0
martinique	puerto_rico	3351827.0
martinique	united_states_virgin_islands	107268.0
martinique	saint_kitts_nevis	52715.0
martinique	antigua_barbuda	94731.0
martinique	guadeloupe	402119.0
martinique	dominica	73897.0
martinique	saint_lucia	164994.0
martinique	saint_vincent_grenadines	102089.0
martinique	barbados	292336.0
martinique	grenada	111724.0
martinique	trinidad_tobago	1218208.0
martinique	curacao	149648.0
martinique	aruba	115120.0
martinique	french_guiana	252338.0
martinique	suriname	591919.0
martinique	guyana	737718.0
martinique	venezuela	31304016.0
martinique	colombia	47698524.0
martinique	ecuador	16290913.0
martinique	peru	31036656.0
martinique	bolivia	11138234.0
martinique	brazil	207353391.0
martinique	paraguay	6943739.0
martinique	uruguay	3360148.0
martinique	argentina	44293293.0
martinique	chile	17789267.0
saint_lucia	canada	35623680.0
saint_lucia	united_states	326625791.0
saint_lucia	bermuda	70864.0
saint_lucia	mexico	124574795.0
saint_lucia	belize	360346.0
saint_lucia	guatemala	15460732.0
saint_lucia	honduras	9038741.0
saint_lucia	el_salvador	6172011.0
saint_lucia	nicaragua	6025951.0
saint_lucia	costa_rica	4930258.0
saint_lucia	panama	3753142.0
saint_lucia	bahamas	329988.0
saint_lucia	cuba	11147407.0
saint_lucia	turks_caicos_islands	52570.0
saint_lucia	cayman_islands	58441.0
saint_lucia	jamaica	2990561.0
saint_lucia	haiti	10646714.0
saint_lucia	dominican_republic	10734247.0
saint_lucia	puerto_rico	3351827.0
saint_lucia	united_states_virgin_islands	107268.0
saint_lucia	saint_kitts_nevis	52715.0
saint_lucia	antigua_barbuda	94731.0
saint_lucia	guadeloupe	402119.0
saint_lucia	dominica	73897.0
saint_lucia	martinique	385551.0
saint_lucia	saint_vincent_grenadines	102089.0
saint_lucia	barbados	292336.0
saint_lucia	grenada	111724.0
saint_lucia	trinidad_tobago	1218208.0
saint_lucia	curacao	149648.0
saint_lucia	aruba	115120.0
saint_lucia	french_guiana	252338.0
saint_lucia	suriname	591919.0
saint_lucia	guyana	737718.0
saint_lucia	venezuela	31304016.0
saint_lucia	colombia	47698524.0
saint_lucia	ecuador	16290913.0
saint_lucia	peru	31036656.0
saint_lucia	bolivia	11138234.0
saint_lucia	brazil	207353391.0
saint_lucia	paraguay	6943739.0
saint_lucia	uruguay	3360148.0
saint_lucia	argentina	44293293.0
saint_lucia	chile	17789267.0
saint_vincent_grenadines	canada	35623680.0
saint_vincent_grenadines	united_states	326625791.0
saint_vincent_grenadines	bermuda	70864.0
saint_vincent_grenadines	mexico	124574795.0
saint_vincent_grenadines	belize	360346.0
saint_vincent_grenadines	guatemala	15460732.0
saint_vincent_grenadines	honduras	9038741.0
saint_vincent_grenadines	el_salvador	6172011.0
saint_vincent_grenadines	nicaragua	6025951.0
saint_vincent_grenadines	costa_rica	4930258.0
saint_vincent_grenadines	panama	3753142.0
saint_vincent_grenadines	bahamas	329988.0
saint_vincent_grenadines	cuba	11147407.0
saint_vincent_grenadines	turks_caicos_islands	52570.0
saint_vincent_grenadines	cayman_islands	58441.0
saint_vincent_grenadines	jamaica	2990561.0
saint_vincent_grenadines	haiti	10646714.0
saint_vincent_grenadines	dominican_republic	10734247.0
saint_vincent_grenadines	puerto_rico	3351827.0
saint_vincent_grenadines	united_states_virgin_islands	107268.0
saint_vincent_grenadines	saint_kitts_nevis	52715.0
saint_vincent_grenadines	antigua_barbuda	94731.0
saint_vincent_grenadines	guadeloupe	402119.0
saint_vincent_grenadines	dominica	73897.0
saint_vincent_grenadines	martinique	385551.0
saint_vincent_grenadines	saint_lucia	164994.0
saint_vincent_grenadines	barbados	292336.0
saint_vincent_grenadines	grenada	111724.0
saint_vincent_grenadines	trinidad_tobago	1218208.0
saint_vincent_grenadines	curacao	149648.0
saint_vincent_grenadines	aruba	115120.0
saint_vincent_grenadines	french_guiana	252338.0
saint_vincent_grenadines	suriname	591919.0
saint_vincent_grenadines	guyana	737718.0
saint_vincent_grenadines	venezuela	31304016.0
saint_vincent_grenadines	colombia	47698524.0
saint_vincent_grenadines	ecuador	16290913.0
saint_vincent_grenadines	peru	31036656.0
saint_vincent_grenadines	bolivia	11138234.0
saint_vincent_grenadines	brazil	207353391.0
saint_vincent_grenadines	paraguay	6943739.0
saint_vincent_grenadines	uruguay	3360148.0
saint_vincent_grenadines	argentina	44293293.0
saint_vincent_grenadines	chile	17789267.0
barbados	canada	35623680.0
barbados	united_states	326625791.0
barbados	bermuda	70864.0
barbados	mexico	124574795.0
barbados	belize	360346.0
barbados	guatemala	15460732.0
barbados	honduras	9038741.0
barbados	el_salvador	6172011.0
barbados	nicaragua	6025951.0
barbados	costa_rica	4930258.0
barbados	panama	3753142.0
barbados	bahamas	329988.0
barbados	cuba	11147407.0
barbados	turks_caicos_islands	52570.0
barbados	cayman_islands	58441.0
barbados	jamaica	2990561.0
barbados	haiti	10646714.0
barbados	dominican_republic	10734247.0
barbados	puerto_rico	3351827.0
barbados	united_states_virgin_islands	107268.0
barbados	saint_kitts_nevis	52715.0
barbados	antigua_barbuda	94731.0
barbados	guadeloupe	402119.0
barbados	dominica	73897.0
barbados	martinique	385551.0
barbados	saint_lucia	164994.0
barbados	saint_vincent_grenadines	102089.0
barbados	grenada	111724.0
barbados	trinidad_tobago	1218208.0
barbados	curacao	149648.0
barbados	aruba	115120.0
barbados	french_guiana	252338.0
barbados	suriname	591919.0
barbados	guyana	737718.0
barbados	venezuela	31304016.0
barbados	colombia	47698524.0
barbados	ecuador	16290913.0
barbados	peru	31036656.0
barbados	bolivia	11138234.0
barbados	brazil	207353391.0
barbados	paraguay	6943739.0
barbados	uruguay	3360148.0
barbados	argentina	44293293.0
barbados	chile	17789267.0
grenada	canada	35623680.0
grenada	united_states	326625791.0
grenada	bermuda	70864.0
grenada	mexico	124574795.0
grenada	belize	360346.0
grenada	guatemala	15460732.0
grenada	honduras	9038741.0
grenada	el_salvador	6172011.0
grenada	nicaragua	6025951.0
grenada	costa_rica	4930258.0
grenada	panama	3753142.0
grenada	bahamas	329988.0
grenada	cuba	11147407.0
grenada	turks_caicos_islands	52570.0
grenada	cayman_islands	58441.0
grenada	jamaica	2990561.0
grenada	haiti	10646714.0
grenada	dominican_republic	10734247.0
grenada	puerto_rico	3351827.0
grenada	united_states_virgin_islands	107268.0
grenada	saint_kitts_nevis	52715.0
grenada	antigua_barbuda	94731.0
grenada	guadeloupe	402119.0
grenada	dominica	73897.0
grenada	martinique	385551.0
grenada	saint_lucia	164994.0
grenada	saint_vincent_grenadines	102089.0
grenada	barbados	292336.0
grenada	trinidad_tobago	1218208.0
grenada	curacao	149648.0
grenada	aruba	115120.0
grenada	french_guiana	252338.0
grenada	suriname	591919.0
grenada	guyana	737718.0
grenada	venezuela	31304016.0
grenada	colombia	47698524.0
grenada	ecuador	16290913.0
grenada	peru	31036656.0
grenada	bolivia	11138234.0
grenada	brazil	207353391.0
grenada	paraguay	6943739.0
grenada	uruguay	3360148.0
grenada	argentina	44293293.0
grenada	chile	17789267.0
trinidad_tobago	canada	35623680.0
trinidad_tobago	united_states	326625791.0
trinidad_tobago	bermuda	70864.0
trinidad_tobago	mexico	124574795.0
trinidad_tobago	belize	360346.0
trinidad_tobago	guatemala	15460732.0
trinidad_tobago	honduras	9038741.0
trinidad_tobago	el_salvador	6172011.0
trinidad_tobago	nicaragua	6025951.0
trinidad_tobago	costa_rica	4930258.0
trinidad_tobago	panama	3753142.0
trinidad_tobago	bahamas	329988.0
trinidad_tobago	cuba	11147407.0
trinidad_tobago	turks_caicos_islands	52570.0
trinidad_tobago	cayman_islands	58441.0
trinidad_tobago	jamaica	2990561.0
trinidad_tobago	haiti	10646714.0
trinidad_tobago	dominican_republic	10734247.0
trinidad_tobago	puerto_rico	3351827.0
trinidad_tobago	united_states_virgin_islands	107268.0
trinidad_tobago	saint_kitts_nevis	52715.0
trinidad_tobago	antigua_barbuda	94731.0
trinidad_tobago	guadeloupe	402119.0
trinidad_tobago	dominica	73897.0
trinidad_tobago	martinique	385551.0
trinidad_tobago	saint_lucia	164994.0
trinidad_tobago	saint_vincent_grenadines	102089.0
trinidad_tobago	barbados	292336.0
trinidad_tobago	grenada	111724.0
trinidad_tobago	curacao	149648.0
trinidad_tobago	aruba	115120.0
trinidad_tobago	french_guiana	252338.0
trinidad_tobago	suriname	591919.0
trinidad_tobago	guyana	737718.0
trinidad_tobago	venezuela	31304016.0
trinidad_tobago	colombia	47698524.0
trinidad_tobago	ecuador	16290913.0
trinidad_tobago	peru	31036656.0
trinidad_tobago	bolivia	11138234.0
trinidad_tobago	brazil	207353391.0
trinidad_tobago	paraguay	6943739.0
trinidad_tobago	uruguay	3360148.0
trinidad_tobago	argentina	44293293.0
trinidad_tobago	chile	17789267.0
curacao	canada	35623680.0
curacao	united_states	326625791.0
curacao	bermuda	70864.0
curacao	mexico	124574795.0
curacao	belize	360346.0
curacao	guatemala	15460732.0
curacao	honduras	9038741.0
curacao	el_salvador	6172011.0
curacao	nicaragua	6025951.0
curacao	costa_rica	4930258.0
curacao	panama	3753142.0
curacao	bahamas	329988.0
curacao	cuba	11147407.0
curacao	turks_caicos_islands	52570.0
curacao	cayman_islands	58441.0
curacao	jamaica	2990561.0
curacao	haiti	10646714.0
curacao	dominican_republic	10734247.0
curacao	puerto_rico	3351827.0
curacao	united_states_virgin_islands	107268.0
curacao	saint_kitts_nevis	52715.0
curacao	antigua_barbuda	94731.0
curacao	guadeloupe	402119.0
curacao	dominica	73897.0
curacao	martinique	385551.0
curacao	saint_lucia	164994.0
curacao	saint_vincent_grenadines	102089.0
curacao	barbados	292336.0
curacao	grenada	111724.0
curacao	trinidad_tobago	1218208.0
curacao	aruba	115120.0
curacao	french_guiana	252338.0
curacao	suriname	591919.0
curacao	guyana	737718.0
curacao	venezuela	31304016.0
curacao	colombia	47698524.0
curacao	ecuador	16290913.0
curacao	peru	31036656.0
curacao	bolivia	11138234.0
curacao	brazil	207353391.0
curacao	paraguay	6943739.0
curacao	uruguay	3360148.0
curacao	argentina	44293293.0
curacao	chile	17789267.0
aruba	canada	35623680.0
aruba	united_states	326625791.0
aruba	bermuda	70864.0
aruba	mexico	124574795.0
aruba	belize	360346.0
aruba	guatemala	15460732.0
aruba	honduras	9038741.0
aruba	el_salvador	6172011.0
aruba	nicaragua	6025951.0
aruba	costa_rica	4930258.0
aruba	panama	3753142.0
aruba	bahamas	329988.0
aruba	cuba	11147407.0
aruba	turks_caicos_islands	52570.0
aruba	cayman_islands	58441.0
aruba	jamaica	2990561.0
aruba	haiti	10646714.0
aruba	dominican_republic	10734247.0
aruba	puerto_rico	3351827.0
aruba	united_states_virgin_islands	107268.0
aruba	saint_kitts_nevis	52715.0
aruba	antigua_barbuda	94731.0
aruba	guadeloupe	402119.0
aruba	dominica	73897.0
aruba	martinique	385551.0
aruba	saint_lucia	164994.0
aruba	saint_vincent_grenadines	102089.0
aruba	barbados	292336.0
aruba	grenada	111724.0
aruba	trinidad_tobago	1218208.0
aruba	curacao	149648.0
aruba	french_guiana	252338.0
aruba	suriname	591919.0
aruba	guyana	737718.0
aruba	venezuela	31304016.0
aruba	colombia	47698524.0
aruba	ecuador	16290913.0
aruba	peru	31036656.0
aruba	bolivia	11138234.0
aruba	brazil	207353391.0
aruba	paraguay	6943739.0
aruba	uruguay	3360148.0
aruba	argentina	44293293.0
aruba	chile	17789267.0
french_guiana	canada	35623680.0
french_guiana	united_states	326625791.0
french_guiana	bermuda	70864.0
french_guiana	mexico	124574795.0
french_guiana	belize	360346.0
french_guiana	guatemala	15460732.0
french_guiana	honduras	9038741.0
french_guiana	el_salvador	6172011.0
french_guiana	nicaragua	6025951.0
french_guiana	costa_rica	4930258.0
french_guiana	panama	3753142.0
french_guiana	bahamas	329988.0
french_guiana	cuba	11147407.0
french_guiana	turks_caicos_islands	52570.0
french_guiana	cayman_islands	58441.0
french_guiana	jamaica	2990561.0
french_guiana	haiti	10646714.0
french_guiana	dominican_republic	10734247.0
french_guiana	puerto_rico	3351827.0
french_guiana	united_states_virgin_islands	107268.0
french_guiana	saint_kitts_nevis	52715.0
french_guiana	antigua_barbuda	94731.0
french_guiana	guadeloupe	402119.0
french_guiana	dominica	73897.0
french_guiana	martinique	385551.0
french_guiana	saint_lucia	164994.0
french_guiana	saint_vincent_grenadines	102089.0
french_guiana	barbados	292336.0
french_guiana	grenada	111724.0
french_guiana	trinidad_tobago	1218208.0
french_guiana	curacao	149648.0
french_guiana	aruba	115120.0
french_guiana	suriname	591919.0
french_guiana	guyana	737718.0
french_guiana	venezuela	31304016.0
french_guiana	colombia	47698524.0
french_guiana	ecuador	16290913.0
french_guiana	peru	31036656.0
french_guiana	bolivia	11138234.0
french_guiana	brazil	207353391.0
french_guiana	paraguay	6943739.0
french_guiana	uruguay	3360148.0
french_guiana	argentina	44293293.0
french_guiana	chile	17789267.0
suriname	canada	35623680.0
suriname	united_states	326625791.0
suriname	bermuda	70864.0
suriname	mexico	124574795.0
suriname	belize	360346.0
suriname	guatemala	15460732.0
suriname	honduras	9038741.0
suriname	el_salvador	6172011.0
suriname	nicaragua	6025951.0
suriname	costa_rica	4930258.0
suriname	panama	3753142.0
suriname	bahamas	329988.0
suriname	cuba	11147407.0
suriname	turks_caicos_islands	52570.0
suriname	cayman_islands	58441.0
suriname	jamaica	2990561.0
suriname	haiti	10646714.0
suriname	dominican_republic	10734247.0
suriname	puerto_rico	3351827.0
suriname	united_states_virgin_islands	107268.0
suriname	saint_kitts_nevis	52715.0
suriname	antigua_barbuda	94731.0
suriname	guadeloupe	402119.0
suriname	dominica	73897.0
suriname	martinique	385551.0
suriname	saint_lucia	164994.0
suriname	saint_vincent_grenadines	102089.0
suriname	barbados	292336.0
suriname	grenada	111724.0
suriname	trinidad_tobago	1218208.0
suriname	curacao	149648.0
suriname	aruba	115120.0
suriname	french_guiana	252338.0
suriname	guyana	737718.0
suriname	venezuela	31304016.0
suriname	colombia	47698524.0
suriname	ecuador	16290913.0
suriname	peru	31036656.0
suriname	bolivia	11138234.0
suriname	brazil	207353391.0
suriname	paraguay	6943739.0
suriname	uruguay	3360148.0
suriname	argentina	44293293.0
suriname	chile	17789267.0
guyana	canada	35623680.0
guyana	united_states	326625791.0
guyana	bermuda	70864.0
guyana	mexico	124574795.0
guyana	belize	360346.0
guyana	guatemala	15460732.0
guyana	honduras	9038741.0
guyana	el_salvador	6172011.0
guyana	nicaragua	6025951.0
guyana	costa_rica	4930258.0
guyana	panama	3753142.0
guyana	bahamas	329988.0
guyana	cuba	11147407.0
guyana	turks_caicos_islands	52570.0
guyana	cayman_islands	58441.0
guyana	jamaica	2990561.0
guyana	haiti	10646714.0
guyana	dominican_republic	10734247.0
guyana	puerto_rico	3351827.0
guyana	united_states_virgin_islands	107268.0
guyana	saint_kitts_nevis	52715.0
guyana	antigua_barbuda	94731.0
guyana	guadeloupe	402119.0
guyana	dominica	73897.0
guyana	martinique	385551.0
guyana	saint_lucia	164994.0
guyana	saint_vincent_grenadines	102089.0
guyana	barbados	292336.0
guyana	grenada	111724.0
guyana	trinidad_tobago	1218208.0
guyana	curacao	149648.0
guyana	aruba	115120.0
guyana	french_guiana	252338.0
guyana	suriname	591919.0
guyana	venezuela	31304016.0
guyana	colombia	47698524.0
guyana	ecuador	16290913.0
guyana	peru	31036656.0
guyana	bolivia	11138234.0
guyana	brazil	207353391.0
guyana	paraguay	6943739.0
guyana	uruguay	3360148.0
guyana	argentina	44293293.0
guyana	chile	17789267.0
venezuela	canada	35623680.0
venezuela	united_states	326625791.0
venezuela	bermuda	70864.0
venezuela	mexico	124574795.0
venezuela	belize	360346.0
venezuela	guatemala	15460732.0
venezuela	honduras	9038741.0
venezuela	el_salvador	6172011.0
venezuela	nicaragua	6025951.0
venezuela	costa_rica	4930258.0
venezuela	panama	3753142.0
venezuela	bahamas	329988.0
venezuela	cuba	11147407.0
venezuela	turks_caicos_islands	52570.0
venezuela	cayman_islands	58441.0
venezuela	jamaica	2990561.0
venezuela	haiti	10646714.0
venezuela	dominican_republic	10734247.0
venezuela	puerto_rico	3351827.0
venezuela	united_states_virgin_islands	107268.0
venezuela	saint_kitts_nevis	52715.0
venezuela	antigua_barbuda	94731.0
venezuela	guadeloupe	402119.0
venezuela	dominica	73897.0
venezuela	martinique	385551.0
venezuela	saint_lucia	164994.0
venezuela	saint_vincent_grenadines	102089.0
venezuela	barbados	292336.0
venezuela	grenada	111724.0
venezuela	trinidad_tobago	1218208.0
venezuela	curacao	149648.0
venezuela	aruba	115120.0
venezuela	french_guiana	252338.0
venezuela	suriname	591919.0
venezuela	guyana	737718.0
venezuela	colombia	47698524.0
venezuela	ecuador	16290913.0
venezuela	peru	31036656.0
venezuela	bolivia	11138234.0
venezuela	brazil	207353391.0
venezuela	paraguay	6943739.0
venezuela	uruguay	3360148.0
venezuela	argentina	44293293.0
venezuela	chile	17789267.0
colombia	canada	35623680.0
colombia	united_states	326625791.0
colombia	bermuda	70864.0
colombia	mexico	124574795.0
colombia	belize	360346.0
colombia	guatemala	15460732.0
colombia	honduras	9038741.0
colombia	el_salvador	6172011.0
colombia	nicaragua	6025951.0
colombia	costa_rica	4930258.0
colombia	panama	3753142.0
colombia	bahamas	329988.0
colombia	cuba	11147407.0
colombia	turks_caicos_islands	52570.0
colombia	cayman_islands	58441.0
colombia	jamaica	2990561.0
colombia	haiti	10646714.0
colombia	dominican_republic	10734247.0
colombia	puerto_rico	3351827.0
colombia	united_states_virgin_islands	107268.0
colombia	saint_kitts_nevis	52715.0
colombia	antigua_barbuda	94731.0
colombia	guadeloupe	402119.0
colombia	dominica	73897.0
colombia	martinique	385551.0
colombia	saint_lucia	164994.0
colombia	saint_vincent_grenadines	102089.0
colombia	barbados	292336.0
colombia	grenada	111724.0
colombia	trinidad_tobago	1218208.0
colombia	curacao	149648.0
colombia	aruba	115120.0
colombia	french_guiana	252338.0
colombia	suriname	591919.0
colombia	guyana	737718.0
colombia	venezuela	31304016.0
colombia	ecuador	16290913.0
colombia	peru	31036656.0
colombia	bolivia	11138234.0
colombia	brazil	207353391.0
colombia	paraguay	6943739.0
colombia	uruguay	3360148.0
colombia	argentina	44293293.0
colombia	chile	17789267.0
ecuador	canada	35623680.0
ecuador	united_states	326625791.0
ecuador	bermuda	70864.0
ecuador	mexico	124574795.0
ecuador	belize	360346.0
ecuador	guatemala	15460732.0
ecuador	honduras	9038741.0
ecuador	el_salvador	6172011.0
ecuador	nicaragua	6025951.0
ecuador	costa_rica	4930258.0
ecuador	panama	3753142.0
ecuador	bahamas	329988.0
ecuador	cuba	11147407.0
ecuador	turks_caicos_islands	52570.0
ecuador	cayman_islands	58441.0
ecuador	jamaica	2990561.0
ecuador	haiti	10646714.0
ecuador	dominican_republic	10734247.0
ecuador	puerto_rico	3351827.0
ecuador	united_states_virgin_islands	107268.0
ecuador	saint_kitts_nevis	52715.0
ecuador	antigua_barbuda	94731.0
ecuador	guadeloupe	402119.0
ecuador	dominica	73897.0
ecuador	martinique	385551.0
ecuador	saint_lucia	164994.0
ecuador	saint_vincent_grenadines	102089.0
ecuador	barbados	292336.0
ecuador	grenada	111724.0
ecuador	trinidad_tobago	1218208.0
ecuador	curacao	149648.0
ecuador	aruba	115120.0
ecuador	french_guiana	252338.0
ecuador	suriname	591919.0
ecuador	guyana	737718.0
ecuador	venezuela	31304016.0
ecuador	colombia	47698524.0
ecuador	peru	31036656.0
ecuador	bolivia	11138234.0
ecuador	brazil	207353391.0
ecuador	paraguay	6943739.0
ecuador	uruguay	3360148.0
ecuador	argentina	44293293.0
ecuador	chile	17789267.0
peru	canada	35623680.0
peru	united_states	326625791.0
peru	bermuda	70864.0
peru	mexico	124574795.0
peru	belize	360346.0
peru	guatemala	15460732.0
peru	honduras	9038741.0
peru	el_salvador	6172011.0
peru	nicaragua	6025951.0
peru	costa_rica	4930258.0
peru	panama	3753142.0
peru	bahamas	329988.0
peru	cuba	11147407.0
peru	turks_caicos_islands	52570.0
peru	cayman_islands	58441.0
peru	jamaica	2990561.0
peru	haiti	10646714.0
peru	dominican_republic	10734247.0
peru	puerto_rico	3351827.0
peru	united_states_virgin_islands	107268.0
peru	saint_kitts_nevis	52715.0
peru	antigua_barbuda	94731.0
peru	guadeloupe	402119.0
peru	dominica	73897.0
peru	martinique	385551.0
peru	saint_lucia	164994.0
peru	saint_vincent_grenadines	102089.0
peru	barbados	292336.0
peru	grenada	111724.0
peru	trinidad_tobago	1218208.0
peru	curacao	149648.0
peru	aruba	115120.0
peru	french_guiana	252338.0
peru	suriname	591919.0
peru	guyana	737718.0
peru	venezuela	31304016.0
peru	colombia	47698524.0
peru	ecuador	16290913.0
peru	bolivia	11138234.0
peru	brazil	207353391.0
peru	paraguay	6943739.0
peru	uruguay	3360148.0
peru	argentina	44293293.0
peru	chile	17789267.0
bolivia	canada	35623680.0
bolivia	united_states	326625791.0
bolivia	bermuda	70864.0
bolivia	mexico	124574795.0
bolivia	belize	360346.0
bolivia	guatemala	15460732.0
bolivia	honduras	9038741.0
bolivia	el_salvador	6172011.0
bolivia	nicaragua	6025951.0
bolivia	costa_rica	4930258.0
bolivia	panama	3753142.0
bolivia	bahamas	329988.0
bolivia	cuba	11147407.0
bolivia	turks_caicos_islands	52570.0
bolivia	cayman_islands	58441.0
bolivia	jamaica	2990561.0
bolivia	haiti	10646714.0
bolivia	dominican_republic	10734247.0
bolivia	puerto_rico	3351827.0
bolivia	united_states_virgin_islands	107268.0
bolivia	saint_kitts_nevis	52715.0
bolivia	antigua_barbuda	94731.0
bolivia	guadeloupe	402119.0
bolivia	dominica	73897.0
bolivia	martinique	385551.0
bolivia	saint_lucia	164994.0
bolivia	saint_vincent_grenadines	102089.0
bolivia	barbados	292336.0
bolivia	grenada	111724.0
bolivia	trinidad_tobago	1218208.0
bolivia	curacao	149648.0
bolivia	aruba	115120.0
bolivia	french_guiana	252338.0
bolivia	suriname	591919.0
bolivia	guyana	737718.0
bolivia	venezuela	31304016.0
bolivia	colombia	47698524.0
bolivia	ecuador	16290913.0
bolivia	peru	31036656.0
bolivia	brazil	207353391.0
bolivia	paraguay	6943739.0
bolivia	uruguay	3360148.0
bolivia	argentina	44293293.0
bolivia	chile	17789267.0
brazil	canada	35623680.0
brazil	united_states	326625791.0
brazil	bermuda	70864.0
brazil	mexico	124574795.0
brazil	belize	360346.0
brazil	guatemala	15460732.0
brazil	honduras	9038741.0
brazil	el_salvador	6172011.0
brazil	nicaragua	6025951.0
brazil	costa_rica	4930258.0
brazil	panama	3753142.0
brazil	bahamas	329988.0
brazil	cuba	11147407.0
brazil	turks_caicos_islands	52570.0
brazil	cayman_islands	58441.0
brazil	jamaica	2990561.0
brazil	haiti	10646714.0
brazil	dominican_republic	10734247.0
brazil	puerto_rico	3351827.0
brazil	united_states_virgin_islands	107268.0
brazil	saint_kitts_nevis	52715.0
brazil	antigua_barbuda	94731.0
brazil	guadeloupe	402119.0
brazil	dominica	73897.0
brazil	martinique	385551.0
brazil	saint_lucia	164994.0
brazil	saint_vincent_grenadines	102089.0
brazil	barbados	292336.0
brazil	grenada	111724.0
brazil	trinidad_tobago	1218208.0
brazil	curacao	149648.0
brazil	aruba	115120.0
brazil	french_guiana	252338.0
brazil	suriname	591919.0
brazil	guyana	737718.0
brazil	venezuela	31304016.0
brazil	colombia	47698524.0
brazil	ecuador	16290913.0
brazil	peru	31036656.0
brazil	bolivia	11138234.0
brazil	paraguay	6943739.0
brazil	uruguay	3360148.0
brazil	argentina	44293293.0
brazil	chile	17789267.0
paraguay	canada	35623680.0
paraguay	united_states	326625791.0
paraguay	bermuda	70864.0
paraguay	mexico	124574795.0
paraguay	belize	360346.0
paraguay	guatemala	15460732.0
paraguay	honduras	9038741.0
paraguay	el_salvador	6172011.0
paraguay	nicaragua	6025951.0
paraguay	costa_rica	4930258.0
paraguay	panama	3753142.0
paraguay	bahamas	329988.0
paraguay	cuba	11147407.0
paraguay	turks_caicos_islands	52570.0
paraguay	cayman_islands	58441.0
paraguay	jamaica	2990561.0
paraguay	haiti	10646714.0
paraguay	dominican_republic	10734247.0
paraguay	puerto_rico	3351827.0
paraguay	united_states_virgin_islands	107268.0
paraguay	saint_kitts_nevis	52715.0
paraguay	antigua_barbuda	94731.0
paraguay	guadeloupe	402119.0
paraguay	dominica	73897.0
paraguay	martinique	385551.0
paraguay	saint_lucia	164994.0
paraguay	saint_vincent_grenadines	102089.0
paraguay	barbados	292336.0
paraguay	grenada	111724.0
paraguay	trinidad_tobago	1218208.0
paraguay	curacao	149648.0
paraguay	aruba	115120.0
paraguay	french_guiana	252338.0
paraguay	suriname	591919.0
paraguay	guyana	737718.0
paraguay	venezuela	31304016.0
paraguay	colombia	47698524.0
paraguay	ecuador	16290913.0
paraguay	peru	31036656.0
paraguay	bolivia	11138234.0
paraguay	brazil	207353391.0
paraguay	uruguay	3360148.0
paraguay	argentina	44293293.0
paraguay	chile	17789267.0
uruguay	canada	35623680.0
uruguay	united_states	326625791.0
uruguay	bermuda	70864.0
uruguay	mexico	124574795.0
uruguay	belize	360346.0
uruguay	guatemala	15460732.0
uruguay	honduras	9038741.0
uruguay	el_salvador	6172011.0
uruguay	nicaragua	6025951.0
uruguay	costa_rica	4930258.0
uruguay	panama	3753142.0
uruguay	bahamas	329988.0
uruguay	cuba	11147407.0
uruguay	turks_caicos_islands	52570.0
uruguay	cayman_islands	58441.0
uruguay	jamaica	2990561.0
uruguay	haiti	10646714.0
uruguay	dominican_republic	10734247.0
uruguay	puerto_rico	3351827.0
uruguay	united_states_virgin_islands	107268.0
uruguay	saint_kitts_nevis	52715.0
uruguay	antigua_barbuda	94731.0
uruguay	guadeloupe	402119.0
uruguay	dominica	73897.0
uruguay	martinique	385551.0
uruguay	saint_lucia	164994.0
uruguay	saint_vincent_grenadines	102089.0
uruguay	barbados	292336.0
uruguay	grenada	111724.0
uruguay	trinidad_tobago	1218208.0
uruguay	curacao	149648.0
uruguay	aruba	115120.0
uruguay	french_guiana	252338.0
uruguay	suriname	591919.0
uruguay	guyana	737718.0
uruguay	venezuela	31304016.0
uruguay	colombia	47698524.0
uruguay	ecuador	16290913.0
uruguay	peru	31036656.0
uruguay	bolivia	11138234.0
uruguay	brazil	207353391.0
uruguay	paraguay	6943739.0
uruguay	argentina	44293293.0
uruguay	chile	17789267.0
argentina	canada	35623680.0
argentina	united_states	326625791.0
argentina	bermuda	70864.0
argentina	mexico	124574795.0
argentina	belize	360346.0
argentina	guatemala	15460732.0
argentina	honduras	9038741.0
argentina	el_salvador	6172011.0
argentina	nicaragua	6025951.0
argentina	costa_rica	4930258.0
argentina	panama	3753142.0
argentina	bahamas	329988.0
argentina	cuba	11147407.0
argentina	turks_caicos_islands	52570.0
argentina	cayman_islands	58441.0
argentina	jamaica	2990561.0
argentina	haiti	10646714.0
argentina	dominican_republic	10734247.0
argentina	puerto_rico	3351827.0
argentina	united_states_virgin_islands	107268.0
argentina	saint_kitts_nevis	52715.0
argentina	antigua_barbuda	94731.0
argentina	guadeloupe	402119.0
argentina	dominica	73897.0
argentina	martinique	385551.0
argentina	saint_lucia	164994.0
argentina	saint_vincent_grenadines	102089.0
argentina	barbados	292336.0
argentina	grenada	111724.0
argentina	trinidad_tobago	1218208.0
argentina	curacao	149648.0
argentina	aruba	115120.0
argentina	french_guiana	252338.0
argentina	suriname	591919.0
argentina	guyana	737718.0
argentina	venezuela	31304016.0
argentina	colombia	47698524.0
argentina	ecuador	16290913.0
argentina	peru	31036656.0
argentina	bolivia	11138234.0
argentina	brazil	207353391.0
argentina	paraguay	6943739.0
argentina	uruguay	3360148.0
argentina	chile	17789267.0
chile	canada	35623680.0
chile	united_states	326625791.0
chile	bermuda	70864.0
chile	mexico	124574795.0
chile	belize	360346.0
chile	guatemala	15460732.0
chile	honduras	9038741.0
chile	el_salvador	6172011.0
chile	nicaragua	6025951.0
chile	costa_rica	4930258.0
chile	panama	3753142.0
chile	bahamas	329988.0
chile	cuba	11147407.0
chile	turks_caicos_islands	52570.0
chile	cayman_islands	58441.0
chile	jamaica	2990561.0
chile	haiti	10646714.0
chile	dominican_republic	10734247.0
chile	puerto_rico	3351827.0
chile	united_states_virgin_islands	107268.0
chile	saint_kitts_nevis	52715.0
chile	antigua_barbuda	94731.0
chile	guadeloupe	402119.0
chile	dominica	73897.0
chile	martinique	385551.0
chile	saint_lucia	164994.0
chile	saint_vincent_grenadines	102089.0
chile	barbados	292336.0
chile	grenada	111724.0
chile	trinidad_tobago	1218208.0
chile	curacao	149648.0
chile	aruba	115120.0
chile	french_guiana	252338.0
chile	suriname	591919.0
chile	guyana	737718.0
chile	venezuela	31304016.0
chile	colombia	47698524.0
chile	ecuador	16290913.0
chile	peru	31036656.0
chile	bolivia	11138234.0
chile	brazil	207353391.0
chile	paraguay	6943739.0
chile	uruguay	3360148.0
chile	argentina	44293293.0
