origin	destination	north_south_indicator
united_states	jamaica	1
united_states	honduras	1
united_states	colombia	1
united_states	mexico	1
united_states	saint_kitts_nevis	1
united_states	turks_caicos_islands	1
united_states	sint_maarten	1
united_states	saint_vincent_grenadines	1
united_states	paraguay	1
united_states	nicaragua	1
united_states	barbados	1
united_states	canada	-1
united_states	united_states_virgin_islands	1
united_states	curacao	1
united_states	bolivia	1
united_states	panama	1
united_states	uruguay	1
united_states	bahamas	1
united_states	bermuda	1
united_states	aruba	1
united_states	peru	1
united_states	costa_rica	1
united_states	anguilla	1
united_states	venezuela	1
united_states	french_guiana	1
united_states	cayman_islands	1
united_states	brazil	1
united_states	trinidad_tobago	1
united_states	dominican_republic	1
united_states	cuba	1
united_states	guatemala	1
united_states	chile	1
united_states	martinique	1
united_states	haiti	1
united_states	belize	1
united_states	argentina	1
united_states	dominica	1
united_states	suriname	1
united_states	saint_lucia	1
united_states	el_salvador	1
united_states	puerto_rico	1
united_states	british_virgin_islands	1
united_states	ecuador	1
united_states	guyana	1
united_states	grenada	1
united_states	guadeloupe	1
united_states	antigua_barbuda	1
jamaica	united_states	-1
jamaica	honduras	1
jamaica	colombia	1
jamaica	mexico	-1
jamaica	saint_kitts_nevis	1
jamaica	turks_caicos_islands	-1
jamaica	sint_maarten	1
jamaica	saint_vincent_grenadines	1
jamaica	paraguay	1
jamaica	nicaragua	1
jamaica	barbados	1
jamaica	canada	-1
jamaica	united_states_virgin_islands	-1
jamaica	curacao	1
jamaica	bolivia	1
jamaica	panama	1
jamaica	uruguay	1
jamaica	bahamas	-1
jamaica	bermuda	-1
jamaica	aruba	1
jamaica	peru	1
jamaica	costa_rica	1
jamaica	anguilla	-1
jamaica	venezuela	1
jamaica	french_guiana	1
jamaica	cayman_islands	-1
jamaica	brazil	1
jamaica	trinidad_tobago	1
jamaica	dominican_republic	-1
jamaica	cuba	-1
jamaica	guatemala	1
jamaica	chile	1
jamaica	martinique	1
jamaica	haiti	-1
jamaica	belize	1
jamaica	argentina	1
jamaica	dominica	1
jamaica	suriname	1
jamaica	saint_lucia	1
jamaica	el_salvador	1
jamaica	puerto_rico	-1
jamaica	british_virgin_islands	-1
jamaica	ecuador	1
jamaica	guyana	1
jamaica	grenada	1
jamaica	guadeloupe	1
jamaica	antigua_barbuda	1
honduras	united_states	-1
honduras	jamaica	-1
honduras	colombia	1
honduras	mexico	-1
honduras	saint_kitts_nevis	-1
honduras	turks_caicos_islands	-1
honduras	sint_maarten	-1
honduras	saint_vincent_grenadines	1
honduras	paraguay	1
honduras	nicaragua	1
honduras	barbados	1
honduras	canada	-1
honduras	united_states_virgin_islands	-1
honduras	curacao	1
honduras	bolivia	1
honduras	panama	1
honduras	uruguay	1
honduras	bahamas	-1
honduras	bermuda	-1
honduras	aruba	1
honduras	peru	1
honduras	costa_rica	1
honduras	anguilla	-1
honduras	venezuela	1
honduras	french_guiana	1
honduras	cayman_islands	-1
honduras	brazil	1
honduras	trinidad_tobago	1
honduras	dominican_republic	-1
honduras	cuba	-1
honduras	guatemala	1
honduras	chile	1
honduras	martinique	1
honduras	haiti	-1
honduras	belize	-1
honduras	argentina	1
honduras	dominica	-1
honduras	suriname	1
honduras	saint_lucia	1
honduras	el_salvador	1
honduras	puerto_rico	-1
honduras	british_virgin_islands	-1
honduras	ecuador	1
honduras	guyana	1
honduras	grenada	1
honduras	guadeloupe	-1
honduras	antigua_barbuda	-1
colombia	united_states	-1
colombia	jamaica	-1
colombia	honduras	-1
colombia	mexico	-1
colombia	saint_kitts_nevis	-1
colombia	turks_caicos_islands	-1
colombia	sint_maarten	-1
colombia	saint_vincent_grenadines	-1
colombia	paraguay	1
colombia	nicaragua	-1
colombia	barbados	-1
colombia	canada	-1
colombia	united_states_virgin_islands	-1
colombia	curacao	-1
colombia	bolivia	1
colombia	panama	-1
colombia	uruguay	1
colombia	bahamas	-1
colombia	bermuda	-1
colombia	aruba	-1
colombia	peru	1
colombia	costa_rica	-1
colombia	anguilla	-1
colombia	venezuela	-1
colombia	french_guiana	1
colombia	cayman_islands	-1
colombia	brazil	1
colombia	trinidad_tobago	-1
colombia	dominican_republic	-1
colombia	cuba	-1
colombia	guatemala	-1
colombia	chile	1
colombia	martinique	-1
colombia	haiti	-1
colombia	belize	-1
colombia	argentina	1
colombia	dominica	-1
colombia	suriname	1
colombia	saint_lucia	-1
colombia	el_salvador	-1
colombia	puerto_rico	-1
colombia	british_virgin_islands	-1
colombia	ecuador	1
colombia	guyana	-1
colombia	grenada	-1
colombia	guadeloupe	-1
colombia	antigua_barbuda	-1
mexico	united_states	-1
mexico	jamaica	1
mexico	honduras	1
mexico	colombia	1
mexico	saint_kitts_nevis	1
mexico	turks_caicos_islands	-1
mexico	sint_maarten	1
mexico	saint_vincent_grenadines	1
mexico	paraguay	1
mexico	nicaragua	1
mexico	barbados	1
mexico	canada	-1
mexico	united_states_virgin_islands	1
mexico	curacao	1
mexico	bolivia	1
mexico	panama	1
mexico	uruguay	1
mexico	bahamas	-1
mexico	bermuda	-1
mexico	aruba	1
mexico	peru	1
mexico	costa_rica	1
mexico	anguilla	1
mexico	venezuela	1
mexico	french_guiana	1
mexico	cayman_islands	1
mexico	brazil	1
mexico	trinidad_tobago	1
mexico	dominican_republic	1
mexico	cuba	-1
mexico	guatemala	1
mexico	chile	1
mexico	martinique	1
mexico	haiti	1
mexico	belize	1
mexico	argentina	1
mexico	dominica	1
mexico	suriname	1
mexico	saint_lucia	1
mexico	el_salvador	1
mexico	puerto_rico	1
mexico	british_virgin_islands	1
mexico	ecuador	1
mexico	guyana	1
mexico	grenada	1
mexico	guadeloupe	1
mexico	antigua_barbuda	1
saint_kitts_nevis	united_states	-1
saint_kitts_nevis	jamaica	-1
saint_kitts_nevis	honduras	1
saint_kitts_nevis	colombia	1
saint_kitts_nevis	mexico	-1
saint_kitts_nevis	turks_caicos_islands	-1
saint_kitts_nevis	sint_maarten	-1
saint_kitts_nevis	saint_vincent_grenadines	1
saint_kitts_nevis	paraguay	1
saint_kitts_nevis	nicaragua	1
saint_kitts_nevis	barbados	1
saint_kitts_nevis	canada	-1
saint_kitts_nevis	united_states_virgin_islands	-1
saint_kitts_nevis	curacao	1
saint_kitts_nevis	bolivia	1
saint_kitts_nevis	panama	1
saint_kitts_nevis	uruguay	1
saint_kitts_nevis	bahamas	-1
saint_kitts_nevis	bermuda	-1
saint_kitts_nevis	aruba	1
saint_kitts_nevis	peru	1
saint_kitts_nevis	costa_rica	1
saint_kitts_nevis	anguilla	-1
saint_kitts_nevis	venezuela	1
saint_kitts_nevis	french_guiana	1
saint_kitts_nevis	cayman_islands	-1
saint_kitts_nevis	brazil	1
saint_kitts_nevis	trinidad_tobago	1
saint_kitts_nevis	dominican_republic	-1
saint_kitts_nevis	cuba	-1
saint_kitts_nevis	guatemala	1
saint_kitts_nevis	chile	1
saint_kitts_nevis	martinique	1
saint_kitts_nevis	haiti	-1
saint_kitts_nevis	belize	-1
saint_kitts_nevis	argentina	1
saint_kitts_nevis	dominica	1
saint_kitts_nevis	suriname	1
saint_kitts_nevis	saint_lucia	1
saint_kitts_nevis	el_salvador	1
saint_kitts_nevis	puerto_rico	-1
saint_kitts_nevis	british_virgin_islands	-1
saint_kitts_nevis	ecuador	1
saint_kitts_nevis	guyana	1
saint_kitts_nevis	grenada	1
saint_kitts_nevis	guadeloupe	1
saint_kitts_nevis	antigua_barbuda	1
turks_caicos_islands	united_states	-1
turks_caicos_islands	jamaica	1
turks_caicos_islands	honduras	1
turks_caicos_islands	colombia	1
turks_caicos_islands	mexico	1
turks_caicos_islands	saint_kitts_nevis	1
turks_caicos_islands	sint_maarten	1
turks_caicos_islands	saint_vincent_grenadines	1
turks_caicos_islands	paraguay	1
turks_caicos_islands	nicaragua	1
turks_caicos_islands	barbados	1
turks_caicos_islands	canada	-1
turks_caicos_islands	united_states_virgin_islands	1
turks_caicos_islands	curacao	1
turks_caicos_islands	bolivia	1
turks_caicos_islands	panama	1
turks_caicos_islands	uruguay	1
turks_caicos_islands	bahamas	-1
turks_caicos_islands	bermuda	-1
turks_caicos_islands	aruba	1
turks_caicos_islands	peru	1
turks_caicos_islands	costa_rica	1
turks_caicos_islands	anguilla	1
turks_caicos_islands	venezuela	1
turks_caicos_islands	french_guiana	1
turks_caicos_islands	cayman_islands	1
turks_caicos_islands	brazil	1
turks_caicos_islands	trinidad_tobago	1
turks_caicos_islands	dominican_republic	1
turks_caicos_islands	cuba	-1
turks_caicos_islands	guatemala	1
turks_caicos_islands	chile	1
turks_caicos_islands	martinique	1
turks_caicos_islands	haiti	1
turks_caicos_islands	belize	1
turks_caicos_islands	argentina	1
turks_caicos_islands	dominica	1
turks_caicos_islands	suriname	1
turks_caicos_islands	saint_lucia	1
turks_caicos_islands	el_salvador	1
turks_caicos_islands	puerto_rico	1
turks_caicos_islands	british_virgin_islands	1
turks_caicos_islands	ecuador	1
turks_caicos_islands	guyana	1
turks_caicos_islands	grenada	1
turks_caicos_islands	guadeloupe	1
turks_caicos_islands	antigua_barbuda	1
sint_maarten	united_states	-1
sint_maarten	jamaica	-1
sint_maarten	honduras	1
sint_maarten	colombia	1
sint_maarten	mexico	-1
sint_maarten	saint_kitts_nevis	1
sint_maarten	turks_caicos_islands	-1
sint_maarten	saint_vincent_grenadines	1
sint_maarten	paraguay	1
sint_maarten	nicaragua	1
sint_maarten	barbados	1
sint_maarten	canada	-1
sint_maarten	united_states_virgin_islands	-1
sint_maarten	curacao	1
sint_maarten	bolivia	1
sint_maarten	panama	1
sint_maarten	uruguay	1
sint_maarten	bahamas	-1
sint_maarten	bermuda	-1
sint_maarten	aruba	1
sint_maarten	peru	1
sint_maarten	costa_rica	1
sint_maarten	anguilla	-1
sint_maarten	venezuela	1
sint_maarten	french_guiana	1
sint_maarten	cayman_islands	-1
sint_maarten	brazil	1
sint_maarten	trinidad_tobago	1
sint_maarten	dominican_republic	-1
sint_maarten	cuba	-1
sint_maarten	guatemala	1
sint_maarten	chile	1
sint_maarten	martinique	1
sint_maarten	haiti	-1
sint_maarten	belize	1
sint_maarten	argentina	1
sint_maarten	dominica	1
sint_maarten	suriname	1
sint_maarten	saint_lucia	1
sint_maarten	el_salvador	1
sint_maarten	puerto_rico	-1
sint_maarten	british_virgin_islands	-1
sint_maarten	ecuador	1
sint_maarten	guyana	1
sint_maarten	grenada	1
sint_maarten	guadeloupe	1
sint_maarten	antigua_barbuda	1
saint_vincent_grenadines	united_states	-1
saint_vincent_grenadines	jamaica	-1
saint_vincent_grenadines	honduras	-1
saint_vincent_grenadines	colombia	1
saint_vincent_grenadines	mexico	-1
saint_vincent_grenadines	saint_kitts_nevis	-1
saint_vincent_grenadines	turks_caicos_islands	-1
saint_vincent_grenadines	sint_maarten	-1
saint_vincent_grenadines	paraguay	1
saint_vincent_grenadines	nicaragua	1
saint_vincent_grenadines	barbados	1
saint_vincent_grenadines	canada	-1
saint_vincent_grenadines	united_states_virgin_islands	-1
saint_vincent_grenadines	curacao	1
saint_vincent_grenadines	bolivia	1
saint_vincent_grenadines	panama	1
saint_vincent_grenadines	uruguay	1
saint_vincent_grenadines	bahamas	-1
saint_vincent_grenadines	bermuda	-1
saint_vincent_grenadines	aruba	1
saint_vincent_grenadines	peru	1
saint_vincent_grenadines	costa_rica	1
saint_vincent_grenadines	anguilla	-1
saint_vincent_grenadines	venezuela	1
saint_vincent_grenadines	french_guiana	1
saint_vincent_grenadines	cayman_islands	-1
saint_vincent_grenadines	brazil	1
saint_vincent_grenadines	trinidad_tobago	1
saint_vincent_grenadines	dominican_republic	-1
saint_vincent_grenadines	cuba	-1
saint_vincent_grenadines	guatemala	-1
saint_vincent_grenadines	chile	1
saint_vincent_grenadines	martinique	-1
saint_vincent_grenadines	haiti	-1
saint_vincent_grenadines	belize	-1
saint_vincent_grenadines	argentina	1
saint_vincent_grenadines	dominica	-1
saint_vincent_grenadines	suriname	1
saint_vincent_grenadines	saint_lucia	-1
saint_vincent_grenadines	el_salvador	-1
saint_vincent_grenadines	puerto_rico	-1
saint_vincent_grenadines	british_virgin_islands	-1
saint_vincent_grenadines	ecuador	1
saint_vincent_grenadines	guyana	1
saint_vincent_grenadines	grenada	1
saint_vincent_grenadines	guadeloupe	-1
saint_vincent_grenadines	antigua_barbuda	-1
paraguay	united_states	-1
paraguay	jamaica	-1
paraguay	honduras	-1
paraguay	colombia	-1
paraguay	mexico	-1
paraguay	saint_kitts_nevis	-1
paraguay	turks_caicos_islands	-1
paraguay	sint_maarten	-1
paraguay	saint_vincent_grenadines	-1
paraguay	nicaragua	-1
paraguay	barbados	-1
paraguay	canada	-1
paraguay	united_states_virgin_islands	-1
paraguay	curacao	-1
paraguay	bolivia	-1
paraguay	panama	-1
paraguay	uruguay	1
paraguay	bahamas	-1
paraguay	bermuda	-1
paraguay	aruba	-1
paraguay	peru	-1
paraguay	costa_rica	-1
paraguay	anguilla	-1
paraguay	venezuela	-1
paraguay	french_guiana	-1
paraguay	cayman_islands	-1
paraguay	brazil	-1
paraguay	trinidad_tobago	-1
paraguay	dominican_republic	-1
paraguay	cuba	-1
paraguay	guatemala	-1
paraguay	chile	1
paraguay	martinique	-1
paraguay	haiti	-1
paraguay	belize	-1
paraguay	argentina	1
paraguay	dominica	-1
paraguay	suriname	-1
paraguay	saint_lucia	-1
paraguay	el_salvador	-1
paraguay	puerto_rico	-1
paraguay	british_virgin_islands	-1
paraguay	ecuador	-1
paraguay	guyana	-1
paraguay	grenada	-1
paraguay	guadeloupe	-1
paraguay	antigua_barbuda	-1
nicaragua	united_states	-1
nicaragua	jamaica	-1
nicaragua	honduras	-1
nicaragua	colombia	1
nicaragua	mexico	-1
nicaragua	saint_kitts_nevis	-1
nicaragua	turks_caicos_islands	-1
nicaragua	sint_maarten	-1
nicaragua	saint_vincent_grenadines	-1
nicaragua	paraguay	1
nicaragua	barbados	-1
nicaragua	canada	-1
nicaragua	united_states_virgin_islands	-1
nicaragua	curacao	1
nicaragua	bolivia	1
nicaragua	panama	1
nicaragua	uruguay	1
nicaragua	bahamas	-1
nicaragua	bermuda	-1
nicaragua	aruba	-1
nicaragua	peru	1
nicaragua	costa_rica	1
nicaragua	anguilla	-1
nicaragua	venezuela	1
nicaragua	french_guiana	1
nicaragua	cayman_islands	-1
nicaragua	brazil	1
nicaragua	trinidad_tobago	1
nicaragua	dominican_republic	-1
nicaragua	cuba	-1
nicaragua	guatemala	-1
nicaragua	chile	1
nicaragua	martinique	-1
nicaragua	haiti	-1
nicaragua	belize	-1
nicaragua	argentina	1
nicaragua	dominica	-1
nicaragua	suriname	1
nicaragua	saint_lucia	-1
nicaragua	el_salvador	-1
nicaragua	puerto_rico	-1
nicaragua	british_virgin_islands	-1
nicaragua	ecuador	1
nicaragua	guyana	1
nicaragua	grenada	1
nicaragua	guadeloupe	-1
nicaragua	antigua_barbuda	-1
barbados	united_states	-1
barbados	jamaica	-1
barbados	honduras	-1
barbados	colombia	1
barbados	mexico	-1
barbados	saint_kitts_nevis	-1
barbados	turks_caicos_islands	-1
barbados	sint_maarten	-1
barbados	saint_vincent_grenadines	-1
barbados	paraguay	1
barbados	nicaragua	1
barbados	canada	-1
barbados	united_states_virgin_islands	-1
barbados	curacao	1
barbados	bolivia	1
barbados	panama	1
barbados	uruguay	1
barbados	bahamas	-1
barbados	bermuda	-1
barbados	aruba	1
barbados	peru	1
barbados	costa_rica	1
barbados	anguilla	-1
barbados	venezuela	1
barbados	french_guiana	1
barbados	cayman_islands	-1
barbados	brazil	1
barbados	trinidad_tobago	1
barbados	dominican_republic	-1
barbados	cuba	-1
barbados	guatemala	-1
barbados	chile	1
barbados	martinique	-1
barbados	haiti	-1
barbados	belize	-1
barbados	argentina	1
barbados	dominica	-1
barbados	suriname	1
barbados	saint_lucia	-1
barbados	el_salvador	-1
barbados	puerto_rico	-1
barbados	british_virgin_islands	-1
barbados	ecuador	1
barbados	guyana	1
barbados	grenada	1
barbados	guadeloupe	-1
barbados	antigua_barbuda	-1
canada	united_states	1
canada	jamaica	1
canada	honduras	1
canada	colombia	1
canada	mexico	1
canada	saint_kitts_nevis	1
canada	turks_caicos_islands	1
canada	sint_maarten	1
canada	saint_vincent_grenadines	1
canada	paraguay	1
canada	nicaragua	1
canada	barbados	1
canada	united_states_virgin_islands	1
canada	curacao	1
canada	bolivia	1
canada	panama	1
canada	uruguay	1
canada	bahamas	1
canada	bermuda	1
canada	aruba	1
canada	peru	1
canada	costa_rica	1
canada	anguilla	1
canada	venezuela	1
canada	french_guiana	1
canada	cayman_islands	1
canada	brazil	1
canada	trinidad_tobago	1
canada	dominican_republic	1
canada	cuba	1
canada	guatemala	1
canada	chile	1
canada	martinique	1
canada	haiti	1
canada	belize	1
canada	argentina	1
canada	dominica	1
canada	suriname	1
canada	saint_lucia	1
canada	el_salvador	1
canada	puerto_rico	1
canada	british_virgin_islands	1
canada	ecuador	1
canada	guyana	1
canada	grenada	1
canada	guadeloupe	1
canada	antigua_barbuda	1
united_states_virgin_islands	united_states	-1
united_states_virgin_islands	jamaica	1
united_states_virgin_islands	honduras	1
united_states_virgin_islands	colombia	1
united_states_virgin_islands	mexico	-1
united_states_virgin_islands	saint_kitts_nevis	1
united_states_virgin_islands	turks_caicos_islands	-1
united_states_virgin_islands	sint_maarten	1
united_states_virgin_islands	saint_vincent_grenadines	1
united_states_virgin_islands	paraguay	1
united_states_virgin_islands	nicaragua	1
united_states_virgin_islands	barbados	1
united_states_virgin_islands	canada	-1
united_states_virgin_islands	curacao	1
united_states_virgin_islands	bolivia	1
united_states_virgin_islands	panama	1
united_states_virgin_islands	uruguay	1
united_states_virgin_islands	bahamas	-1
united_states_virgin_islands	bermuda	-1
united_states_virgin_islands	aruba	1
united_states_virgin_islands	peru	1
united_states_virgin_islands	costa_rica	1
united_states_virgin_islands	anguilla	-1
united_states_virgin_islands	venezuela	1
united_states_virgin_islands	french_guiana	1
united_states_virgin_islands	cayman_islands	-1
united_states_virgin_islands	brazil	1
united_states_virgin_islands	trinidad_tobago	1
united_states_virgin_islands	dominican_republic	-1
united_states_virgin_islands	cuba	-1
united_states_virgin_islands	guatemala	1
united_states_virgin_islands	chile	1
united_states_virgin_islands	martinique	1
united_states_virgin_islands	haiti	-1
united_states_virgin_islands	belize	1
united_states_virgin_islands	argentina	1
united_states_virgin_islands	dominica	1
united_states_virgin_islands	suriname	1
united_states_virgin_islands	saint_lucia	1
united_states_virgin_islands	el_salvador	1
united_states_virgin_islands	puerto_rico	-1
united_states_virgin_islands	british_virgin_islands	-1
united_states_virgin_islands	ecuador	1
united_states_virgin_islands	guyana	1
united_states_virgin_islands	grenada	1
united_states_virgin_islands	guadeloupe	1
united_states_virgin_islands	antigua_barbuda	1
curacao	united_states	-1
curacao	jamaica	-1
curacao	honduras	-1
curacao	colombia	1
curacao	mexico	-1
curacao	saint_kitts_nevis	-1
curacao	turks_caicos_islands	-1
curacao	sint_maarten	-1
curacao	saint_vincent_grenadines	-1
curacao	paraguay	1
curacao	nicaragua	-1
curacao	barbados	-1
curacao	canada	-1
curacao	united_states_virgin_islands	-1
curacao	bolivia	1
curacao	panama	1
curacao	uruguay	1
curacao	bahamas	-1
curacao	bermuda	-1
curacao	aruba	-1
curacao	peru	1
curacao	costa_rica	1
curacao	anguilla	-1
curacao	venezuela	1
curacao	french_guiana	1
curacao	cayman_islands	-1
curacao	brazil	1
curacao	trinidad_tobago	1
curacao	dominican_republic	-1
curacao	cuba	-1
curacao	guatemala	-1
curacao	chile	1
curacao	martinique	-1
curacao	haiti	-1
curacao	belize	-1
curacao	argentina	1
curacao	dominica	-1
curacao	suriname	1
curacao	saint_lucia	-1
curacao	el_salvador	-1
curacao	puerto_rico	-1
curacao	british_virgin_islands	-1
curacao	ecuador	1
curacao	guyana	1
curacao	grenada	-1
curacao	guadeloupe	-1
curacao	antigua_barbuda	-1
bolivia	united_states	-1
bolivia	jamaica	-1
bolivia	honduras	-1
bolivia	colombia	-1
bolivia	mexico	-1
bolivia	saint_kitts_nevis	-1
bolivia	turks_caicos_islands	-1
bolivia	sint_maarten	-1
bolivia	saint_vincent_grenadines	-1
bolivia	paraguay	1
bolivia	nicaragua	-1
bolivia	barbados	-1
bolivia	canada	-1
bolivia	united_states_virgin_islands	-1
bolivia	curacao	-1
bolivia	panama	-1
bolivia	uruguay	1
bolivia	bahamas	-1
bolivia	bermuda	-1
bolivia	aruba	-1
bolivia	peru	-1
bolivia	costa_rica	-1
bolivia	anguilla	-1
bolivia	venezuela	-1
bolivia	french_guiana	-1
bolivia	cayman_islands	-1
bolivia	brazil	1
bolivia	trinidad_tobago	-1
bolivia	dominican_republic	-1
bolivia	cuba	-1
bolivia	guatemala	-1
bolivia	chile	1
bolivia	martinique	-1
bolivia	haiti	-1
bolivia	belize	-1
bolivia	argentina	1
bolivia	dominica	-1
bolivia	suriname	-1
bolivia	saint_lucia	-1
bolivia	el_salvador	-1
bolivia	puerto_rico	-1
bolivia	british_virgin_islands	-1
bolivia	ecuador	-1
bolivia	guyana	-1
bolivia	grenada	-1
bolivia	guadeloupe	-1
bolivia	antigua_barbuda	-1
panama	united_states	-1
panama	jamaica	-1
panama	honduras	-1
panama	colombia	1
panama	mexico	-1
panama	saint_kitts_nevis	-1
panama	turks_caicos_islands	-1
panama	sint_maarten	-1
panama	saint_vincent_grenadines	-1
panama	paraguay	1
panama	nicaragua	-1
panama	barbados	-1
panama	canada	-1
panama	united_states_virgin_islands	-1
panama	curacao	-1
panama	bolivia	1
panama	uruguay	1
panama	bahamas	-1
panama	bermuda	-1
panama	aruba	-1
panama	peru	1
panama	costa_rica	-1
panama	anguilla	-1
panama	venezuela	-1
panama	french_guiana	1
panama	cayman_islands	-1
panama	brazil	1
panama	trinidad_tobago	-1
panama	dominican_republic	-1
panama	cuba	-1
panama	guatemala	-1
panama	chile	1
panama	martinique	-1
panama	haiti	-1
panama	belize	-1
panama	argentina	1
panama	dominica	-1
panama	suriname	1
panama	saint_lucia	-1
panama	el_salvador	-1
panama	puerto_rico	-1
panama	british_virgin_islands	-1
panama	ecuador	1
panama	guyana	1
panama	grenada	-1
panama	guadeloupe	-1
panama	antigua_barbuda	-1
uruguay	united_states	-1
uruguay	jamaica	-1
uruguay	honduras	-1
uruguay	colombia	-1
uruguay	mexico	-1
uruguay	saint_kitts_nevis	-1
uruguay	turks_caicos_islands	-1
uruguay	sint_maarten	-1
uruguay	saint_vincent_grenadines	-1
uruguay	paraguay	-1
uruguay	nicaragua	-1
uruguay	barbados	-1
uruguay	canada	-1
uruguay	united_states_virgin_islands	-1
uruguay	curacao	-1
uruguay	bolivia	-1
uruguay	panama	-1
uruguay	bahamas	-1
uruguay	bermuda	-1
uruguay	aruba	-1
uruguay	peru	-1
uruguay	costa_rica	-1
uruguay	anguilla	-1
uruguay	venezuela	-1
uruguay	french_guiana	-1
uruguay	cayman_islands	-1
uruguay	brazil	-1
uruguay	trinidad_tobago	-1
uruguay	dominican_republic	-1
uruguay	cuba	-1
uruguay	guatemala	-1
uruguay	chile	-1
uruguay	martinique	-1
uruguay	haiti	-1
uruguay	belize	-1
uruguay	argentina	-1
uruguay	dominica	-1
uruguay	suriname	-1
uruguay	saint_lucia	-1
uruguay	el_salvador	-1
uruguay	puerto_rico	-1
uruguay	british_virgin_islands	-1
uruguay	ecuador	-1
uruguay	guyana	-1
uruguay	grenada	-1
uruguay	guadeloupe	-1
uruguay	antigua_barbuda	-1
bahamas	united_states	-1
bahamas	jamaica	1
bahamas	honduras	1
bahamas	colombia	1
bahamas	mexico	1
bahamas	saint_kitts_nevis	1
bahamas	turks_caicos_islands	1
bahamas	sint_maarten	1
bahamas	saint_vincent_grenadines	1
bahamas	paraguay	1
bahamas	nicaragua	1
bahamas	barbados	1
bahamas	canada	-1
bahamas	united_states_virgin_islands	1
bahamas	curacao	1
bahamas	bolivia	1
bahamas	panama	1
bahamas	uruguay	1
bahamas	bermuda	-1
bahamas	aruba	1
bahamas	peru	1
bahamas	costa_rica	1
bahamas	anguilla	1
bahamas	venezuela	1
bahamas	french_guiana	1
bahamas	cayman_islands	1
bahamas	brazil	1
bahamas	trinidad_tobago	1
bahamas	dominican_republic	1
bahamas	cuba	1
bahamas	guatemala	1
bahamas	chile	1
bahamas	martinique	1
bahamas	haiti	1
bahamas	belize	1
bahamas	argentina	1
bahamas	dominica	1
bahamas	suriname	1
bahamas	saint_lucia	1
bahamas	el_salvador	1
bahamas	puerto_rico	1
bahamas	british_virgin_islands	1
bahamas	ecuador	1
bahamas	guyana	1
bahamas	grenada	1
bahamas	guadeloupe	1
bahamas	antigua_barbuda	1
bermuda	united_states	-1
bermuda	jamaica	1
bermuda	honduras	1
bermuda	colombia	1
bermuda	mexico	1
bermuda	saint_kitts_nevis	1
bermuda	turks_caicos_islands	1
bermuda	sint_maarten	1
bermuda	saint_vincent_grenadines	1
bermuda	paraguay	1
bermuda	nicaragua	1
bermuda	barbados	1
bermuda	canada	-1
bermuda	united_states_virgin_islands	1
bermuda	curacao	1
bermuda	bolivia	1
bermuda	panama	1
bermuda	uruguay	1
bermuda	bahamas	1
bermuda	aruba	1
bermuda	peru	1
bermuda	costa_rica	1
bermuda	anguilla	1
bermuda	venezuela	1
bermuda	french_guiana	1
bermuda	cayman_islands	1
bermuda	brazil	1
bermuda	trinidad_tobago	1
bermuda	dominican_republic	1
bermuda	cuba	1
bermuda	guatemala	1
bermuda	chile	1
bermuda	martinique	1
bermuda	haiti	1
bermuda	belize	1
bermuda	argentina	1
bermuda	dominica	1
bermuda	suriname	1
bermuda	saint_lucia	1
bermuda	el_salvador	1
bermuda	puerto_rico	1
bermuda	british_virgin_islands	1
bermuda	ecuador	1
bermuda	guyana	1
bermuda	grenada	1
bermuda	guadeloupe	1
bermuda	antigua_barbuda	1
aruba	united_states	-1
aruba	jamaica	-1
aruba	honduras	-1
aruba	colombia	1
aruba	mexico	-1
aruba	saint_kitts_nevis	-1
aruba	turks_caicos_islands	-1
aruba	sint_maarten	-1
aruba	saint_vincent_grenadines	-1
aruba	paraguay	1
aruba	nicaragua	1
aruba	barbados	-1
aruba	canada	-1
aruba	united_states_virgin_islands	-1
aruba	curacao	1
aruba	bolivia	1
aruba	panama	1
aruba	uruguay	1
aruba	bahamas	-1
aruba	bermuda	-1
aruba	peru	1
aruba	costa_rica	1
aruba	anguilla	-1
aruba	venezuela	1
aruba	french_guiana	1
aruba	cayman_islands	-1
aruba	brazil	1
aruba	trinidad_tobago	1
aruba	dominican_republic	-1
aruba	cuba	-1
aruba	guatemala	-1
aruba	chile	1
aruba	martinique	-1
aruba	haiti	-1
aruba	belize	-1
aruba	argentina	1
aruba	dominica	-1
aruba	suriname	1
aruba	saint_lucia	-1
aruba	el_salvador	-1
aruba	puerto_rico	-1
aruba	british_virgin_islands	-1
aruba	ecuador	1
aruba	guyana	1
aruba	grenada	1
aruba	guadeloupe	-1
aruba	antigua_barbuda	-1
peru	united_states	-1
peru	jamaica	-1
peru	honduras	-1
peru	colombia	-1
peru	mexico	-1
peru	saint_kitts_nevis	-1
peru	turks_caicos_islands	-1
peru	sint_maarten	-1
peru	saint_vincent_grenadines	-1
peru	paraguay	1
peru	nicaragua	-1
peru	barbados	-1
peru	canada	-1
peru	united_states_virgin_islands	-1
peru	curacao	-1
peru	bolivia	1
peru	panama	-1
peru	uruguay	1
peru	bahamas	-1
peru	bermuda	-1
peru	aruba	-1
peru	costa_rica	-1
peru	anguilla	-1
peru	venezuela	-1
peru	french_guiana	-1
peru	cayman_islands	-1
peru	brazil	1
peru	trinidad_tobago	-1
peru	dominican_republic	-1
peru	cuba	-1
peru	guatemala	-1
peru	chile	1
peru	martinique	-1
peru	haiti	-1
peru	belize	-1
peru	argentina	1
peru	dominica	-1
peru	suriname	-1
peru	saint_lucia	-1
peru	el_salvador	-1
peru	puerto_rico	-1
peru	british_virgin_islands	-1
peru	ecuador	-1
peru	guyana	-1
peru	grenada	-1
peru	guadeloupe	-1
peru	antigua_barbuda	-1
costa_rica	united_states	-1
costa_rica	jamaica	-1
costa_rica	honduras	-1
costa_rica	colombia	1
costa_rica	mexico	-1
costa_rica	saint_kitts_nevis	-1
costa_rica	turks_caicos_islands	-1
costa_rica	sint_maarten	-1
costa_rica	saint_vincent_grenadines	-1
costa_rica	paraguay	1
costa_rica	nicaragua	-1
costa_rica	barbados	-1
costa_rica	canada	-1
costa_rica	united_states_virgin_islands	-1
costa_rica	curacao	-1
costa_rica	bolivia	1
costa_rica	panama	1
costa_rica	uruguay	1
costa_rica	bahamas	-1
costa_rica	bermuda	-1
costa_rica	aruba	-1
costa_rica	peru	1
costa_rica	anguilla	-1
costa_rica	venezuela	-1
costa_rica	french_guiana	1
costa_rica	cayman_islands	-1
costa_rica	brazil	1
costa_rica	trinidad_tobago	-1
costa_rica	dominican_republic	-1
costa_rica	cuba	-1
costa_rica	guatemala	-1
costa_rica	chile	1
costa_rica	martinique	-1
costa_rica	haiti	-1
costa_rica	belize	-1
costa_rica	argentina	1
costa_rica	dominica	-1
costa_rica	suriname	1
costa_rica	saint_lucia	-1
costa_rica	el_salvador	-1
costa_rica	puerto_rico	-1
costa_rica	british_virgin_islands	-1
costa_rica	ecuador	1
costa_rica	guyana	1
costa_rica	grenada	-1
costa_rica	guadeloupe	-1
costa_rica	antigua_barbuda	-1
anguilla	united_states	-1
anguilla	jamaica	1
anguilla	honduras	1
anguilla	colombia	1
anguilla	mexico	-1
anguilla	saint_kitts_nevis	1
anguilla	turks_caicos_islands	-1
anguilla	sint_maarten	1
anguilla	saint_vincent_grenadines	1
anguilla	paraguay	1
anguilla	nicaragua	1
anguilla	barbados	1
anguilla	canada	-1
anguilla	united_states_virgin_islands	1
anguilla	curacao	1
anguilla	bolivia	1
anguilla	panama	1
anguilla	uruguay	1
anguilla	bahamas	-1
anguilla	bermuda	-1
anguilla	aruba	1
anguilla	peru	1
anguilla	costa_rica	1
anguilla	venezuela	1
anguilla	french_guiana	1
anguilla	cayman_islands	-1
anguilla	brazil	1
anguilla	trinidad_tobago	1
anguilla	dominican_republic	-1
anguilla	cuba	-1
anguilla	guatemala	1
anguilla	chile	1
anguilla	martinique	1
anguilla	haiti	-1
anguilla	belize	1
anguilla	argentina	1
anguilla	dominica	1
anguilla	suriname	1
anguilla	saint_lucia	1
anguilla	el_salvador	1
anguilla	puerto_rico	-1
anguilla	british_virgin_islands	-1
anguilla	ecuador	1
anguilla	guyana	1
anguilla	grenada	1
anguilla	guadeloupe	1
anguilla	antigua_barbuda	1
venezuela	united_states	-1
venezuela	jamaica	-1
venezuela	honduras	-1
venezuela	colombia	1
venezuela	mexico	-1
venezuela	saint_kitts_nevis	-1
venezuela	turks_caicos_islands	-1
venezuela	sint_maarten	-1
venezuela	saint_vincent_grenadines	-1
venezuela	paraguay	1
venezuela	nicaragua	-1
venezuela	barbados	-1
venezuela	canada	-1
venezuela	united_states_virgin_islands	-1
venezuela	curacao	-1
venezuela	bolivia	1
venezuela	panama	1
venezuela	uruguay	1
venezuela	bahamas	-1
venezuela	bermuda	-1
venezuela	aruba	-1
venezuela	peru	1
venezuela	costa_rica	1
venezuela	anguilla	-1
venezuela	french_guiana	1
venezuela	cayman_islands	-1
venezuela	brazil	1
venezuela	trinidad_tobago	-1
venezuela	dominican_republic	-1
venezuela	cuba	-1
venezuela	guatemala	-1
venezuela	chile	1
venezuela	martinique	-1
venezuela	haiti	-1
venezuela	belize	-1
venezuela	argentina	1
venezuela	dominica	-1
venezuela	suriname	1
venezuela	saint_lucia	-1
venezuela	el_salvador	-1
venezuela	puerto_rico	-1
venezuela	british_virgin_islands	-1
venezuela	ecuador	1
venezuela	guyana	1
venezuela	grenada	-1
venezuela	guadeloupe	-1
venezuela	antigua_barbuda	-1
french_guiana	united_states	-1
french_guiana	jamaica	-1
french_guiana	honduras	-1
french_guiana	colombia	-1
french_guiana	mexico	-1
french_guiana	saint_kitts_nevis	-1
french_guiana	turks_caicos_islands	-1
french_guiana	sint_maarten	-1
french_guiana	saint_vincent_grenadines	-1
french_guiana	paraguay	1
french_guiana	nicaragua	-1
french_guiana	barbados	-1
french_guiana	canada	-1
french_guiana	united_states_virgin_islands	-1
french_guiana	curacao	-1
french_guiana	bolivia	1
french_guiana	panama	-1
french_guiana	uruguay	1
french_guiana	bahamas	-1
french_guiana	bermuda	-1
french_guiana	aruba	-1
french_guiana	peru	1
french_guiana	costa_rica	-1
french_guiana	anguilla	-1
french_guiana	venezuela	-1
french_guiana	cayman_islands	-1
french_guiana	brazil	1
french_guiana	trinidad_tobago	-1
french_guiana	dominican_republic	-1
french_guiana	cuba	-1
french_guiana	guatemala	-1
french_guiana	chile	1
french_guiana	martinique	-1
french_guiana	haiti	-1
french_guiana	belize	-1
french_guiana	argentina	1
french_guiana	dominica	-1
french_guiana	suriname	-1
french_guiana	saint_lucia	-1
french_guiana	el_salvador	-1
french_guiana	puerto_rico	-1
french_guiana	british_virgin_islands	-1
french_guiana	ecuador	1
french_guiana	guyana	-1
french_guiana	grenada	-1
french_guiana	guadeloupe	-1
french_guiana	antigua_barbuda	-1
cayman_islands	united_states	-1
cayman_islands	jamaica	1
cayman_islands	honduras	1
cayman_islands	colombia	1
cayman_islands	mexico	-1
cayman_islands	saint_kitts_nevis	1
cayman_islands	turks_caicos_islands	-1
cayman_islands	sint_maarten	1
cayman_islands	saint_vincent_grenadines	1
cayman_islands	paraguay	1
cayman_islands	nicaragua	1
cayman_islands	barbados	1
cayman_islands	canada	-1
cayman_islands	united_states_virgin_islands	1
cayman_islands	curacao	1
cayman_islands	bolivia	1
cayman_islands	panama	1
cayman_islands	uruguay	1
cayman_islands	bahamas	-1
cayman_islands	bermuda	-1
cayman_islands	aruba	1
cayman_islands	peru	1
cayman_islands	costa_rica	1
cayman_islands	anguilla	1
cayman_islands	venezuela	1
cayman_islands	french_guiana	1
cayman_islands	brazil	1
cayman_islands	trinidad_tobago	1
cayman_islands	dominican_republic	1
cayman_islands	cuba	-1
cayman_islands	guatemala	1
cayman_islands	chile	1
cayman_islands	martinique	1
cayman_islands	haiti	1
cayman_islands	belize	1
cayman_islands	argentina	1
cayman_islands	dominica	1
cayman_islands	suriname	1
cayman_islands	saint_lucia	1
cayman_islands	el_salvador	1
cayman_islands	puerto_rico	1
cayman_islands	british_virgin_islands	1
cayman_islands	ecuador	1
cayman_islands	guyana	1
cayman_islands	grenada	1
cayman_islands	guadeloupe	1
cayman_islands	antigua_barbuda	1
brazil	united_states	-1
brazil	jamaica	-1
brazil	honduras	-1
brazil	colombia	-1
brazil	mexico	-1
brazil	saint_kitts_nevis	-1
brazil	turks_caicos_islands	-1
brazil	sint_maarten	-1
brazil	saint_vincent_grenadines	-1
brazil	paraguay	1
brazil	nicaragua	-1
brazil	barbados	-1
brazil	canada	-1
brazil	united_states_virgin_islands	-1
brazil	curacao	-1
brazil	bolivia	-1
brazil	panama	-1
brazil	uruguay	1
brazil	bahamas	-1
brazil	bermuda	-1
brazil	aruba	-1
brazil	peru	-1
brazil	costa_rica	-1
brazil	anguilla	-1
brazil	venezuela	-1
brazil	french_guiana	-1
brazil	cayman_islands	-1
brazil	trinidad_tobago	-1
brazil	dominican_republic	-1
brazil	cuba	-1
brazil	guatemala	-1
brazil	chile	1
brazil	martinique	-1
brazil	haiti	-1
brazil	belize	-1
brazil	argentina	1
brazil	dominica	-1
brazil	suriname	-1
brazil	saint_lucia	-1
brazil	el_salvador	-1
brazil	puerto_rico	-1
brazil	british_virgin_islands	-1
brazil	ecuador	-1
brazil	guyana	-1
brazil	grenada	-1
brazil	guadeloupe	-1
brazil	antigua_barbuda	-1
trinidad_tobago	united_states	-1
trinidad_tobago	jamaica	-1
trinidad_tobago	honduras	-1
trinidad_tobago	colombia	1
trinidad_tobago	mexico	-1
trinidad_tobago	saint_kitts_nevis	-1
trinidad_tobago	turks_caicos_islands	-1
trinidad_tobago	sint_maarten	-1
trinidad_tobago	saint_vincent_grenadines	-1
trinidad_tobago	paraguay	1
trinidad_tobago	nicaragua	-1
trinidad_tobago	barbados	-1
trinidad_tobago	canada	-1
trinidad_tobago	united_states_virgin_islands	-1
trinidad_tobago	curacao	-1
trinidad_tobago	bolivia	1
trinidad_tobago	panama	1
trinidad_tobago	uruguay	1
trinidad_tobago	bahamas	-1
trinidad_tobago	bermuda	-1
trinidad_tobago	aruba	-1
trinidad_tobago	peru	1
trinidad_tobago	costa_rica	1
trinidad_tobago	anguilla	-1
trinidad_tobago	venezuela	1
trinidad_tobago	french_guiana	1
trinidad_tobago	cayman_islands	-1
trinidad_tobago	brazil	1
trinidad_tobago	dominican_republic	-1
trinidad_tobago	cuba	-1
trinidad_tobago	guatemala	-1
trinidad_tobago	chile	1
trinidad_tobago	martinique	-1
trinidad_tobago	haiti	-1
trinidad_tobago	belize	-1
trinidad_tobago	argentina	1
trinidad_tobago	dominica	-1
trinidad_tobago	suriname	1
trinidad_tobago	saint_lucia	-1
trinidad_tobago	el_salvador	-1
trinidad_tobago	puerto_rico	-1
trinidad_tobago	british_virgin_islands	-1
trinidad_tobago	ecuador	1
trinidad_tobago	guyana	1
trinidad_tobago	grenada	-1
trinidad_tobago	guadeloupe	-1
trinidad_tobago	antigua_barbuda	-1
dominican_republic	united_states	-1
dominican_republic	jamaica	1
dominican_republic	honduras	1
dominican_republic	colombia	1
dominican_republic	mexico	-1
dominican_republic	saint_kitts_nevis	1
dominican_republic	turks_caicos_islands	-1
dominican_republic	sint_maarten	1
dominican_republic	saint_vincent_grenadines	1
dominican_republic	paraguay	1
dominican_republic	nicaragua	1
dominican_republic	barbados	1
dominican_republic	canada	-1
dominican_republic	united_states_virgin_islands	1
dominican_republic	curacao	1
dominican_republic	bolivia	1
dominican_republic	panama	1
dominican_republic	uruguay	1
dominican_republic	bahamas	-1
dominican_republic	bermuda	-1
dominican_republic	aruba	1
dominican_republic	peru	1
dominican_republic	costa_rica	1
dominican_republic	anguilla	1
dominican_republic	venezuela	1
dominican_republic	french_guiana	1
dominican_republic	cayman_islands	-1
dominican_republic	brazil	1
dominican_republic	trinidad_tobago	1
dominican_republic	cuba	-1
dominican_republic	guatemala	1
dominican_republic	chile	1
dominican_republic	martinique	1
dominican_republic	haiti	1
dominican_republic	belize	1
dominican_republic	argentina	1
dominican_republic	dominica	1
dominican_republic	suriname	1
dominican_republic	saint_lucia	1
dominican_republic	el_salvador	1
dominican_republic	puerto_rico	1
dominican_republic	british_virgin_islands	1
dominican_republic	ecuador	1
dominican_republic	guyana	1
dominican_republic	grenada	1
dominican_republic	guadeloupe	1
dominican_republic	antigua_barbuda	1
cuba	united_states	-1
cuba	jamaica	1
cuba	honduras	1
cuba	colombia	1
cuba	mexico	1
cuba	saint_kitts_nevis	1
cuba	turks_caicos_islands	1
cuba	sint_maarten	1
cuba	saint_vincent_grenadines	1
cuba	paraguay	1
cuba	nicaragua	1
cuba	barbados	1
cuba	canada	-1
cuba	united_states_virgin_islands	1
cuba	curacao	1
cuba	bolivia	1
cuba	panama	1
cuba	uruguay	1
cuba	bahamas	-1
cuba	bermuda	-1
cuba	aruba	1
cuba	peru	1
cuba	costa_rica	1
cuba	anguilla	1
cuba	venezuela	1
cuba	french_guiana	1
cuba	cayman_islands	1
cuba	brazil	1
cuba	trinidad_tobago	1
cuba	dominican_republic	1
cuba	guatemala	1
cuba	chile	1
cuba	martinique	1
cuba	haiti	1
cuba	belize	1
cuba	argentina	1
cuba	dominica	1
cuba	suriname	1
cuba	saint_lucia	1
cuba	el_salvador	1
cuba	puerto_rico	1
cuba	british_virgin_islands	1
cuba	ecuador	1
cuba	guyana	1
cuba	grenada	1
cuba	guadeloupe	1
cuba	antigua_barbuda	1
guatemala	united_states	-1
guatemala	jamaica	-1
guatemala	honduras	-1
guatemala	colombia	1
guatemala	mexico	-1
guatemala	saint_kitts_nevis	-1
guatemala	turks_caicos_islands	-1
guatemala	sint_maarten	-1
guatemala	saint_vincent_grenadines	1
guatemala	paraguay	1
guatemala	nicaragua	1
guatemala	barbados	1
guatemala	canada	-1
guatemala	united_states_virgin_islands	-1
guatemala	curacao	1
guatemala	bolivia	1
guatemala	panama	1
guatemala	uruguay	1
guatemala	bahamas	-1
guatemala	bermuda	-1
guatemala	aruba	1
guatemala	peru	1
guatemala	costa_rica	1
guatemala	anguilla	-1
guatemala	venezuela	1
guatemala	french_guiana	1
guatemala	cayman_islands	-1
guatemala	brazil	1
guatemala	trinidad_tobago	1
guatemala	dominican_republic	-1
guatemala	cuba	-1
guatemala	chile	1
guatemala	martinique	1
guatemala	haiti	-1
guatemala	belize	-1
guatemala	argentina	1
guatemala	dominica	-1
guatemala	suriname	1
guatemala	saint_lucia	1
guatemala	el_salvador	1
guatemala	puerto_rico	-1
guatemala	british_virgin_islands	-1
guatemala	ecuador	1
guatemala	guyana	1
guatemala	grenada	1
guatemala	guadeloupe	-1
guatemala	antigua_barbuda	-1
chile	united_states	-1
chile	jamaica	-1
chile	honduras	-1
chile	colombia	-1
chile	mexico	-1
chile	saint_kitts_nevis	-1
chile	turks_caicos_islands	-1
chile	sint_maarten	-1
chile	saint_vincent_grenadines	-1
chile	paraguay	-1
chile	nicaragua	-1
chile	barbados	-1
chile	canada	-1
chile	united_states_virgin_islands	-1
chile	curacao	-1
chile	bolivia	-1
chile	panama	-1
chile	uruguay	1
chile	bahamas	-1
chile	bermuda	-1
chile	aruba	-1
chile	peru	-1
chile	costa_rica	-1
chile	anguilla	-1
chile	venezuela	-1
chile	french_guiana	-1
chile	cayman_islands	-1
chile	brazil	-1
chile	trinidad_tobago	-1
chile	dominican_republic	-1
chile	cuba	-1
chile	guatemala	-1
chile	martinique	-1
chile	haiti	-1
chile	belize	-1
chile	argentina	-1
chile	dominica	-1
chile	suriname	-1
chile	saint_lucia	-1
chile	el_salvador	-1
chile	puerto_rico	-1
chile	british_virgin_islands	-1
chile	ecuador	-1
chile	guyana	-1
chile	grenada	-1
chile	guadeloupe	-1
chile	antigua_barbuda	-1
martinique	united_states	-1
martinique	jamaica	-1
martinique	honduras	-1
martinique	colombia	1
martinique	mexico	-1
martinique	saint_kitts_nevis	-1
martinique	turks_caicos_islands	-1
martinique	sint_maarten	-1
martinique	saint_vincent_grenadines	1
martinique	paraguay	1
martinique	nicaragua	1
martinique	barbados	1
martinique	canada	-1
martinique	united_states_virgin_islands	-1
martinique	curacao	1
martinique	bolivia	1
martinique	panama	1
martinique	uruguay	1
martinique	bahamas	-1
martinique	bermuda	-1
martinique	aruba	1
martinique	peru	1
martinique	costa_rica	1
martinique	anguilla	-1
martinique	venezuela	1
martinique	french_guiana	1
martinique	cayman_islands	-1
martinique	brazil	1
martinique	trinidad_tobago	1
martinique	dominican_republic	-1
martinique	cuba	-1
martinique	guatemala	-1
martinique	chile	1
martinique	haiti	-1
martinique	belize	-1
martinique	argentina	1
martinique	dominica	-1
martinique	suriname	1
martinique	saint_lucia	1
martinique	el_salvador	1
martinique	puerto_rico	-1
martinique	british_virgin_islands	-1
martinique	ecuador	1
martinique	guyana	1
martinique	grenada	1
martinique	guadeloupe	-1
martinique	antigua_barbuda	-1
haiti	united_states	-1
haiti	jamaica	1
haiti	honduras	1
haiti	colombia	1
haiti	mexico	-1
haiti	saint_kitts_nevis	1
haiti	turks_caicos_islands	-1
haiti	sint_maarten	1
haiti	saint_vincent_grenadines	1
haiti	paraguay	1
haiti	nicaragua	1
haiti	barbados	1
haiti	canada	-1
haiti	united_states_virgin_islands	1
haiti	curacao	1
haiti	bolivia	1
haiti	panama	1
haiti	uruguay	1
haiti	bahamas	-1
haiti	bermuda	-1
haiti	aruba	1
haiti	peru	1
haiti	costa_rica	1
haiti	anguilla	1
haiti	venezuela	1
haiti	french_guiana	1
haiti	cayman_islands	-1
haiti	brazil	1
haiti	trinidad_tobago	1
haiti	dominican_republic	-1
haiti	cuba	-1
haiti	guatemala	1
haiti	chile	1
haiti	martinique	1
haiti	belize	1
haiti	argentina	1
haiti	dominica	1
haiti	suriname	1
haiti	saint_lucia	1
haiti	el_salvador	1
haiti	puerto_rico	1
haiti	british_virgin_islands	1
haiti	ecuador	1
haiti	guyana	1
haiti	grenada	1
haiti	guadeloupe	1
haiti	antigua_barbuda	1
belize	united_states	-1
belize	jamaica	-1
belize	honduras	1
belize	colombia	1
belize	mexico	-1
belize	saint_kitts_nevis	1
belize	turks_caicos_islands	-1
belize	sint_maarten	-1
belize	saint_vincent_grenadines	1
belize	paraguay	1
belize	nicaragua	1
belize	barbados	1
belize	canada	-1
belize	united_states_virgin_islands	-1
belize	curacao	1
belize	bolivia	1
belize	panama	1
belize	uruguay	1
belize	bahamas	-1
belize	bermuda	-1
belize	aruba	1
belize	peru	1
belize	costa_rica	1
belize	anguilla	-1
belize	venezuela	1
belize	french_guiana	1
belize	cayman_islands	-1
belize	brazil	1
belize	trinidad_tobago	1
belize	dominican_republic	-1
belize	cuba	-1
belize	guatemala	1
belize	chile	1
belize	martinique	1
belize	haiti	-1
belize	argentina	1
belize	dominica	1
belize	suriname	1
belize	saint_lucia	1
belize	el_salvador	1
belize	puerto_rico	-1
belize	british_virgin_islands	-1
belize	ecuador	1
belize	guyana	1
belize	grenada	1
belize	guadeloupe	1
belize	antigua_barbuda	1
argentina	united_states	-1
argentina	jamaica	-1
argentina	honduras	-1
argentina	colombia	-1
argentina	mexico	-1
argentina	saint_kitts_nevis	-1
argentina	turks_caicos_islands	-1
argentina	sint_maarten	-1
argentina	saint_vincent_grenadines	-1
argentina	paraguay	-1
argentina	nicaragua	-1
argentina	barbados	-1
argentina	canada	-1
argentina	united_states_virgin_islands	-1
argentina	curacao	-1
argentina	bolivia	-1
argentina	panama	-1
argentina	uruguay	1
argentina	bahamas	-1
argentina	bermuda	-1
argentina	aruba	-1
argentina	peru	-1
argentina	costa_rica	-1
argentina	anguilla	-1
argentina	venezuela	-1
argentina	french_guiana	-1
argentina	cayman_islands	-1
argentina	brazil	-1
argentina	trinidad_tobago	-1
argentina	dominican_republic	-1
argentina	cuba	-1
argentina	guatemala	-1
argentina	chile	1
argentina	martinique	-1
argentina	haiti	-1
argentina	belize	-1
argentina	dominica	-1
argentina	suriname	-1
argentina	saint_lucia	-1
argentina	el_salvador	-1
argentina	puerto_rico	-1
argentina	british_virgin_islands	-1
argentina	ecuador	-1
argentina	guyana	-1
argentina	grenada	-1
argentina	guadeloupe	-1
argentina	antigua_barbuda	-1
dominica	united_states	-1
dominica	jamaica	-1
dominica	honduras	1
dominica	colombia	1
dominica	mexico	-1
dominica	saint_kitts_nevis	-1
dominica	turks_caicos_islands	-1
dominica	sint_maarten	-1
dominica	saint_vincent_grenadines	1
dominica	paraguay	1
dominica	nicaragua	1
dominica	barbados	1
dominica	canada	-1
dominica	united_states_virgin_islands	-1
dominica	curacao	1
dominica	bolivia	1
dominica	panama	1
dominica	uruguay	1
dominica	bahamas	-1
dominica	bermuda	-1
dominica	aruba	1
dominica	peru	1
dominica	costa_rica	1
dominica	anguilla	-1
dominica	venezuela	1
dominica	french_guiana	1
dominica	cayman_islands	-1
dominica	brazil	1
dominica	trinidad_tobago	1
dominica	dominican_republic	-1
dominica	cuba	-1
dominica	guatemala	1
dominica	chile	1
dominica	martinique	1
dominica	haiti	-1
dominica	belize	-1
dominica	argentina	1
dominica	suriname	1
dominica	saint_lucia	1
dominica	el_salvador	1
dominica	puerto_rico	-1
dominica	british_virgin_islands	-1
dominica	ecuador	1
dominica	guyana	1
dominica	grenada	1
dominica	guadeloupe	-1
dominica	antigua_barbuda	-1
suriname	united_states	-1
suriname	jamaica	-1
suriname	honduras	-1
suriname	colombia	-1
suriname	mexico	-1
suriname	saint_kitts_nevis	-1
suriname	turks_caicos_islands	-1
suriname	sint_maarten	-1
suriname	saint_vincent_grenadines	-1
suriname	paraguay	1
suriname	nicaragua	-1
suriname	barbados	-1
suriname	canada	-1
suriname	united_states_virgin_islands	-1
suriname	curacao	-1
suriname	bolivia	1
suriname	panama	-1
suriname	uruguay	1
suriname	bahamas	-1
suriname	bermuda	-1
suriname	aruba	-1
suriname	peru	1
suriname	costa_rica	-1
suriname	anguilla	-1
suriname	venezuela	-1
suriname	french_guiana	1
suriname	cayman_islands	-1
suriname	brazil	1
suriname	trinidad_tobago	-1
suriname	dominican_republic	-1
suriname	cuba	-1
suriname	guatemala	-1
suriname	chile	1
suriname	martinique	-1
suriname	haiti	-1
suriname	belize	-1
suriname	argentina	1
suriname	dominica	-1
suriname	saint_lucia	-1
suriname	el_salvador	-1
suriname	puerto_rico	-1
suriname	british_virgin_islands	-1
suriname	ecuador	1
suriname	guyana	-1
suriname	grenada	-1
suriname	guadeloupe	-1
suriname	antigua_barbuda	-1
saint_lucia	united_states	-1
saint_lucia	jamaica	-1
saint_lucia	honduras	-1
saint_lucia	colombia	1
saint_lucia	mexico	-1
saint_lucia	saint_kitts_nevis	-1
saint_lucia	turks_caicos_islands	-1
saint_lucia	sint_maarten	-1
saint_lucia	saint_vincent_grenadines	1
saint_lucia	paraguay	1
saint_lucia	nicaragua	1
saint_lucia	barbados	1
saint_lucia	canada	-1
saint_lucia	united_states_virgin_islands	-1
saint_lucia	curacao	1
saint_lucia	bolivia	1
saint_lucia	panama	1
saint_lucia	uruguay	1
saint_lucia	bahamas	-1
saint_lucia	bermuda	-1
saint_lucia	aruba	1
saint_lucia	peru	1
saint_lucia	costa_rica	1
saint_lucia	anguilla	-1
saint_lucia	venezuela	1
saint_lucia	french_guiana	1
saint_lucia	cayman_islands	-1
saint_lucia	brazil	1
saint_lucia	trinidad_tobago	1
saint_lucia	dominican_republic	-1
saint_lucia	cuba	-1
saint_lucia	guatemala	-1
saint_lucia	chile	1
saint_lucia	martinique	-1
saint_lucia	haiti	-1
saint_lucia	belize	-1
saint_lucia	argentina	1
saint_lucia	dominica	-1
saint_lucia	suriname	1
saint_lucia	el_salvador	1
saint_lucia	puerto_rico	-1
saint_lucia	british_virgin_islands	-1
saint_lucia	ecuador	1
saint_lucia	guyana	1
saint_lucia	grenada	1
saint_lucia	guadeloupe	-1
saint_lucia	antigua_barbuda	-1
el_salvador	united_states	-1
el_salvador	jamaica	-1
el_salvador	honduras	-1
el_salvador	colombia	1
el_salvador	mexico	-1
el_salvador	saint_kitts_nevis	-1
el_salvador	turks_caicos_islands	-1
el_salvador	sint_maarten	-1
el_salvador	saint_vincent_grenadines	1
el_salvador	paraguay	1
el_salvador	nicaragua	1
el_salvador	barbados	1
el_salvador	canada	-1
el_salvador	united_states_virgin_islands	-1
el_salvador	curacao	1
el_salvador	bolivia	1
el_salvador	panama	1
el_salvador	uruguay	1
el_salvador	bahamas	-1
el_salvador	bermuda	-1
el_salvador	aruba	1
el_salvador	peru	1
el_salvador	costa_rica	1
el_salvador	anguilla	-1
el_salvador	venezuela	1
el_salvador	french_guiana	1
el_salvador	cayman_islands	-1
el_salvador	brazil	1
el_salvador	trinidad_tobago	1
el_salvador	dominican_republic	-1
el_salvador	cuba	-1
el_salvador	guatemala	-1
el_salvador	chile	1
el_salvador	martinique	-1
el_salvador	haiti	-1
el_salvador	belize	-1
el_salvador	argentina	1
el_salvador	dominica	-1
el_salvador	suriname	1
el_salvador	saint_lucia	-1
el_salvador	puerto_rico	-1
el_salvador	british_virgin_islands	-1
el_salvador	ecuador	1
el_salvador	guyana	1
el_salvador	grenada	1
el_salvador	guadeloupe	-1
el_salvador	antigua_barbuda	-1
puerto_rico	united_states	-1
puerto_rico	jamaica	1
puerto_rico	honduras	1
puerto_rico	colombia	1
puerto_rico	mexico	-1
puerto_rico	saint_kitts_nevis	1
puerto_rico	turks_caicos_islands	-1
puerto_rico	sint_maarten	1
puerto_rico	saint_vincent_grenadines	1
puerto_rico	paraguay	1
puerto_rico	nicaragua	1
puerto_rico	barbados	1
puerto_rico	canada	-1
puerto_rico	united_states_virgin_islands	1
puerto_rico	curacao	1
puerto_rico	bolivia	1
puerto_rico	panama	1
puerto_rico	uruguay	1
puerto_rico	bahamas	-1
puerto_rico	bermuda	-1
puerto_rico	aruba	1
puerto_rico	peru	1
puerto_rico	costa_rica	1
puerto_rico	anguilla	1
puerto_rico	venezuela	1
puerto_rico	french_guiana	1
puerto_rico	cayman_islands	-1
puerto_rico	brazil	1
puerto_rico	trinidad_tobago	1
puerto_rico	dominican_republic	-1
puerto_rico	cuba	-1
puerto_rico	guatemala	1
puerto_rico	chile	1
puerto_rico	martinique	1
puerto_rico	haiti	-1
puerto_rico	belize	1
puerto_rico	argentina	1
puerto_rico	dominica	1
puerto_rico	suriname	1
puerto_rico	saint_lucia	1
puerto_rico	el_salvador	1
puerto_rico	british_virgin_islands	-1
puerto_rico	ecuador	1
puerto_rico	guyana	1
puerto_rico	grenada	1
puerto_rico	guadeloupe	1
puerto_rico	antigua_barbuda	1
british_virgin_islands	united_states	-1
british_virgin_islands	jamaica	1
british_virgin_islands	honduras	1
british_virgin_islands	colombia	1
british_virgin_islands	mexico	-1
british_virgin_islands	saint_kitts_nevis	1
british_virgin_islands	turks_caicos_islands	-1
british_virgin_islands	sint_maarten	1
british_virgin_islands	saint_vincent_grenadines	1
british_virgin_islands	paraguay	1
british_virgin_islands	nicaragua	1
british_virgin_islands	barbados	1
british_virgin_islands	canada	-1
british_virgin_islands	united_states_virgin_islands	1
british_virgin_islands	curacao	1
british_virgin_islands	bolivia	1
british_virgin_islands	panama	1
british_virgin_islands	uruguay	1
british_virgin_islands	bahamas	-1
british_virgin_islands	bermuda	-1
british_virgin_islands	aruba	1
british_virgin_islands	peru	1
british_virgin_islands	costa_rica	1
british_virgin_islands	anguilla	1
british_virgin_islands	venezuela	1
british_virgin_islands	french_guiana	1
british_virgin_islands	cayman_islands	-1
british_virgin_islands	brazil	1
british_virgin_islands	trinidad_tobago	1
british_virgin_islands	dominican_republic	-1
british_virgin_islands	cuba	-1
british_virgin_islands	guatemala	1
british_virgin_islands	chile	1
british_virgin_islands	martinique	1
british_virgin_islands	haiti	-1
british_virgin_islands	belize	1
british_virgin_islands	argentina	1
british_virgin_islands	dominica	1
british_virgin_islands	suriname	1
british_virgin_islands	saint_lucia	1
british_virgin_islands	el_salvador	1
british_virgin_islands	puerto_rico	1
british_virgin_islands	ecuador	1
british_virgin_islands	guyana	1
british_virgin_islands	grenada	1
british_virgin_islands	guadeloupe	1
british_virgin_islands	antigua_barbuda	1
ecuador	united_states	-1
ecuador	jamaica	-1
ecuador	honduras	-1
ecuador	colombia	-1
ecuador	mexico	-1
ecuador	saint_kitts_nevis	-1
ecuador	turks_caicos_islands	-1
ecuador	sint_maarten	-1
ecuador	saint_vincent_grenadines	-1
ecuador	paraguay	1
ecuador	nicaragua	-1
ecuador	barbados	-1
ecuador	canada	-1
ecuador	united_states_virgin_islands	-1
ecuador	curacao	-1
ecuador	bolivia	1
ecuador	panama	-1
ecuador	uruguay	1
ecuador	bahamas	-1
ecuador	bermuda	-1
ecuador	aruba	-1
ecuador	peru	1
ecuador	costa_rica	-1
ecuador	anguilla	-1
ecuador	venezuela	-1
ecuador	french_guiana	-1
ecuador	cayman_islands	-1
ecuador	brazil	1
ecuador	trinidad_tobago	-1
ecuador	dominican_republic	-1
ecuador	cuba	-1
ecuador	guatemala	-1
ecuador	chile	1
ecuador	martinique	-1
ecuador	haiti	-1
ecuador	belize	-1
ecuador	argentina	1
ecuador	dominica	-1
ecuador	suriname	-1
ecuador	saint_lucia	-1
ecuador	el_salvador	-1
ecuador	puerto_rico	-1
ecuador	british_virgin_islands	-1
ecuador	guyana	-1
ecuador	grenada	-1
ecuador	guadeloupe	-1
ecuador	antigua_barbuda	-1
guyana	united_states	-1
guyana	jamaica	-1
guyana	honduras	-1
guyana	colombia	1
guyana	mexico	-1
guyana	saint_kitts_nevis	-1
guyana	turks_caicos_islands	-1
guyana	sint_maarten	-1
guyana	saint_vincent_grenadines	-1
guyana	paraguay	1
guyana	nicaragua	-1
guyana	barbados	-1
guyana	canada	-1
guyana	united_states_virgin_islands	-1
guyana	curacao	-1
guyana	bolivia	1
guyana	panama	-1
guyana	uruguay	1
guyana	bahamas	-1
guyana	bermuda	-1
guyana	aruba	-1
guyana	peru	1
guyana	costa_rica	-1
guyana	anguilla	-1
guyana	venezuela	-1
guyana	french_guiana	1
guyana	cayman_islands	-1
guyana	brazil	1
guyana	trinidad_tobago	-1
guyana	dominican_republic	-1
guyana	cuba	-1
guyana	guatemala	-1
guyana	chile	1
guyana	martinique	-1
guyana	haiti	-1
guyana	belize	-1
guyana	argentina	1
guyana	dominica	-1
guyana	suriname	1
guyana	saint_lucia	-1
guyana	el_salvador	-1
guyana	puerto_rico	-1
guyana	british_virgin_islands	-1
guyana	ecuador	1
guyana	grenada	-1
guyana	guadeloupe	-1
guyana	antigua_barbuda	-1
grenada	united_states	-1
grenada	jamaica	-1
grenada	honduras	-1
grenada	colombia	1
grenada	mexico	-1
grenada	saint_kitts_nevis	-1
grenada	turks_caicos_islands	-1
grenada	sint_maarten	-1
grenada	saint_vincent_grenadines	-1
grenada	paraguay	1
grenada	nicaragua	-1
grenada	barbados	-1
grenada	canada	-1
grenada	united_states_virgin_islands	-1
grenada	curacao	1
grenada	bolivia	1
grenada	panama	1
grenada	uruguay	1
grenada	bahamas	-1
grenada	bermuda	-1
grenada	aruba	-1
grenada	peru	1
grenada	costa_rica	1
grenada	anguilla	-1
grenada	venezuela	1
grenada	french_guiana	1
grenada	cayman_islands	-1
grenada	brazil	1
grenada	trinidad_tobago	1
grenada	dominican_republic	-1
grenada	cuba	-1
grenada	guatemala	-1
grenada	chile	1
grenada	martinique	-1
grenada	haiti	-1
grenada	belize	-1
grenada	argentina	1
grenada	dominica	-1
grenada	suriname	1
grenada	saint_lucia	-1
grenada	el_salvador	-1
grenada	puerto_rico	-1
grenada	british_virgin_islands	-1
grenada	ecuador	1
grenada	guyana	1
grenada	guadeloupe	-1
grenada	antigua_barbuda	-1
guadeloupe	united_states	-1
guadeloupe	jamaica	-1
guadeloupe	honduras	1
guadeloupe	colombia	1
guadeloupe	mexico	-1
guadeloupe	saint_kitts_nevis	-1
guadeloupe	turks_caicos_islands	-1
guadeloupe	sint_maarten	-1
guadeloupe	saint_vincent_grenadines	1
guadeloupe	paraguay	1
guadeloupe	nicaragua	1
guadeloupe	barbados	1
guadeloupe	canada	-1
guadeloupe	united_states_virgin_islands	-1
guadeloupe	curacao	1
guadeloupe	bolivia	1
guadeloupe	panama	1
guadeloupe	uruguay	1
guadeloupe	bahamas	-1
guadeloupe	bermuda	-1
guadeloupe	aruba	1
guadeloupe	peru	1
guadeloupe	costa_rica	1
guadeloupe	anguilla	-1
guadeloupe	venezuela	1
guadeloupe	french_guiana	1
guadeloupe	cayman_islands	-1
guadeloupe	brazil	1
guadeloupe	trinidad_tobago	1
guadeloupe	dominican_republic	-1
guadeloupe	cuba	-1
guadeloupe	guatemala	1
guadeloupe	chile	1
guadeloupe	martinique	1
guadeloupe	haiti	-1
guadeloupe	belize	-1
guadeloupe	argentina	1
guadeloupe	dominica	1
guadeloupe	suriname	1
guadeloupe	saint_lucia	1
guadeloupe	el_salvador	1
guadeloupe	puerto_rico	-1
guadeloupe	british_virgin_islands	-1
guadeloupe	ecuador	1
guadeloupe	guyana	1
guadeloupe	grenada	1
guadeloupe	antigua_barbuda	-1
antigua_barbuda	united_states	-1
antigua_barbuda	jamaica	-1
antigua_barbuda	honduras	1
antigua_barbuda	colombia	1
antigua_barbuda	mexico	-1
antigua_barbuda	saint_kitts_nevis	-1
antigua_barbuda	turks_caicos_islands	-1
antigua_barbuda	sint_maarten	-1
antigua_barbuda	saint_vincent_grenadines	1
antigua_barbuda	paraguay	1
antigua_barbuda	nicaragua	1
antigua_barbuda	barbados	1
antigua_barbuda	canada	-1
antigua_barbuda	united_states_virgin_islands	-1
antigua_barbuda	curacao	1
antigua_barbuda	bolivia	1
antigua_barbuda	panama	1
antigua_barbuda	uruguay	1
antigua_barbuda	bahamas	-1
antigua_barbuda	bermuda	-1
antigua_barbuda	aruba	1
antigua_barbuda	peru	1
antigua_barbuda	costa_rica	1
antigua_barbuda	anguilla	-1
antigua_barbuda	venezuela	1
antigua_barbuda	french_guiana	1
antigua_barbuda	cayman_islands	-1
antigua_barbuda	brazil	1
antigua_barbuda	trinidad_tobago	1
antigua_barbuda	dominican_republic	-1
antigua_barbuda	cuba	-1
antigua_barbuda	guatemala	1
antigua_barbuda	chile	1
antigua_barbuda	martinique	1
antigua_barbuda	haiti	-1
antigua_barbuda	belize	-1
antigua_barbuda	argentina	1
antigua_barbuda	dominica	1
antigua_barbuda	suriname	1
antigua_barbuda	saint_lucia	1
antigua_barbuda	el_salvador	1
antigua_barbuda	puerto_rico	-1
antigua_barbuda	british_virgin_islands	-1
antigua_barbuda	ecuador	1
antigua_barbuda	guyana	1
antigua_barbuda	grenada	1
antigua_barbuda	guadeloupe	1
