origin	destination	origin_zika_suitability
canada	united_states	0.0
canada	bermuda	0.0
canada	mexico	0.0
canada	belize	0.0
canada	guatemala	0.0
canada	honduras	0.0
canada	el_salvador	0.0
canada	nicaragua	0.0
canada	costa_rica	0.0
canada	panama	0.0
canada	bahamas	0.0
canada	cuba	0.0
canada	turks_caicos_islands	0.0
canada	cayman_islands	0.0
canada	jamaica	0.0
canada	haiti	0.0
canada	dominican_republic	0.0
canada	puerto_rico	0.0
canada	united_states_virgin_islands	0.0
canada	saint_kitts_nevis	0.0
canada	antigua_barbuda	0.0
canada	guadeloupe	0.0
canada	dominica	0.0
canada	martinique	0.0
canada	saint_lucia	0.0
canada	saint_vincent_grenadines	0.0
canada	barbados	0.0
canada	grenada	0.0
canada	trinidad_tobago	0.0
canada	curacao	0.0
canada	aruba	0.0
canada	french_guiana	0.0
canada	suriname	0.0
canada	guyana	0.0
canada	venezuela	0.0
canada	colombia	0.0
canada	ecuador	0.0
canada	peru	0.0
canada	bolivia	0.0
canada	brazil	0.0
canada	paraguay	0.0
canada	uruguay	0.0
canada	argentina	0.0
canada	chile	0.0
united_states	canada	0.208427240631
united_states	bermuda	0.208427240631
united_states	mexico	0.208427240631
united_states	belize	0.208427240631
united_states	guatemala	0.208427240631
united_states	honduras	0.208427240631
united_states	el_salvador	0.208427240631
united_states	nicaragua	0.208427240631
united_states	costa_rica	0.208427240631
united_states	panama	0.208427240631
united_states	bahamas	0.208427240631
united_states	cuba	0.208427240631
united_states	turks_caicos_islands	0.208427240631
united_states	cayman_islands	0.208427240631
united_states	jamaica	0.208427240631
united_states	haiti	0.208427240631
united_states	dominican_republic	0.208427240631
united_states	puerto_rico	0.208427240631
united_states	united_states_virgin_islands	0.208427240631
united_states	saint_kitts_nevis	0.208427240631
united_states	antigua_barbuda	0.208427240631
united_states	guadeloupe	0.208427240631
united_states	dominica	0.208427240631
united_states	martinique	0.208427240631
united_states	saint_lucia	0.208427240631
united_states	saint_vincent_grenadines	0.208427240631
united_states	barbados	0.208427240631
united_states	grenada	0.208427240631
united_states	trinidad_tobago	0.208427240631
united_states	curacao	0.208427240631
united_states	aruba	0.208427240631
united_states	french_guiana	0.208427240631
united_states	suriname	0.208427240631
united_states	guyana	0.208427240631
united_states	venezuela	0.208427240631
united_states	colombia	0.208427240631
united_states	ecuador	0.208427240631
united_states	peru	0.208427240631
united_states	bolivia	0.208427240631
united_states	brazil	0.208427240631
united_states	paraguay	0.208427240631
united_states	uruguay	0.208427240631
united_states	argentina	0.208427240631
united_states	chile	0.208427240631
bermuda	canada	0.0997563110907
bermuda	united_states	0.0997563110907
bermuda	mexico	0.0997563110907
bermuda	belize	0.0997563110907
bermuda	guatemala	0.0997563110907
bermuda	honduras	0.0997563110907
bermuda	el_salvador	0.0997563110907
bermuda	nicaragua	0.0997563110907
bermuda	costa_rica	0.0997563110907
bermuda	panama	0.0997563110907
bermuda	bahamas	0.0997563110907
bermuda	cuba	0.0997563110907
bermuda	turks_caicos_islands	0.0997563110907
bermuda	cayman_islands	0.0997563110907
bermuda	jamaica	0.0997563110907
bermuda	haiti	0.0997563110907
bermuda	dominican_republic	0.0997563110907
bermuda	puerto_rico	0.0997563110907
bermuda	united_states_virgin_islands	0.0997563110907
bermuda	saint_kitts_nevis	0.0997563110907
bermuda	antigua_barbuda	0.0997563110907
bermuda	guadeloupe	0.0997563110907
bermuda	dominica	0.0997563110907
bermuda	martinique	0.0997563110907
bermuda	saint_lucia	0.0997563110907
bermuda	saint_vincent_grenadines	0.0997563110907
bermuda	barbados	0.0997563110907
bermuda	grenada	0.0997563110907
bermuda	trinidad_tobago	0.0997563110907
bermuda	curacao	0.0997563110907
bermuda	aruba	0.0997563110907
bermuda	french_guiana	0.0997563110907
bermuda	suriname	0.0997563110907
bermuda	guyana	0.0997563110907
bermuda	venezuela	0.0997563110907
bermuda	colombia	0.0997563110907
bermuda	ecuador	0.0997563110907
bermuda	peru	0.0997563110907
bermuda	bolivia	0.0997563110907
bermuda	brazil	0.0997563110907
bermuda	paraguay	0.0997563110907
bermuda	uruguay	0.0997563110907
bermuda	argentina	0.0997563110907
bermuda	chile	0.0997563110907
mexico	canada	0.306216470124
mexico	united_states	0.306216470124
mexico	bermuda	0.306216470124
mexico	belize	0.306216470124
mexico	guatemala	0.306216470124
mexico	honduras	0.306216470124
mexico	el_salvador	0.306216470124
mexico	nicaragua	0.306216470124
mexico	costa_rica	0.306216470124
mexico	panama	0.306216470124
mexico	bahamas	0.306216470124
mexico	cuba	0.306216470124
mexico	turks_caicos_islands	0.306216470124
mexico	cayman_islands	0.306216470124
mexico	jamaica	0.306216470124
mexico	haiti	0.306216470124
mexico	dominican_republic	0.306216470124
mexico	puerto_rico	0.306216470124
mexico	united_states_virgin_islands	0.306216470124
mexico	saint_kitts_nevis	0.306216470124
mexico	antigua_barbuda	0.306216470124
mexico	guadeloupe	0.306216470124
mexico	dominica	0.306216470124
mexico	martinique	0.306216470124
mexico	saint_lucia	0.306216470124
mexico	saint_vincent_grenadines	0.306216470124
mexico	barbados	0.306216470124
mexico	grenada	0.306216470124
mexico	trinidad_tobago	0.306216470124
mexico	curacao	0.306216470124
mexico	aruba	0.306216470124
mexico	french_guiana	0.306216470124
mexico	suriname	0.306216470124
mexico	guyana	0.306216470124
mexico	venezuela	0.306216470124
mexico	colombia	0.306216470124
mexico	ecuador	0.306216470124
mexico	peru	0.306216470124
mexico	bolivia	0.306216470124
mexico	brazil	0.306216470124
mexico	paraguay	0.306216470124
mexico	uruguay	0.306216470124
mexico	argentina	0.306216470124
mexico	chile	0.306216470124
belize	canada	0.804038059215
belize	united_states	0.804038059215
belize	bermuda	0.804038059215
belize	mexico	0.804038059215
belize	guatemala	0.804038059215
belize	honduras	0.804038059215
belize	el_salvador	0.804038059215
belize	nicaragua	0.804038059215
belize	costa_rica	0.804038059215
belize	panama	0.804038059215
belize	bahamas	0.804038059215
belize	cuba	0.804038059215
belize	turks_caicos_islands	0.804038059215
belize	cayman_islands	0.804038059215
belize	jamaica	0.804038059215
belize	haiti	0.804038059215
belize	dominican_republic	0.804038059215
belize	puerto_rico	0.804038059215
belize	united_states_virgin_islands	0.804038059215
belize	saint_kitts_nevis	0.804038059215
belize	antigua_barbuda	0.804038059215
belize	guadeloupe	0.804038059215
belize	dominica	0.804038059215
belize	martinique	0.804038059215
belize	saint_lucia	0.804038059215
belize	saint_vincent_grenadines	0.804038059215
belize	barbados	0.804038059215
belize	grenada	0.804038059215
belize	trinidad_tobago	0.804038059215
belize	curacao	0.804038059215
belize	aruba	0.804038059215
belize	french_guiana	0.804038059215
belize	suriname	0.804038059215
belize	guyana	0.804038059215
belize	venezuela	0.804038059215
belize	colombia	0.804038059215
belize	ecuador	0.804038059215
belize	peru	0.804038059215
belize	bolivia	0.804038059215
belize	brazil	0.804038059215
belize	paraguay	0.804038059215
belize	uruguay	0.804038059215
belize	argentina	0.804038059215
belize	chile	0.804038059215
guatemala	canada	0.450046876928
guatemala	united_states	0.450046876928
guatemala	bermuda	0.450046876928
guatemala	mexico	0.450046876928
guatemala	belize	0.450046876928
guatemala	honduras	0.450046876928
guatemala	el_salvador	0.450046876928
guatemala	nicaragua	0.450046876928
guatemala	costa_rica	0.450046876928
guatemala	panama	0.450046876928
guatemala	bahamas	0.450046876928
guatemala	cuba	0.450046876928
guatemala	turks_caicos_islands	0.450046876928
guatemala	cayman_islands	0.450046876928
guatemala	jamaica	0.450046876928
guatemala	haiti	0.450046876928
guatemala	dominican_republic	0.450046876928
guatemala	puerto_rico	0.450046876928
guatemala	united_states_virgin_islands	0.450046876928
guatemala	saint_kitts_nevis	0.450046876928
guatemala	antigua_barbuda	0.450046876928
guatemala	guadeloupe	0.450046876928
guatemala	dominica	0.450046876928
guatemala	martinique	0.450046876928
guatemala	saint_lucia	0.450046876928
guatemala	saint_vincent_grenadines	0.450046876928
guatemala	barbados	0.450046876928
guatemala	grenada	0.450046876928
guatemala	trinidad_tobago	0.450046876928
guatemala	curacao	0.450046876928
guatemala	aruba	0.450046876928
guatemala	french_guiana	0.450046876928
guatemala	suriname	0.450046876928
guatemala	guyana	0.450046876928
guatemala	venezuela	0.450046876928
guatemala	colombia	0.450046876928
guatemala	ecuador	0.450046876928
guatemala	peru	0.450046876928
guatemala	bolivia	0.450046876928
guatemala	brazil	0.450046876928
guatemala	paraguay	0.450046876928
guatemala	uruguay	0.450046876928
guatemala	argentina	0.450046876928
guatemala	chile	0.450046876928
honduras	canada	0.863965033278
honduras	united_states	0.863965033278
honduras	bermuda	0.863965033278
honduras	mexico	0.863965033278
honduras	belize	0.863965033278
honduras	guatemala	0.863965033278
honduras	el_salvador	0.863965033278
honduras	nicaragua	0.863965033278
honduras	costa_rica	0.863965033278
honduras	panama	0.863965033278
honduras	bahamas	0.863965033278
honduras	cuba	0.863965033278
honduras	turks_caicos_islands	0.863965033278
honduras	cayman_islands	0.863965033278
honduras	jamaica	0.863965033278
honduras	haiti	0.863965033278
honduras	dominican_republic	0.863965033278
honduras	puerto_rico	0.863965033278
honduras	united_states_virgin_islands	0.863965033278
honduras	saint_kitts_nevis	0.863965033278
honduras	antigua_barbuda	0.863965033278
honduras	guadeloupe	0.863965033278
honduras	dominica	0.863965033278
honduras	martinique	0.863965033278
honduras	saint_lucia	0.863965033278
honduras	saint_vincent_grenadines	0.863965033278
honduras	barbados	0.863965033278
honduras	grenada	0.863965033278
honduras	trinidad_tobago	0.863965033278
honduras	curacao	0.863965033278
honduras	aruba	0.863965033278
honduras	french_guiana	0.863965033278
honduras	suriname	0.863965033278
honduras	guyana	0.863965033278
honduras	venezuela	0.863965033278
honduras	colombia	0.863965033278
honduras	ecuador	0.863965033278
honduras	peru	0.863965033278
honduras	bolivia	0.863965033278
honduras	brazil	0.863965033278
honduras	paraguay	0.863965033278
honduras	uruguay	0.863965033278
honduras	argentina	0.863965033278
honduras	chile	0.863965033278
el_salvador	canada	0.950706376279
el_salvador	united_states	0.950706376279
el_salvador	bermuda	0.950706376279
el_salvador	mexico	0.950706376279
el_salvador	belize	0.950706376279
el_salvador	guatemala	0.950706376279
el_salvador	honduras	0.950706376279
el_salvador	nicaragua	0.950706376279
el_salvador	costa_rica	0.950706376279
el_salvador	panama	0.950706376279
el_salvador	bahamas	0.950706376279
el_salvador	cuba	0.950706376279
el_salvador	turks_caicos_islands	0.950706376279
el_salvador	cayman_islands	0.950706376279
el_salvador	jamaica	0.950706376279
el_salvador	haiti	0.950706376279
el_salvador	dominican_republic	0.950706376279
el_salvador	puerto_rico	0.950706376279
el_salvador	united_states_virgin_islands	0.950706376279
el_salvador	saint_kitts_nevis	0.950706376279
el_salvador	antigua_barbuda	0.950706376279
el_salvador	guadeloupe	0.950706376279
el_salvador	dominica	0.950706376279
el_salvador	martinique	0.950706376279
el_salvador	saint_lucia	0.950706376279
el_salvador	saint_vincent_grenadines	0.950706376279
el_salvador	barbados	0.950706376279
el_salvador	grenada	0.950706376279
el_salvador	trinidad_tobago	0.950706376279
el_salvador	curacao	0.950706376279
el_salvador	aruba	0.950706376279
el_salvador	french_guiana	0.950706376279
el_salvador	suriname	0.950706376279
el_salvador	guyana	0.950706376279
el_salvador	venezuela	0.950706376279
el_salvador	colombia	0.950706376279
el_salvador	ecuador	0.950706376279
el_salvador	peru	0.950706376279
el_salvador	bolivia	0.950706376279
el_salvador	brazil	0.950706376279
el_salvador	paraguay	0.950706376279
el_salvador	uruguay	0.950706376279
el_salvador	argentina	0.950706376279
el_salvador	chile	0.950706376279
nicaragua	canada	0.892162151455
nicaragua	united_states	0.892162151455
nicaragua	bermuda	0.892162151455
nicaragua	mexico	0.892162151455
nicaragua	belize	0.892162151455
nicaragua	guatemala	0.892162151455
nicaragua	honduras	0.892162151455
nicaragua	el_salvador	0.892162151455
nicaragua	costa_rica	0.892162151455
nicaragua	panama	0.892162151455
nicaragua	bahamas	0.892162151455
nicaragua	cuba	0.892162151455
nicaragua	turks_caicos_islands	0.892162151455
nicaragua	cayman_islands	0.892162151455
nicaragua	jamaica	0.892162151455
nicaragua	haiti	0.892162151455
nicaragua	dominican_republic	0.892162151455
nicaragua	puerto_rico	0.892162151455
nicaragua	united_states_virgin_islands	0.892162151455
nicaragua	saint_kitts_nevis	0.892162151455
nicaragua	antigua_barbuda	0.892162151455
nicaragua	guadeloupe	0.892162151455
nicaragua	dominica	0.892162151455
nicaragua	martinique	0.892162151455
nicaragua	saint_lucia	0.892162151455
nicaragua	saint_vincent_grenadines	0.892162151455
nicaragua	barbados	0.892162151455
nicaragua	grenada	0.892162151455
nicaragua	trinidad_tobago	0.892162151455
nicaragua	curacao	0.892162151455
nicaragua	aruba	0.892162151455
nicaragua	french_guiana	0.892162151455
nicaragua	suriname	0.892162151455
nicaragua	guyana	0.892162151455
nicaragua	venezuela	0.892162151455
nicaragua	colombia	0.892162151455
nicaragua	ecuador	0.892162151455
nicaragua	peru	0.892162151455
nicaragua	bolivia	0.892162151455
nicaragua	brazil	0.892162151455
nicaragua	paraguay	0.892162151455
nicaragua	uruguay	0.892162151455
nicaragua	argentina	0.892162151455
nicaragua	chile	0.892162151455
costa_rica	canada	0.864093419316
costa_rica	united_states	0.864093419316
costa_rica	bermuda	0.864093419316
costa_rica	mexico	0.864093419316
costa_rica	belize	0.864093419316
costa_rica	guatemala	0.864093419316
costa_rica	honduras	0.864093419316
costa_rica	el_salvador	0.864093419316
costa_rica	nicaragua	0.864093419316
costa_rica	panama	0.864093419316
costa_rica	bahamas	0.864093419316
costa_rica	cuba	0.864093419316
costa_rica	turks_caicos_islands	0.864093419316
costa_rica	cayman_islands	0.864093419316
costa_rica	jamaica	0.864093419316
costa_rica	haiti	0.864093419316
costa_rica	dominican_republic	0.864093419316
costa_rica	puerto_rico	0.864093419316
costa_rica	united_states_virgin_islands	0.864093419316
costa_rica	saint_kitts_nevis	0.864093419316
costa_rica	antigua_barbuda	0.864093419316
costa_rica	guadeloupe	0.864093419316
costa_rica	dominica	0.864093419316
costa_rica	martinique	0.864093419316
costa_rica	saint_lucia	0.864093419316
costa_rica	saint_vincent_grenadines	0.864093419316
costa_rica	barbados	0.864093419316
costa_rica	grenada	0.864093419316
costa_rica	trinidad_tobago	0.864093419316
costa_rica	curacao	0.864093419316
costa_rica	aruba	0.864093419316
costa_rica	french_guiana	0.864093419316
costa_rica	suriname	0.864093419316
costa_rica	guyana	0.864093419316
costa_rica	venezuela	0.864093419316
costa_rica	colombia	0.864093419316
costa_rica	ecuador	0.864093419316
costa_rica	peru	0.864093419316
costa_rica	bolivia	0.864093419316
costa_rica	brazil	0.864093419316
costa_rica	paraguay	0.864093419316
costa_rica	uruguay	0.864093419316
costa_rica	argentina	0.864093419316
costa_rica	chile	0.864093419316
panama	canada	0.921726049343
panama	united_states	0.921726049343
panama	bermuda	0.921726049343
panama	mexico	0.921726049343
panama	belize	0.921726049343
panama	guatemala	0.921726049343
panama	honduras	0.921726049343
panama	el_salvador	0.921726049343
panama	nicaragua	0.921726049343
panama	costa_rica	0.921726049343
panama	bahamas	0.921726049343
panama	cuba	0.921726049343
panama	turks_caicos_islands	0.921726049343
panama	cayman_islands	0.921726049343
panama	jamaica	0.921726049343
panama	haiti	0.921726049343
panama	dominican_republic	0.921726049343
panama	puerto_rico	0.921726049343
panama	united_states_virgin_islands	0.921726049343
panama	saint_kitts_nevis	0.921726049343
panama	antigua_barbuda	0.921726049343
panama	guadeloupe	0.921726049343
panama	dominica	0.921726049343
panama	martinique	0.921726049343
panama	saint_lucia	0.921726049343
panama	saint_vincent_grenadines	0.921726049343
panama	barbados	0.921726049343
panama	grenada	0.921726049343
panama	trinidad_tobago	0.921726049343
panama	curacao	0.921726049343
panama	aruba	0.921726049343
panama	french_guiana	0.921726049343
panama	suriname	0.921726049343
panama	guyana	0.921726049343
panama	venezuela	0.921726049343
panama	colombia	0.921726049343
panama	ecuador	0.921726049343
panama	peru	0.921726049343
panama	bolivia	0.921726049343
panama	brazil	0.921726049343
panama	paraguay	0.921726049343
panama	uruguay	0.921726049343
panama	argentina	0.921726049343
panama	chile	0.921726049343
bahamas	canada	0.83971909095
bahamas	united_states	0.83971909095
bahamas	bermuda	0.83971909095
bahamas	mexico	0.83971909095
bahamas	belize	0.83971909095
bahamas	guatemala	0.83971909095
bahamas	honduras	0.83971909095
bahamas	el_salvador	0.83971909095
bahamas	nicaragua	0.83971909095
bahamas	costa_rica	0.83971909095
bahamas	panama	0.83971909095
bahamas	cuba	0.83971909095
bahamas	turks_caicos_islands	0.83971909095
bahamas	cayman_islands	0.83971909095
bahamas	jamaica	0.83971909095
bahamas	haiti	0.83971909095
bahamas	dominican_republic	0.83971909095
bahamas	puerto_rico	0.83971909095
bahamas	united_states_virgin_islands	0.83971909095
bahamas	saint_kitts_nevis	0.83971909095
bahamas	antigua_barbuda	0.83971909095
bahamas	guadeloupe	0.83971909095
bahamas	dominica	0.83971909095
bahamas	martinique	0.83971909095
bahamas	saint_lucia	0.83971909095
bahamas	saint_vincent_grenadines	0.83971909095
bahamas	barbados	0.83971909095
bahamas	grenada	0.83971909095
bahamas	trinidad_tobago	0.83971909095
bahamas	curacao	0.83971909095
bahamas	aruba	0.83971909095
bahamas	french_guiana	0.83971909095
bahamas	suriname	0.83971909095
bahamas	guyana	0.83971909095
bahamas	venezuela	0.83971909095
bahamas	colombia	0.83971909095
bahamas	ecuador	0.83971909095
bahamas	peru	0.83971909095
bahamas	bolivia	0.83971909095
bahamas	brazil	0.83971909095
bahamas	paraguay	0.83971909095
bahamas	uruguay	0.83971909095
bahamas	argentina	0.83971909095
bahamas	chile	0.83971909095
cuba	canada	0.878205230078
cuba	united_states	0.878205230078
cuba	bermuda	0.878205230078
cuba	mexico	0.878205230078
cuba	belize	0.878205230078
cuba	guatemala	0.878205230078
cuba	honduras	0.878205230078
cuba	el_salvador	0.878205230078
cuba	nicaragua	0.878205230078
cuba	costa_rica	0.878205230078
cuba	panama	0.878205230078
cuba	bahamas	0.878205230078
cuba	turks_caicos_islands	0.878205230078
cuba	cayman_islands	0.878205230078
cuba	jamaica	0.878205230078
cuba	haiti	0.878205230078
cuba	dominican_republic	0.878205230078
cuba	puerto_rico	0.878205230078
cuba	united_states_virgin_islands	0.878205230078
cuba	saint_kitts_nevis	0.878205230078
cuba	antigua_barbuda	0.878205230078
cuba	guadeloupe	0.878205230078
cuba	dominica	0.878205230078
cuba	martinique	0.878205230078
cuba	saint_lucia	0.878205230078
cuba	saint_vincent_grenadines	0.878205230078
cuba	barbados	0.878205230078
cuba	grenada	0.878205230078
cuba	trinidad_tobago	0.878205230078
cuba	curacao	0.878205230078
cuba	aruba	0.878205230078
cuba	french_guiana	0.878205230078
cuba	suriname	0.878205230078
cuba	guyana	0.878205230078
cuba	venezuela	0.878205230078
cuba	colombia	0.878205230078
cuba	ecuador	0.878205230078
cuba	peru	0.878205230078
cuba	bolivia	0.878205230078
cuba	brazil	0.878205230078
cuba	paraguay	0.878205230078
cuba	uruguay	0.878205230078
cuba	argentina	0.878205230078
cuba	chile	0.878205230078
turks_caicos_islands	canada	0.1217979408
turks_caicos_islands	united_states	0.1217979408
turks_caicos_islands	bermuda	0.1217979408
turks_caicos_islands	mexico	0.1217979408
turks_caicos_islands	belize	0.1217979408
turks_caicos_islands	guatemala	0.1217979408
turks_caicos_islands	honduras	0.1217979408
turks_caicos_islands	el_salvador	0.1217979408
turks_caicos_islands	nicaragua	0.1217979408
turks_caicos_islands	costa_rica	0.1217979408
turks_caicos_islands	panama	0.1217979408
turks_caicos_islands	bahamas	0.1217979408
turks_caicos_islands	cuba	0.1217979408
turks_caicos_islands	cayman_islands	0.1217979408
turks_caicos_islands	jamaica	0.1217979408
turks_caicos_islands	haiti	0.1217979408
turks_caicos_islands	dominican_republic	0.1217979408
turks_caicos_islands	puerto_rico	0.1217979408
turks_caicos_islands	united_states_virgin_islands	0.1217979408
turks_caicos_islands	saint_kitts_nevis	0.1217979408
turks_caicos_islands	antigua_barbuda	0.1217979408
turks_caicos_islands	guadeloupe	0.1217979408
turks_caicos_islands	dominica	0.1217979408
turks_caicos_islands	martinique	0.1217979408
turks_caicos_islands	saint_lucia	0.1217979408
turks_caicos_islands	saint_vincent_grenadines	0.1217979408
turks_caicos_islands	barbados	0.1217979408
turks_caicos_islands	grenada	0.1217979408
turks_caicos_islands	trinidad_tobago	0.1217979408
turks_caicos_islands	curacao	0.1217979408
turks_caicos_islands	aruba	0.1217979408
turks_caicos_islands	french_guiana	0.1217979408
turks_caicos_islands	suriname	0.1217979408
turks_caicos_islands	guyana	0.1217979408
turks_caicos_islands	venezuela	0.1217979408
turks_caicos_islands	colombia	0.1217979408
turks_caicos_islands	ecuador	0.1217979408
turks_caicos_islands	peru	0.1217979408
turks_caicos_islands	bolivia	0.1217979408
turks_caicos_islands	brazil	0.1217979408
turks_caicos_islands	paraguay	0.1217979408
turks_caicos_islands	uruguay	0.1217979408
turks_caicos_islands	argentina	0.1217979408
turks_caicos_islands	chile	0.1217979408
cayman_islands	canada	0.305684872765
cayman_islands	united_states	0.305684872765
cayman_islands	bermuda	0.305684872765
cayman_islands	mexico	0.305684872765
cayman_islands	belize	0.305684872765
cayman_islands	guatemala	0.305684872765
cayman_islands	honduras	0.305684872765
cayman_islands	el_salvador	0.305684872765
cayman_islands	nicaragua	0.305684872765
cayman_islands	costa_rica	0.305684872765
cayman_islands	panama	0.305684872765
cayman_islands	bahamas	0.305684872765
cayman_islands	cuba	0.305684872765
cayman_islands	turks_caicos_islands	0.305684872765
cayman_islands	jamaica	0.305684872765
cayman_islands	haiti	0.305684872765
cayman_islands	dominican_republic	0.305684872765
cayman_islands	puerto_rico	0.305684872765
cayman_islands	united_states_virgin_islands	0.305684872765
cayman_islands	saint_kitts_nevis	0.305684872765
cayman_islands	antigua_barbuda	0.305684872765
cayman_islands	guadeloupe	0.305684872765
cayman_islands	dominica	0.305684872765
cayman_islands	martinique	0.305684872765
cayman_islands	saint_lucia	0.305684872765
cayman_islands	saint_vincent_grenadines	0.305684872765
cayman_islands	barbados	0.305684872765
cayman_islands	grenada	0.305684872765
cayman_islands	trinidad_tobago	0.305684872765
cayman_islands	curacao	0.305684872765
cayman_islands	aruba	0.305684872765
cayman_islands	french_guiana	0.305684872765
cayman_islands	suriname	0.305684872765
cayman_islands	guyana	0.305684872765
cayman_islands	venezuela	0.305684872765
cayman_islands	colombia	0.305684872765
cayman_islands	ecuador	0.305684872765
cayman_islands	peru	0.305684872765
cayman_islands	bolivia	0.305684872765
cayman_islands	brazil	0.305684872765
cayman_islands	paraguay	0.305684872765
cayman_islands	uruguay	0.305684872765
cayman_islands	argentina	0.305684872765
cayman_islands	chile	0.305684872765
jamaica	canada	0.898899334178
jamaica	united_states	0.898899334178
jamaica	bermuda	0.898899334178
jamaica	mexico	0.898899334178
jamaica	belize	0.898899334178
jamaica	guatemala	0.898899334178
jamaica	honduras	0.898899334178
jamaica	el_salvador	0.898899334178
jamaica	nicaragua	0.898899334178
jamaica	costa_rica	0.898899334178
jamaica	panama	0.898899334178
jamaica	bahamas	0.898899334178
jamaica	cuba	0.898899334178
jamaica	turks_caicos_islands	0.898899334178
jamaica	cayman_islands	0.898899334178
jamaica	haiti	0.898899334178
jamaica	dominican_republic	0.898899334178
jamaica	puerto_rico	0.898899334178
jamaica	united_states_virgin_islands	0.898899334178
jamaica	saint_kitts_nevis	0.898899334178
jamaica	antigua_barbuda	0.898899334178
jamaica	guadeloupe	0.898899334178
jamaica	dominica	0.898899334178
jamaica	martinique	0.898899334178
jamaica	saint_lucia	0.898899334178
jamaica	saint_vincent_grenadines	0.898899334178
jamaica	barbados	0.898899334178
jamaica	grenada	0.898899334178
jamaica	trinidad_tobago	0.898899334178
jamaica	curacao	0.898899334178
jamaica	aruba	0.898899334178
jamaica	french_guiana	0.898899334178
jamaica	suriname	0.898899334178
jamaica	guyana	0.898899334178
jamaica	venezuela	0.898899334178
jamaica	colombia	0.898899334178
jamaica	ecuador	0.898899334178
jamaica	peru	0.898899334178
jamaica	bolivia	0.898899334178
jamaica	brazil	0.898899334178
jamaica	paraguay	0.898899334178
jamaica	uruguay	0.898899334178
jamaica	argentina	0.898899334178
jamaica	chile	0.898899334178
haiti	canada	0.926644006465
haiti	united_states	0.926644006465
haiti	bermuda	0.926644006465
haiti	mexico	0.926644006465
haiti	belize	0.926644006465
haiti	guatemala	0.926644006465
haiti	honduras	0.926644006465
haiti	el_salvador	0.926644006465
haiti	nicaragua	0.926644006465
haiti	costa_rica	0.926644006465
haiti	panama	0.926644006465
haiti	bahamas	0.926644006465
haiti	cuba	0.926644006465
haiti	turks_caicos_islands	0.926644006465
haiti	cayman_islands	0.926644006465
haiti	jamaica	0.926644006465
haiti	dominican_republic	0.926644006465
haiti	puerto_rico	0.926644006465
haiti	united_states_virgin_islands	0.926644006465
haiti	saint_kitts_nevis	0.926644006465
haiti	antigua_barbuda	0.926644006465
haiti	guadeloupe	0.926644006465
haiti	dominica	0.926644006465
haiti	martinique	0.926644006465
haiti	saint_lucia	0.926644006465
haiti	saint_vincent_grenadines	0.926644006465
haiti	barbados	0.926644006465
haiti	grenada	0.926644006465
haiti	trinidad_tobago	0.926644006465
haiti	curacao	0.926644006465
haiti	aruba	0.926644006465
haiti	french_guiana	0.926644006465
haiti	suriname	0.926644006465
haiti	guyana	0.926644006465
haiti	venezuela	0.926644006465
haiti	colombia	0.926644006465
haiti	ecuador	0.926644006465
haiti	peru	0.926644006465
haiti	bolivia	0.926644006465
haiti	brazil	0.926644006465
haiti	paraguay	0.926644006465
haiti	uruguay	0.926644006465
haiti	argentina	0.926644006465
haiti	chile	0.926644006465
dominican_republic	canada	0.895871517796
dominican_republic	united_states	0.895871517796
dominican_republic	bermuda	0.895871517796
dominican_republic	mexico	0.895871517796
dominican_republic	belize	0.895871517796
dominican_republic	guatemala	0.895871517796
dominican_republic	honduras	0.895871517796
dominican_republic	el_salvador	0.895871517796
dominican_republic	nicaragua	0.895871517796
dominican_republic	costa_rica	0.895871517796
dominican_republic	panama	0.895871517796
dominican_republic	bahamas	0.895871517796
dominican_republic	cuba	0.895871517796
dominican_republic	turks_caicos_islands	0.895871517796
dominican_republic	cayman_islands	0.895871517796
dominican_republic	jamaica	0.895871517796
dominican_republic	haiti	0.895871517796
dominican_republic	puerto_rico	0.895871517796
dominican_republic	united_states_virgin_islands	0.895871517796
dominican_republic	saint_kitts_nevis	0.895871517796
dominican_republic	antigua_barbuda	0.895871517796
dominican_republic	guadeloupe	0.895871517796
dominican_republic	dominica	0.895871517796
dominican_republic	martinique	0.895871517796
dominican_republic	saint_lucia	0.895871517796
dominican_republic	saint_vincent_grenadines	0.895871517796
dominican_republic	barbados	0.895871517796
dominican_republic	grenada	0.895871517796
dominican_republic	trinidad_tobago	0.895871517796
dominican_republic	curacao	0.895871517796
dominican_republic	aruba	0.895871517796
dominican_republic	french_guiana	0.895871517796
dominican_republic	suriname	0.895871517796
dominican_republic	guyana	0.895871517796
dominican_republic	venezuela	0.895871517796
dominican_republic	colombia	0.895871517796
dominican_republic	ecuador	0.895871517796
dominican_republic	peru	0.895871517796
dominican_republic	bolivia	0.895871517796
dominican_republic	brazil	0.895871517796
dominican_republic	paraguay	0.895871517796
dominican_republic	uruguay	0.895871517796
dominican_republic	argentina	0.895871517796
dominican_republic	chile	0.895871517796
puerto_rico	canada	0.952846921639
puerto_rico	united_states	0.952846921639
puerto_rico	bermuda	0.952846921639
puerto_rico	mexico	0.952846921639
puerto_rico	belize	0.952846921639
puerto_rico	guatemala	0.952846921639
puerto_rico	honduras	0.952846921639
puerto_rico	el_salvador	0.952846921639
puerto_rico	nicaragua	0.952846921639
puerto_rico	costa_rica	0.952846921639
puerto_rico	panama	0.952846921639
puerto_rico	bahamas	0.952846921639
puerto_rico	cuba	0.952846921639
puerto_rico	turks_caicos_islands	0.952846921639
puerto_rico	cayman_islands	0.952846921639
puerto_rico	jamaica	0.952846921639
puerto_rico	haiti	0.952846921639
puerto_rico	dominican_republic	0.952846921639
puerto_rico	united_states_virgin_islands	0.952846921639
puerto_rico	saint_kitts_nevis	0.952846921639
puerto_rico	antigua_barbuda	0.952846921639
puerto_rico	guadeloupe	0.952846921639
puerto_rico	dominica	0.952846921639
puerto_rico	martinique	0.952846921639
puerto_rico	saint_lucia	0.952846921639
puerto_rico	saint_vincent_grenadines	0.952846921639
puerto_rico	barbados	0.952846921639
puerto_rico	grenada	0.952846921639
puerto_rico	trinidad_tobago	0.952846921639
puerto_rico	curacao	0.952846921639
puerto_rico	aruba	0.952846921639
puerto_rico	french_guiana	0.952846921639
puerto_rico	suriname	0.952846921639
puerto_rico	guyana	0.952846921639
puerto_rico	venezuela	0.952846921639
puerto_rico	colombia	0.952846921639
puerto_rico	ecuador	0.952846921639
puerto_rico	peru	0.952846921639
puerto_rico	bolivia	0.952846921639
puerto_rico	brazil	0.952846921639
puerto_rico	paraguay	0.952846921639
puerto_rico	uruguay	0.952846921639
puerto_rico	argentina	0.952846921639
puerto_rico	chile	0.952846921639
united_states_virgin_islands	canada	0.535347058929
united_states_virgin_islands	united_states	0.535347058929
united_states_virgin_islands	bermuda	0.535347058929
united_states_virgin_islands	mexico	0.535347058929
united_states_virgin_islands	belize	0.535347058929
united_states_virgin_islands	guatemala	0.535347058929
united_states_virgin_islands	honduras	0.535347058929
united_states_virgin_islands	el_salvador	0.535347058929
united_states_virgin_islands	nicaragua	0.535347058929
united_states_virgin_islands	costa_rica	0.535347058929
united_states_virgin_islands	panama	0.535347058929
united_states_virgin_islands	bahamas	0.535347058929
united_states_virgin_islands	cuba	0.535347058929
united_states_virgin_islands	turks_caicos_islands	0.535347058929
united_states_virgin_islands	cayman_islands	0.535347058929
united_states_virgin_islands	jamaica	0.535347058929
united_states_virgin_islands	haiti	0.535347058929
united_states_virgin_islands	dominican_republic	0.535347058929
united_states_virgin_islands	puerto_rico	0.535347058929
united_states_virgin_islands	saint_kitts_nevis	0.535347058929
united_states_virgin_islands	antigua_barbuda	0.535347058929
united_states_virgin_islands	guadeloupe	0.535347058929
united_states_virgin_islands	dominica	0.535347058929
united_states_virgin_islands	martinique	0.535347058929
united_states_virgin_islands	saint_lucia	0.535347058929
united_states_virgin_islands	saint_vincent_grenadines	0.535347058929
united_states_virgin_islands	barbados	0.535347058929
united_states_virgin_islands	grenada	0.535347058929
united_states_virgin_islands	trinidad_tobago	0.535347058929
united_states_virgin_islands	curacao	0.535347058929
united_states_virgin_islands	aruba	0.535347058929
united_states_virgin_islands	french_guiana	0.535347058929
united_states_virgin_islands	suriname	0.535347058929
united_states_virgin_islands	guyana	0.535347058929
united_states_virgin_islands	venezuela	0.535347058929
united_states_virgin_islands	colombia	0.535347058929
united_states_virgin_islands	ecuador	0.535347058929
united_states_virgin_islands	peru	0.535347058929
united_states_virgin_islands	bolivia	0.535347058929
united_states_virgin_islands	brazil	0.535347058929
united_states_virgin_islands	paraguay	0.535347058929
united_states_virgin_islands	uruguay	0.535347058929
united_states_virgin_islands	argentina	0.535347058929
united_states_virgin_islands	chile	0.535347058929
saint_kitts_nevis	canada	0.199813827357
saint_kitts_nevis	united_states	0.199813827357
saint_kitts_nevis	bermuda	0.199813827357
saint_kitts_nevis	mexico	0.199813827357
saint_kitts_nevis	belize	0.199813827357
saint_kitts_nevis	guatemala	0.199813827357
saint_kitts_nevis	honduras	0.199813827357
saint_kitts_nevis	el_salvador	0.199813827357
saint_kitts_nevis	nicaragua	0.199813827357
saint_kitts_nevis	costa_rica	0.199813827357
saint_kitts_nevis	panama	0.199813827357
saint_kitts_nevis	bahamas	0.199813827357
saint_kitts_nevis	cuba	0.199813827357
saint_kitts_nevis	turks_caicos_islands	0.199813827357
saint_kitts_nevis	cayman_islands	0.199813827357
saint_kitts_nevis	jamaica	0.199813827357
saint_kitts_nevis	haiti	0.199813827357
saint_kitts_nevis	dominican_republic	0.199813827357
saint_kitts_nevis	puerto_rico	0.199813827357
saint_kitts_nevis	united_states_virgin_islands	0.199813827357
saint_kitts_nevis	antigua_barbuda	0.199813827357
saint_kitts_nevis	guadeloupe	0.199813827357
saint_kitts_nevis	dominica	0.199813827357
saint_kitts_nevis	martinique	0.199813827357
saint_kitts_nevis	saint_lucia	0.199813827357
saint_kitts_nevis	saint_vincent_grenadines	0.199813827357
saint_kitts_nevis	barbados	0.199813827357
saint_kitts_nevis	grenada	0.199813827357
saint_kitts_nevis	trinidad_tobago	0.199813827357
saint_kitts_nevis	curacao	0.199813827357
saint_kitts_nevis	aruba	0.199813827357
saint_kitts_nevis	french_guiana	0.199813827357
saint_kitts_nevis	suriname	0.199813827357
saint_kitts_nevis	guyana	0.199813827357
saint_kitts_nevis	venezuela	0.199813827357
saint_kitts_nevis	colombia	0.199813827357
saint_kitts_nevis	ecuador	0.199813827357
saint_kitts_nevis	peru	0.199813827357
saint_kitts_nevis	bolivia	0.199813827357
saint_kitts_nevis	brazil	0.199813827357
saint_kitts_nevis	paraguay	0.199813827357
saint_kitts_nevis	uruguay	0.199813827357
saint_kitts_nevis	argentina	0.199813827357
saint_kitts_nevis	chile	0.199813827357
antigua_barbuda	canada	0.540756425677
antigua_barbuda	united_states	0.540756425677
antigua_barbuda	bermuda	0.540756425677
antigua_barbuda	mexico	0.540756425677
antigua_barbuda	belize	0.540756425677
antigua_barbuda	guatemala	0.540756425677
antigua_barbuda	honduras	0.540756425677
antigua_barbuda	el_salvador	0.540756425677
antigua_barbuda	nicaragua	0.540756425677
antigua_barbuda	costa_rica	0.540756425677
antigua_barbuda	panama	0.540756425677
antigua_barbuda	bahamas	0.540756425677
antigua_barbuda	cuba	0.540756425677
antigua_barbuda	turks_caicos_islands	0.540756425677
antigua_barbuda	cayman_islands	0.540756425677
antigua_barbuda	jamaica	0.540756425677
antigua_barbuda	haiti	0.540756425677
antigua_barbuda	dominican_republic	0.540756425677
antigua_barbuda	puerto_rico	0.540756425677
antigua_barbuda	united_states_virgin_islands	0.540756425677
antigua_barbuda	saint_kitts_nevis	0.540756425677
antigua_barbuda	guadeloupe	0.540756425677
antigua_barbuda	dominica	0.540756425677
antigua_barbuda	martinique	0.540756425677
antigua_barbuda	saint_lucia	0.540756425677
antigua_barbuda	saint_vincent_grenadines	0.540756425677
antigua_barbuda	barbados	0.540756425677
antigua_barbuda	grenada	0.540756425677
antigua_barbuda	trinidad_tobago	0.540756425677
antigua_barbuda	curacao	0.540756425677
antigua_barbuda	aruba	0.540756425677
antigua_barbuda	french_guiana	0.540756425677
antigua_barbuda	suriname	0.540756425677
antigua_barbuda	guyana	0.540756425677
antigua_barbuda	venezuela	0.540756425677
antigua_barbuda	colombia	0.540756425677
antigua_barbuda	ecuador	0.540756425677
antigua_barbuda	peru	0.540756425677
antigua_barbuda	bolivia	0.540756425677
antigua_barbuda	brazil	0.540756425677
antigua_barbuda	paraguay	0.540756425677
antigua_barbuda	uruguay	0.540756425677
antigua_barbuda	argentina	0.540756425677
antigua_barbuda	chile	0.540756425677
guadeloupe	canada	0.809569528434
guadeloupe	united_states	0.809569528434
guadeloupe	bermuda	0.809569528434
guadeloupe	mexico	0.809569528434
guadeloupe	belize	0.809569528434
guadeloupe	guatemala	0.809569528434
guadeloupe	honduras	0.809569528434
guadeloupe	el_salvador	0.809569528434
guadeloupe	nicaragua	0.809569528434
guadeloupe	costa_rica	0.809569528434
guadeloupe	panama	0.809569528434
guadeloupe	bahamas	0.809569528434
guadeloupe	cuba	0.809569528434
guadeloupe	turks_caicos_islands	0.809569528434
guadeloupe	cayman_islands	0.809569528434
guadeloupe	jamaica	0.809569528434
guadeloupe	haiti	0.809569528434
guadeloupe	dominican_republic	0.809569528434
guadeloupe	puerto_rico	0.809569528434
guadeloupe	united_states_virgin_islands	0.809569528434
guadeloupe	saint_kitts_nevis	0.809569528434
guadeloupe	antigua_barbuda	0.809569528434
guadeloupe	dominica	0.809569528434
guadeloupe	martinique	0.809569528434
guadeloupe	saint_lucia	0.809569528434
guadeloupe	saint_vincent_grenadines	0.809569528434
guadeloupe	barbados	0.809569528434
guadeloupe	grenada	0.809569528434
guadeloupe	trinidad_tobago	0.809569528434
guadeloupe	curacao	0.809569528434
guadeloupe	aruba	0.809569528434
guadeloupe	french_guiana	0.809569528434
guadeloupe	suriname	0.809569528434
guadeloupe	guyana	0.809569528434
guadeloupe	venezuela	0.809569528434
guadeloupe	colombia	0.809569528434
guadeloupe	ecuador	0.809569528434
guadeloupe	peru	0.809569528434
guadeloupe	bolivia	0.809569528434
guadeloupe	brazil	0.809569528434
guadeloupe	paraguay	0.809569528434
guadeloupe	uruguay	0.809569528434
guadeloupe	argentina	0.809569528434
guadeloupe	chile	0.809569528434
dominica	canada	0.650753268408
dominica	united_states	0.650753268408
dominica	bermuda	0.650753268408
dominica	mexico	0.650753268408
dominica	belize	0.650753268408
dominica	guatemala	0.650753268408
dominica	honduras	0.650753268408
dominica	el_salvador	0.650753268408
dominica	nicaragua	0.650753268408
dominica	costa_rica	0.650753268408
dominica	panama	0.650753268408
dominica	bahamas	0.650753268408
dominica	cuba	0.650753268408
dominica	turks_caicos_islands	0.650753268408
dominica	cayman_islands	0.650753268408
dominica	jamaica	0.650753268408
dominica	haiti	0.650753268408
dominica	dominican_republic	0.650753268408
dominica	puerto_rico	0.650753268408
dominica	united_states_virgin_islands	0.650753268408
dominica	saint_kitts_nevis	0.650753268408
dominica	antigua_barbuda	0.650753268408
dominica	guadeloupe	0.650753268408
dominica	martinique	0.650753268408
dominica	saint_lucia	0.650753268408
dominica	saint_vincent_grenadines	0.650753268408
dominica	barbados	0.650753268408
dominica	grenada	0.650753268408
dominica	trinidad_tobago	0.650753268408
dominica	curacao	0.650753268408
dominica	aruba	0.650753268408
dominica	french_guiana	0.650753268408
dominica	suriname	0.650753268408
dominica	guyana	0.650753268408
dominica	venezuela	0.650753268408
dominica	colombia	0.650753268408
dominica	ecuador	0.650753268408
dominica	peru	0.650753268408
dominica	bolivia	0.650753268408
dominica	brazil	0.650753268408
dominica	paraguay	0.650753268408
dominica	uruguay	0.650753268408
dominica	argentina	0.650753268408
dominica	chile	0.650753268408
martinique	canada	0.869582540819
martinique	united_states	0.869582540819
martinique	bermuda	0.869582540819
martinique	mexico	0.869582540819
martinique	belize	0.869582540819
martinique	guatemala	0.869582540819
martinique	honduras	0.869582540819
martinique	el_salvador	0.869582540819
martinique	nicaragua	0.869582540819
martinique	costa_rica	0.869582540819
martinique	panama	0.869582540819
martinique	bahamas	0.869582540819
martinique	cuba	0.869582540819
martinique	turks_caicos_islands	0.869582540819
martinique	cayman_islands	0.869582540819
martinique	jamaica	0.869582540819
martinique	haiti	0.869582540819
martinique	dominican_republic	0.869582540819
martinique	puerto_rico	0.869582540819
martinique	united_states_virgin_islands	0.869582540819
martinique	saint_kitts_nevis	0.869582540819
martinique	antigua_barbuda	0.869582540819
martinique	guadeloupe	0.869582540819
martinique	dominica	0.869582540819
martinique	saint_lucia	0.869582540819
martinique	saint_vincent_grenadines	0.869582540819
martinique	barbados	0.869582540819
martinique	grenada	0.869582540819
martinique	trinidad_tobago	0.869582540819
martinique	curacao	0.869582540819
martinique	aruba	0.869582540819
martinique	french_guiana	0.869582540819
martinique	suriname	0.869582540819
martinique	guyana	0.869582540819
martinique	venezuela	0.869582540819
martinique	colombia	0.869582540819
martinique	ecuador	0.869582540819
martinique	peru	0.869582540819
martinique	bolivia	0.869582540819
martinique	brazil	0.869582540819
martinique	paraguay	0.869582540819
martinique	uruguay	0.869582540819
martinique	argentina	0.869582540819
martinique	chile	0.869582540819
saint_lucia	canada	0.943525642977
saint_lucia	united_states	0.943525642977
saint_lucia	bermuda	0.943525642977
saint_lucia	mexico	0.943525642977
saint_lucia	belize	0.943525642977
saint_lucia	guatemala	0.943525642977
saint_lucia	honduras	0.943525642977
saint_lucia	el_salvador	0.943525642977
saint_lucia	nicaragua	0.943525642977
saint_lucia	costa_rica	0.943525642977
saint_lucia	panama	0.943525642977
saint_lucia	bahamas	0.943525642977
saint_lucia	cuba	0.943525642977
saint_lucia	turks_caicos_islands	0.943525642977
saint_lucia	cayman_islands	0.943525642977
saint_lucia	jamaica	0.943525642977
saint_lucia	haiti	0.943525642977
saint_lucia	dominican_republic	0.943525642977
saint_lucia	puerto_rico	0.943525642977
saint_lucia	united_states_virgin_islands	0.943525642977
saint_lucia	saint_kitts_nevis	0.943525642977
saint_lucia	antigua_barbuda	0.943525642977
saint_lucia	guadeloupe	0.943525642977
saint_lucia	dominica	0.943525642977
saint_lucia	martinique	0.943525642977
saint_lucia	saint_vincent_grenadines	0.943525642977
saint_lucia	barbados	0.943525642977
saint_lucia	grenada	0.943525642977
saint_lucia	trinidad_tobago	0.943525642977
saint_lucia	curacao	0.943525642977
saint_lucia	aruba	0.943525642977
saint_lucia	french_guiana	0.943525642977
saint_lucia	suriname	0.943525642977
saint_lucia	guyana	0.943525642977
saint_lucia	venezuela	0.943525642977
saint_lucia	colombia	0.943525642977
saint_lucia	ecuador	0.943525642977
saint_lucia	peru	0.943525642977
saint_lucia	bolivia	0.943525642977
saint_lucia	brazil	0.943525642977
saint_lucia	paraguay	0.943525642977
saint_lucia	uruguay	0.943525642977
saint_lucia	argentina	0.943525642977
saint_lucia	chile	0.943525642977
saint_vincent_grenadines	canada	0.720202822603
saint_vincent_grenadines	united_states	0.720202822603
saint_vincent_grenadines	bermuda	0.720202822603
saint_vincent_grenadines	mexico	0.720202822603
saint_vincent_grenadines	belize	0.720202822603
saint_vincent_grenadines	guatemala	0.720202822603
saint_vincent_grenadines	honduras	0.720202822603
saint_vincent_grenadines	el_salvador	0.720202822603
saint_vincent_grenadines	nicaragua	0.720202822603
saint_vincent_grenadines	costa_rica	0.720202822603
saint_vincent_grenadines	panama	0.720202822603
saint_vincent_grenadines	bahamas	0.720202822603
saint_vincent_grenadines	cuba	0.720202822603
saint_vincent_grenadines	turks_caicos_islands	0.720202822603
saint_vincent_grenadines	cayman_islands	0.720202822603
saint_vincent_grenadines	jamaica	0.720202822603
saint_vincent_grenadines	haiti	0.720202822603
saint_vincent_grenadines	dominican_republic	0.720202822603
saint_vincent_grenadines	puerto_rico	0.720202822603
saint_vincent_grenadines	united_states_virgin_islands	0.720202822603
saint_vincent_grenadines	saint_kitts_nevis	0.720202822603
saint_vincent_grenadines	antigua_barbuda	0.720202822603
saint_vincent_grenadines	guadeloupe	0.720202822603
saint_vincent_grenadines	dominica	0.720202822603
saint_vincent_grenadines	martinique	0.720202822603
saint_vincent_grenadines	saint_lucia	0.720202822603
saint_vincent_grenadines	barbados	0.720202822603
saint_vincent_grenadines	grenada	0.720202822603
saint_vincent_grenadines	trinidad_tobago	0.720202822603
saint_vincent_grenadines	curacao	0.720202822603
saint_vincent_grenadines	aruba	0.720202822603
saint_vincent_grenadines	french_guiana	0.720202822603
saint_vincent_grenadines	suriname	0.720202822603
saint_vincent_grenadines	guyana	0.720202822603
saint_vincent_grenadines	venezuela	0.720202822603
saint_vincent_grenadines	colombia	0.720202822603
saint_vincent_grenadines	ecuador	0.720202822603
saint_vincent_grenadines	peru	0.720202822603
saint_vincent_grenadines	bolivia	0.720202822603
saint_vincent_grenadines	brazil	0.720202822603
saint_vincent_grenadines	paraguay	0.720202822603
saint_vincent_grenadines	uruguay	0.720202822603
saint_vincent_grenadines	argentina	0.720202822603
saint_vincent_grenadines	chile	0.720202822603
barbados	canada	0.981560404454
barbados	united_states	0.981560404454
barbados	bermuda	0.981560404454
barbados	mexico	0.981560404454
barbados	belize	0.981560404454
barbados	guatemala	0.981560404454
barbados	honduras	0.981560404454
barbados	el_salvador	0.981560404454
barbados	nicaragua	0.981560404454
barbados	costa_rica	0.981560404454
barbados	panama	0.981560404454
barbados	bahamas	0.981560404454
barbados	cuba	0.981560404454
barbados	turks_caicos_islands	0.981560404454
barbados	cayman_islands	0.981560404454
barbados	jamaica	0.981560404454
barbados	haiti	0.981560404454
barbados	dominican_republic	0.981560404454
barbados	puerto_rico	0.981560404454
barbados	united_states_virgin_islands	0.981560404454
barbados	saint_kitts_nevis	0.981560404454
barbados	antigua_barbuda	0.981560404454
barbados	guadeloupe	0.981560404454
barbados	dominica	0.981560404454
barbados	martinique	0.981560404454
barbados	saint_lucia	0.981560404454
barbados	saint_vincent_grenadines	0.981560404454
barbados	grenada	0.981560404454
barbados	trinidad_tobago	0.981560404454
barbados	curacao	0.981560404454
barbados	aruba	0.981560404454
barbados	french_guiana	0.981560404454
barbados	suriname	0.981560404454
barbados	guyana	0.981560404454
barbados	venezuela	0.981560404454
barbados	colombia	0.981560404454
barbados	ecuador	0.981560404454
barbados	peru	0.981560404454
barbados	bolivia	0.981560404454
barbados	brazil	0.981560404454
barbados	paraguay	0.981560404454
barbados	uruguay	0.981560404454
barbados	argentina	0.981560404454
barbados	chile	0.981560404454
grenada	canada	0.897331296021
grenada	united_states	0.897331296021
grenada	bermuda	0.897331296021
grenada	mexico	0.897331296021
grenada	belize	0.897331296021
grenada	guatemala	0.897331296021
grenada	honduras	0.897331296021
grenada	el_salvador	0.897331296021
grenada	nicaragua	0.897331296021
grenada	costa_rica	0.897331296021
grenada	panama	0.897331296021
grenada	bahamas	0.897331296021
grenada	cuba	0.897331296021
grenada	turks_caicos_islands	0.897331296021
grenada	cayman_islands	0.897331296021
grenada	jamaica	0.897331296021
grenada	haiti	0.897331296021
grenada	dominican_republic	0.897331296021
grenada	puerto_rico	0.897331296021
grenada	united_states_virgin_islands	0.897331296021
grenada	saint_kitts_nevis	0.897331296021
grenada	antigua_barbuda	0.897331296021
grenada	guadeloupe	0.897331296021
grenada	dominica	0.897331296021
grenada	martinique	0.897331296021
grenada	saint_lucia	0.897331296021
grenada	saint_vincent_grenadines	0.897331296021
grenada	barbados	0.897331296021
grenada	trinidad_tobago	0.897331296021
grenada	curacao	0.897331296021
grenada	aruba	0.897331296021
grenada	french_guiana	0.897331296021
grenada	suriname	0.897331296021
grenada	guyana	0.897331296021
grenada	venezuela	0.897331296021
grenada	colombia	0.897331296021
grenada	ecuador	0.897331296021
grenada	peru	0.897331296021
grenada	bolivia	0.897331296021
grenada	brazil	0.897331296021
grenada	paraguay	0.897331296021
grenada	uruguay	0.897331296021
grenada	argentina	0.897331296021
grenada	chile	0.897331296021
trinidad_tobago	canada	0.968913133274
trinidad_tobago	united_states	0.968913133274
trinidad_tobago	bermuda	0.968913133274
trinidad_tobago	mexico	0.968913133274
trinidad_tobago	belize	0.968913133274
trinidad_tobago	guatemala	0.968913133274
trinidad_tobago	honduras	0.968913133274
trinidad_tobago	el_salvador	0.968913133274
trinidad_tobago	nicaragua	0.968913133274
trinidad_tobago	costa_rica	0.968913133274
trinidad_tobago	panama	0.968913133274
trinidad_tobago	bahamas	0.968913133274
trinidad_tobago	cuba	0.968913133274
trinidad_tobago	turks_caicos_islands	0.968913133274
trinidad_tobago	cayman_islands	0.968913133274
trinidad_tobago	jamaica	0.968913133274
trinidad_tobago	haiti	0.968913133274
trinidad_tobago	dominican_republic	0.968913133274
trinidad_tobago	puerto_rico	0.968913133274
trinidad_tobago	united_states_virgin_islands	0.968913133274
trinidad_tobago	saint_kitts_nevis	0.968913133274
trinidad_tobago	antigua_barbuda	0.968913133274
trinidad_tobago	guadeloupe	0.968913133274
trinidad_tobago	dominica	0.968913133274
trinidad_tobago	martinique	0.968913133274
trinidad_tobago	saint_lucia	0.968913133274
trinidad_tobago	saint_vincent_grenadines	0.968913133274
trinidad_tobago	barbados	0.968913133274
trinidad_tobago	grenada	0.968913133274
trinidad_tobago	curacao	0.968913133274
trinidad_tobago	aruba	0.968913133274
trinidad_tobago	french_guiana	0.968913133274
trinidad_tobago	suriname	0.968913133274
trinidad_tobago	guyana	0.968913133274
trinidad_tobago	venezuela	0.968913133274
trinidad_tobago	colombia	0.968913133274
trinidad_tobago	ecuador	0.968913133274
trinidad_tobago	peru	0.968913133274
trinidad_tobago	bolivia	0.968913133274
trinidad_tobago	brazil	0.968913133274
trinidad_tobago	paraguay	0.968913133274
trinidad_tobago	uruguay	0.968913133274
trinidad_tobago	argentina	0.968913133274
trinidad_tobago	chile	0.968913133274
curacao	canada	0.643752662414
curacao	united_states	0.643752662414
curacao	bermuda	0.643752662414
curacao	mexico	0.643752662414
curacao	belize	0.643752662414
curacao	guatemala	0.643752662414
curacao	honduras	0.643752662414
curacao	el_salvador	0.643752662414
curacao	nicaragua	0.643752662414
curacao	costa_rica	0.643752662414
curacao	panama	0.643752662414
curacao	bahamas	0.643752662414
curacao	cuba	0.643752662414
curacao	turks_caicos_islands	0.643752662414
curacao	cayman_islands	0.643752662414
curacao	jamaica	0.643752662414
curacao	haiti	0.643752662414
curacao	dominican_republic	0.643752662414
curacao	puerto_rico	0.643752662414
curacao	united_states_virgin_islands	0.643752662414
curacao	saint_kitts_nevis	0.643752662414
curacao	antigua_barbuda	0.643752662414
curacao	guadeloupe	0.643752662414
curacao	dominica	0.643752662414
curacao	martinique	0.643752662414
curacao	saint_lucia	0.643752662414
curacao	saint_vincent_grenadines	0.643752662414
curacao	barbados	0.643752662414
curacao	grenada	0.643752662414
curacao	trinidad_tobago	0.643752662414
curacao	aruba	0.643752662414
curacao	french_guiana	0.643752662414
curacao	suriname	0.643752662414
curacao	guyana	0.643752662414
curacao	venezuela	0.643752662414
curacao	colombia	0.643752662414
curacao	ecuador	0.643752662414
curacao	peru	0.643752662414
curacao	bolivia	0.643752662414
curacao	brazil	0.643752662414
curacao	paraguay	0.643752662414
curacao	uruguay	0.643752662414
curacao	argentina	0.643752662414
curacao	chile	0.643752662414
aruba	canada	0.546931805296
aruba	united_states	0.546931805296
aruba	bermuda	0.546931805296
aruba	mexico	0.546931805296
aruba	belize	0.546931805296
aruba	guatemala	0.546931805296
aruba	honduras	0.546931805296
aruba	el_salvador	0.546931805296
aruba	nicaragua	0.546931805296
aruba	costa_rica	0.546931805296
aruba	panama	0.546931805296
aruba	bahamas	0.546931805296
aruba	cuba	0.546931805296
aruba	turks_caicos_islands	0.546931805296
aruba	cayman_islands	0.546931805296
aruba	jamaica	0.546931805296
aruba	haiti	0.546931805296
aruba	dominican_republic	0.546931805296
aruba	puerto_rico	0.546931805296
aruba	united_states_virgin_islands	0.546931805296
aruba	saint_kitts_nevis	0.546931805296
aruba	antigua_barbuda	0.546931805296
aruba	guadeloupe	0.546931805296
aruba	dominica	0.546931805296
aruba	martinique	0.546931805296
aruba	saint_lucia	0.546931805296
aruba	saint_vincent_grenadines	0.546931805296
aruba	barbados	0.546931805296
aruba	grenada	0.546931805296
aruba	trinidad_tobago	0.546931805296
aruba	curacao	0.546931805296
aruba	french_guiana	0.546931805296
aruba	suriname	0.546931805296
aruba	guyana	0.546931805296
aruba	venezuela	0.546931805296
aruba	colombia	0.546931805296
aruba	ecuador	0.546931805296
aruba	peru	0.546931805296
aruba	bolivia	0.546931805296
aruba	brazil	0.546931805296
aruba	paraguay	0.546931805296
aruba	uruguay	0.546931805296
aruba	argentina	0.546931805296
aruba	chile	0.546931805296
french_guiana	canada	0.893181224069
french_guiana	united_states	0.893181224069
french_guiana	bermuda	0.893181224069
french_guiana	mexico	0.893181224069
french_guiana	belize	0.893181224069
french_guiana	guatemala	0.893181224069
french_guiana	honduras	0.893181224069
french_guiana	el_salvador	0.893181224069
french_guiana	nicaragua	0.893181224069
french_guiana	costa_rica	0.893181224069
french_guiana	panama	0.893181224069
french_guiana	bahamas	0.893181224069
french_guiana	cuba	0.893181224069
french_guiana	turks_caicos_islands	0.893181224069
french_guiana	cayman_islands	0.893181224069
french_guiana	jamaica	0.893181224069
french_guiana	haiti	0.893181224069
french_guiana	dominican_republic	0.893181224069
french_guiana	puerto_rico	0.893181224069
french_guiana	united_states_virgin_islands	0.893181224069
french_guiana	saint_kitts_nevis	0.893181224069
french_guiana	antigua_barbuda	0.893181224069
french_guiana	guadeloupe	0.893181224069
french_guiana	dominica	0.893181224069
french_guiana	martinique	0.893181224069
french_guiana	saint_lucia	0.893181224069
french_guiana	saint_vincent_grenadines	0.893181224069
french_guiana	barbados	0.893181224069
french_guiana	grenada	0.893181224069
french_guiana	trinidad_tobago	0.893181224069
french_guiana	curacao	0.893181224069
french_guiana	aruba	0.893181224069
french_guiana	suriname	0.893181224069
french_guiana	guyana	0.893181224069
french_guiana	venezuela	0.893181224069
french_guiana	colombia	0.893181224069
french_guiana	ecuador	0.893181224069
french_guiana	peru	0.893181224069
french_guiana	bolivia	0.893181224069
french_guiana	brazil	0.893181224069
french_guiana	paraguay	0.893181224069
french_guiana	uruguay	0.893181224069
french_guiana	argentina	0.893181224069
french_guiana	chile	0.893181224069
suriname	canada	0.961076158942
suriname	united_states	0.961076158942
suriname	bermuda	0.961076158942
suriname	mexico	0.961076158942
suriname	belize	0.961076158942
suriname	guatemala	0.961076158942
suriname	honduras	0.961076158942
suriname	el_salvador	0.961076158942
suriname	nicaragua	0.961076158942
suriname	costa_rica	0.961076158942
suriname	panama	0.961076158942
suriname	bahamas	0.961076158942
suriname	cuba	0.961076158942
suriname	turks_caicos_islands	0.961076158942
suriname	cayman_islands	0.961076158942
suriname	jamaica	0.961076158942
suriname	haiti	0.961076158942
suriname	dominican_republic	0.961076158942
suriname	puerto_rico	0.961076158942
suriname	united_states_virgin_islands	0.961076158942
suriname	saint_kitts_nevis	0.961076158942
suriname	antigua_barbuda	0.961076158942
suriname	guadeloupe	0.961076158942
suriname	dominica	0.961076158942
suriname	martinique	0.961076158942
suriname	saint_lucia	0.961076158942
suriname	saint_vincent_grenadines	0.961076158942
suriname	barbados	0.961076158942
suriname	grenada	0.961076158942
suriname	trinidad_tobago	0.961076158942
suriname	curacao	0.961076158942
suriname	aruba	0.961076158942
suriname	french_guiana	0.961076158942
suriname	guyana	0.961076158942
suriname	venezuela	0.961076158942
suriname	colombia	0.961076158942
suriname	ecuador	0.961076158942
suriname	peru	0.961076158942
suriname	bolivia	0.961076158942
suriname	brazil	0.961076158942
suriname	paraguay	0.961076158942
suriname	uruguay	0.961076158942
suriname	argentina	0.961076158942
suriname	chile	0.961076158942
guyana	canada	0.791691498127
guyana	united_states	0.791691498127
guyana	bermuda	0.791691498127
guyana	mexico	0.791691498127
guyana	belize	0.791691498127
guyana	guatemala	0.791691498127
guyana	honduras	0.791691498127
guyana	el_salvador	0.791691498127
guyana	nicaragua	0.791691498127
guyana	costa_rica	0.791691498127
guyana	panama	0.791691498127
guyana	bahamas	0.791691498127
guyana	cuba	0.791691498127
guyana	turks_caicos_islands	0.791691498127
guyana	cayman_islands	0.791691498127
guyana	jamaica	0.791691498127
guyana	haiti	0.791691498127
guyana	dominican_republic	0.791691498127
guyana	puerto_rico	0.791691498127
guyana	united_states_virgin_islands	0.791691498127
guyana	saint_kitts_nevis	0.791691498127
guyana	antigua_barbuda	0.791691498127
guyana	guadeloupe	0.791691498127
guyana	dominica	0.791691498127
guyana	martinique	0.791691498127
guyana	saint_lucia	0.791691498127
guyana	saint_vincent_grenadines	0.791691498127
guyana	barbados	0.791691498127
guyana	grenada	0.791691498127
guyana	trinidad_tobago	0.791691498127
guyana	curacao	0.791691498127
guyana	aruba	0.791691498127
guyana	french_guiana	0.791691498127
guyana	suriname	0.791691498127
guyana	venezuela	0.791691498127
guyana	colombia	0.791691498127
guyana	ecuador	0.791691498127
guyana	peru	0.791691498127
guyana	bolivia	0.791691498127
guyana	brazil	0.791691498127
guyana	paraguay	0.791691498127
guyana	uruguay	0.791691498127
guyana	argentina	0.791691498127
guyana	chile	0.791691498127
venezuela	canada	0.876832171102
venezuela	united_states	0.876832171102
venezuela	bermuda	0.876832171102
venezuela	mexico	0.876832171102
venezuela	belize	0.876832171102
venezuela	guatemala	0.876832171102
venezuela	honduras	0.876832171102
venezuela	el_salvador	0.876832171102
venezuela	nicaragua	0.876832171102
venezuela	costa_rica	0.876832171102
venezuela	panama	0.876832171102
venezuela	bahamas	0.876832171102
venezuela	cuba	0.876832171102
venezuela	turks_caicos_islands	0.876832171102
venezuela	cayman_islands	0.876832171102
venezuela	jamaica	0.876832171102
venezuela	haiti	0.876832171102
venezuela	dominican_republic	0.876832171102
venezuela	puerto_rico	0.876832171102
venezuela	united_states_virgin_islands	0.876832171102
venezuela	saint_kitts_nevis	0.876832171102
venezuela	antigua_barbuda	0.876832171102
venezuela	guadeloupe	0.876832171102
venezuela	dominica	0.876832171102
venezuela	martinique	0.876832171102
venezuela	saint_lucia	0.876832171102
venezuela	saint_vincent_grenadines	0.876832171102
venezuela	barbados	0.876832171102
venezuela	grenada	0.876832171102
venezuela	trinidad_tobago	0.876832171102
venezuela	curacao	0.876832171102
venezuela	aruba	0.876832171102
venezuela	french_guiana	0.876832171102
venezuela	suriname	0.876832171102
venezuela	guyana	0.876832171102
venezuela	colombia	0.876832171102
venezuela	ecuador	0.876832171102
venezuela	peru	0.876832171102
venezuela	bolivia	0.876832171102
venezuela	brazil	0.876832171102
venezuela	paraguay	0.876832171102
venezuela	uruguay	0.876832171102
venezuela	argentina	0.876832171102
venezuela	chile	0.876832171102
colombia	canada	0.613870504386
colombia	united_states	0.613870504386
colombia	bermuda	0.613870504386
colombia	mexico	0.613870504386
colombia	belize	0.613870504386
colombia	guatemala	0.613870504386
colombia	honduras	0.613870504386
colombia	el_salvador	0.613870504386
colombia	nicaragua	0.613870504386
colombia	costa_rica	0.613870504386
colombia	panama	0.613870504386
colombia	bahamas	0.613870504386
colombia	cuba	0.613870504386
colombia	turks_caicos_islands	0.613870504386
colombia	cayman_islands	0.613870504386
colombia	jamaica	0.613870504386
colombia	haiti	0.613870504386
colombia	dominican_republic	0.613870504386
colombia	puerto_rico	0.613870504386
colombia	united_states_virgin_islands	0.613870504386
colombia	saint_kitts_nevis	0.613870504386
colombia	antigua_barbuda	0.613870504386
colombia	guadeloupe	0.613870504386
colombia	dominica	0.613870504386
colombia	martinique	0.613870504386
colombia	saint_lucia	0.613870504386
colombia	saint_vincent_grenadines	0.613870504386
colombia	barbados	0.613870504386
colombia	grenada	0.613870504386
colombia	trinidad_tobago	0.613870504386
colombia	curacao	0.613870504386
colombia	aruba	0.613870504386
colombia	french_guiana	0.613870504386
colombia	suriname	0.613870504386
colombia	guyana	0.613870504386
colombia	venezuela	0.613870504386
colombia	ecuador	0.613870504386
colombia	peru	0.613870504386
colombia	bolivia	0.613870504386
colombia	brazil	0.613870504386
colombia	paraguay	0.613870504386
colombia	uruguay	0.613870504386
colombia	argentina	0.613870504386
colombia	chile	0.613870504386
ecuador	canada	0.55923784291
ecuador	united_states	0.55923784291
ecuador	bermuda	0.55923784291
ecuador	mexico	0.55923784291
ecuador	belize	0.55923784291
ecuador	guatemala	0.55923784291
ecuador	honduras	0.55923784291
ecuador	el_salvador	0.55923784291
ecuador	nicaragua	0.55923784291
ecuador	costa_rica	0.55923784291
ecuador	panama	0.55923784291
ecuador	bahamas	0.55923784291
ecuador	cuba	0.55923784291
ecuador	turks_caicos_islands	0.55923784291
ecuador	cayman_islands	0.55923784291
ecuador	jamaica	0.55923784291
ecuador	haiti	0.55923784291
ecuador	dominican_republic	0.55923784291
ecuador	puerto_rico	0.55923784291
ecuador	united_states_virgin_islands	0.55923784291
ecuador	saint_kitts_nevis	0.55923784291
ecuador	antigua_barbuda	0.55923784291
ecuador	guadeloupe	0.55923784291
ecuador	dominica	0.55923784291
ecuador	martinique	0.55923784291
ecuador	saint_lucia	0.55923784291
ecuador	saint_vincent_grenadines	0.55923784291
ecuador	barbados	0.55923784291
ecuador	grenada	0.55923784291
ecuador	trinidad_tobago	0.55923784291
ecuador	curacao	0.55923784291
ecuador	aruba	0.55923784291
ecuador	french_guiana	0.55923784291
ecuador	suriname	0.55923784291
ecuador	guyana	0.55923784291
ecuador	venezuela	0.55923784291
ecuador	colombia	0.55923784291
ecuador	peru	0.55923784291
ecuador	bolivia	0.55923784291
ecuador	brazil	0.55923784291
ecuador	paraguay	0.55923784291
ecuador	uruguay	0.55923784291
ecuador	argentina	0.55923784291
ecuador	chile	0.55923784291
peru	canada	0.399651442696
peru	united_states	0.399651442696
peru	bermuda	0.399651442696
peru	mexico	0.399651442696
peru	belize	0.399651442696
peru	guatemala	0.399651442696
peru	honduras	0.399651442696
peru	el_salvador	0.399651442696
peru	nicaragua	0.399651442696
peru	costa_rica	0.399651442696
peru	panama	0.399651442696
peru	bahamas	0.399651442696
peru	cuba	0.399651442696
peru	turks_caicos_islands	0.399651442696
peru	cayman_islands	0.399651442696
peru	jamaica	0.399651442696
peru	haiti	0.399651442696
peru	dominican_republic	0.399651442696
peru	puerto_rico	0.399651442696
peru	united_states_virgin_islands	0.399651442696
peru	saint_kitts_nevis	0.399651442696
peru	antigua_barbuda	0.399651442696
peru	guadeloupe	0.399651442696
peru	dominica	0.399651442696
peru	martinique	0.399651442696
peru	saint_lucia	0.399651442696
peru	saint_vincent_grenadines	0.399651442696
peru	barbados	0.399651442696
peru	grenada	0.399651442696
peru	trinidad_tobago	0.399651442696
peru	curacao	0.399651442696
peru	aruba	0.399651442696
peru	french_guiana	0.399651442696
peru	suriname	0.399651442696
peru	guyana	0.399651442696
peru	venezuela	0.399651442696
peru	colombia	0.399651442696
peru	ecuador	0.399651442696
peru	bolivia	0.399651442696
peru	brazil	0.399651442696
peru	paraguay	0.399651442696
peru	uruguay	0.399651442696
peru	argentina	0.399651442696
peru	chile	0.399651442696
bolivia	canada	0.380692735446
bolivia	united_states	0.380692735446
bolivia	bermuda	0.380692735446
bolivia	mexico	0.380692735446
bolivia	belize	0.380692735446
bolivia	guatemala	0.380692735446
bolivia	honduras	0.380692735446
bolivia	el_salvador	0.380692735446
bolivia	nicaragua	0.380692735446
bolivia	costa_rica	0.380692735446
bolivia	panama	0.380692735446
bolivia	bahamas	0.380692735446
bolivia	cuba	0.380692735446
bolivia	turks_caicos_islands	0.380692735446
bolivia	cayman_islands	0.380692735446
bolivia	jamaica	0.380692735446
bolivia	haiti	0.380692735446
bolivia	dominican_republic	0.380692735446
bolivia	puerto_rico	0.380692735446
bolivia	united_states_virgin_islands	0.380692735446
bolivia	saint_kitts_nevis	0.380692735446
bolivia	antigua_barbuda	0.380692735446
bolivia	guadeloupe	0.380692735446
bolivia	dominica	0.380692735446
bolivia	martinique	0.380692735446
bolivia	saint_lucia	0.380692735446
bolivia	saint_vincent_grenadines	0.380692735446
bolivia	barbados	0.380692735446
bolivia	grenada	0.380692735446
bolivia	trinidad_tobago	0.380692735446
bolivia	curacao	0.380692735446
bolivia	aruba	0.380692735446
bolivia	french_guiana	0.380692735446
bolivia	suriname	0.380692735446
bolivia	guyana	0.380692735446
bolivia	venezuela	0.380692735446
bolivia	colombia	0.380692735446
bolivia	ecuador	0.380692735446
bolivia	peru	0.380692735446
bolivia	brazil	0.380692735446
bolivia	paraguay	0.380692735446
bolivia	uruguay	0.380692735446
bolivia	argentina	0.380692735446
bolivia	chile	0.380692735446
brazil	canada	0.649572731578
brazil	united_states	0.649572731578
brazil	bermuda	0.649572731578
brazil	mexico	0.649572731578
brazil	belize	0.649572731578
brazil	guatemala	0.649572731578
brazil	honduras	0.649572731578
brazil	el_salvador	0.649572731578
brazil	nicaragua	0.649572731578
brazil	costa_rica	0.649572731578
brazil	panama	0.649572731578
brazil	bahamas	0.649572731578
brazil	cuba	0.649572731578
brazil	turks_caicos_islands	0.649572731578
brazil	cayman_islands	0.649572731578
brazil	jamaica	0.649572731578
brazil	haiti	0.649572731578
brazil	dominican_republic	0.649572731578
brazil	puerto_rico	0.649572731578
brazil	united_states_virgin_islands	0.649572731578
brazil	saint_kitts_nevis	0.649572731578
brazil	antigua_barbuda	0.649572731578
brazil	guadeloupe	0.649572731578
brazil	dominica	0.649572731578
brazil	martinique	0.649572731578
brazil	saint_lucia	0.649572731578
brazil	saint_vincent_grenadines	0.649572731578
brazil	barbados	0.649572731578
brazil	grenada	0.649572731578
brazil	trinidad_tobago	0.649572731578
brazil	curacao	0.649572731578
brazil	aruba	0.649572731578
brazil	french_guiana	0.649572731578
brazil	suriname	0.649572731578
brazil	guyana	0.649572731578
brazil	venezuela	0.649572731578
brazil	colombia	0.649572731578
brazil	ecuador	0.649572731578
brazil	peru	0.649572731578
brazil	bolivia	0.649572731578
brazil	paraguay	0.649572731578
brazil	uruguay	0.649572731578
brazil	argentina	0.649572731578
brazil	chile	0.649572731578
paraguay	canada	0.957577587256
paraguay	united_states	0.957577587256
paraguay	bermuda	0.957577587256
paraguay	mexico	0.957577587256
paraguay	belize	0.957577587256
paraguay	guatemala	0.957577587256
paraguay	honduras	0.957577587256
paraguay	el_salvador	0.957577587256
paraguay	nicaragua	0.957577587256
paraguay	costa_rica	0.957577587256
paraguay	panama	0.957577587256
paraguay	bahamas	0.957577587256
paraguay	cuba	0.957577587256
paraguay	turks_caicos_islands	0.957577587256
paraguay	cayman_islands	0.957577587256
paraguay	jamaica	0.957577587256
paraguay	haiti	0.957577587256
paraguay	dominican_republic	0.957577587256
paraguay	puerto_rico	0.957577587256
paraguay	united_states_virgin_islands	0.957577587256
paraguay	saint_kitts_nevis	0.957577587256
paraguay	antigua_barbuda	0.957577587256
paraguay	guadeloupe	0.957577587256
paraguay	dominica	0.957577587256
paraguay	martinique	0.957577587256
paraguay	saint_lucia	0.957577587256
paraguay	saint_vincent_grenadines	0.957577587256
paraguay	barbados	0.957577587256
paraguay	grenada	0.957577587256
paraguay	trinidad_tobago	0.957577587256
paraguay	curacao	0.957577587256
paraguay	aruba	0.957577587256
paraguay	french_guiana	0.957577587256
paraguay	suriname	0.957577587256
paraguay	guyana	0.957577587256
paraguay	venezuela	0.957577587256
paraguay	colombia	0.957577587256
paraguay	ecuador	0.957577587256
paraguay	peru	0.957577587256
paraguay	bolivia	0.957577587256
paraguay	brazil	0.957577587256
paraguay	uruguay	0.957577587256
paraguay	argentina	0.957577587256
paraguay	chile	0.957577587256
uruguay	canada	0.0497532079307
uruguay	united_states	0.0497532079307
uruguay	bermuda	0.0497532079307
uruguay	mexico	0.0497532079307
uruguay	belize	0.0497532079307
uruguay	guatemala	0.0497532079307
uruguay	honduras	0.0497532079307
uruguay	el_salvador	0.0497532079307
uruguay	nicaragua	0.0497532079307
uruguay	costa_rica	0.0497532079307
uruguay	panama	0.0497532079307
uruguay	bahamas	0.0497532079307
uruguay	cuba	0.0497532079307
uruguay	turks_caicos_islands	0.0497532079307
uruguay	cayman_islands	0.0497532079307
uruguay	jamaica	0.0497532079307
uruguay	haiti	0.0497532079307
uruguay	dominican_republic	0.0497532079307
uruguay	puerto_rico	0.0497532079307
uruguay	united_states_virgin_islands	0.0497532079307
uruguay	saint_kitts_nevis	0.0497532079307
uruguay	antigua_barbuda	0.0497532079307
uruguay	guadeloupe	0.0497532079307
uruguay	dominica	0.0497532079307
uruguay	martinique	0.0497532079307
uruguay	saint_lucia	0.0497532079307
uruguay	saint_vincent_grenadines	0.0497532079307
uruguay	barbados	0.0497532079307
uruguay	grenada	0.0497532079307
uruguay	trinidad_tobago	0.0497532079307
uruguay	curacao	0.0497532079307
uruguay	aruba	0.0497532079307
uruguay	french_guiana	0.0497532079307
uruguay	suriname	0.0497532079307
uruguay	guyana	0.0497532079307
uruguay	venezuela	0.0497532079307
uruguay	colombia	0.0497532079307
uruguay	ecuador	0.0497532079307
uruguay	peru	0.0497532079307
uruguay	bolivia	0.0497532079307
uruguay	brazil	0.0497532079307
uruguay	paraguay	0.0497532079307
uruguay	argentina	0.0497532079307
uruguay	chile	0.0497532079307
argentina	canada	0.370594756244
argentina	united_states	0.370594756244
argentina	bermuda	0.370594756244
argentina	mexico	0.370594756244
argentina	belize	0.370594756244
argentina	guatemala	0.370594756244
argentina	honduras	0.370594756244
argentina	el_salvador	0.370594756244
argentina	nicaragua	0.370594756244
argentina	costa_rica	0.370594756244
argentina	panama	0.370594756244
argentina	bahamas	0.370594756244
argentina	cuba	0.370594756244
argentina	turks_caicos_islands	0.370594756244
argentina	cayman_islands	0.370594756244
argentina	jamaica	0.370594756244
argentina	haiti	0.370594756244
argentina	dominican_republic	0.370594756244
argentina	puerto_rico	0.370594756244
argentina	united_states_virgin_islands	0.370594756244
argentina	saint_kitts_nevis	0.370594756244
argentina	antigua_barbuda	0.370594756244
argentina	guadeloupe	0.370594756244
argentina	dominica	0.370594756244
argentina	martinique	0.370594756244
argentina	saint_lucia	0.370594756244
argentina	saint_vincent_grenadines	0.370594756244
argentina	barbados	0.370594756244
argentina	grenada	0.370594756244
argentina	trinidad_tobago	0.370594756244
argentina	curacao	0.370594756244
argentina	aruba	0.370594756244
argentina	french_guiana	0.370594756244
argentina	suriname	0.370594756244
argentina	guyana	0.370594756244
argentina	venezuela	0.370594756244
argentina	colombia	0.370594756244
argentina	ecuador	0.370594756244
argentina	peru	0.370594756244
argentina	bolivia	0.370594756244
argentina	brazil	0.370594756244
argentina	paraguay	0.370594756244
argentina	uruguay	0.370594756244
argentina	chile	0.370594756244
chile	canada	0.0
chile	united_states	0.0
chile	bermuda	0.0
chile	mexico	0.0
chile	belize	0.0
chile	guatemala	0.0
chile	honduras	0.0
chile	el_salvador	0.0
chile	nicaragua	0.0
chile	costa_rica	0.0
chile	panama	0.0
chile	bahamas	0.0
chile	cuba	0.0
chile	turks_caicos_islands	0.0
chile	cayman_islands	0.0
chile	jamaica	0.0
chile	haiti	0.0
chile	dominican_republic	0.0
chile	puerto_rico	0.0
chile	united_states_virgin_islands	0.0
chile	saint_kitts_nevis	0.0
chile	antigua_barbuda	0.0
chile	guadeloupe	0.0
chile	dominica	0.0
chile	martinique	0.0
chile	saint_lucia	0.0
chile	saint_vincent_grenadines	0.0
chile	barbados	0.0
chile	grenada	0.0
chile	trinidad_tobago	0.0
chile	curacao	0.0
chile	aruba	0.0
chile	french_guiana	0.0
chile	suriname	0.0
chile	guyana	0.0
chile	venezuela	0.0
chile	colombia	0.0
chile	ecuador	0.0
chile	peru	0.0
chile	bolivia	0.0
chile	brazil	0.0
chile	paraguay	0.0
chile	uruguay	0.0
chile	argentina	0.0
