origin	destination	origin_population_size
canada	united_states	35623680.0
canada	bermuda	35623680.0
canada	mexico	35623680.0
canada	belize	35623680.0
canada	guatemala	35623680.0
canada	honduras	35623680.0
canada	el_salvador	35623680.0
canada	nicaragua	35623680.0
canada	costa_rica	35623680.0
canada	panama	35623680.0
canada	bahamas	35623680.0
canada	cuba	35623680.0
canada	turks_caicos_islands	35623680.0
canada	cayman_islands	35623680.0
canada	jamaica	35623680.0
canada	haiti	35623680.0
canada	dominican_republic	35623680.0
canada	puerto_rico	35623680.0
canada	united_states_virgin_islands	35623680.0
canada	saint_kitts_nevis	35623680.0
canada	antigua_barbuda	35623680.0
canada	guadeloupe	35623680.0
canada	dominica	35623680.0
canada	martinique	35623680.0
canada	saint_lucia	35623680.0
canada	saint_vincent_grenadines	35623680.0
canada	barbados	35623680.0
canada	grenada	35623680.0
canada	trinidad_tobago	35623680.0
canada	curacao	35623680.0
canada	aruba	35623680.0
canada	french_guiana	35623680.0
canada	suriname	35623680.0
canada	guyana	35623680.0
canada	venezuela	35623680.0
canada	colombia	35623680.0
canada	ecuador	35623680.0
canada	peru	35623680.0
canada	bolivia	35623680.0
canada	brazil	35623680.0
canada	paraguay	35623680.0
canada	uruguay	35623680.0
canada	argentina	35623680.0
canada	chile	35623680.0
united_states	canada	326625791.0
united_states	bermuda	326625791.0
united_states	mexico	326625791.0
united_states	belize	326625791.0
united_states	guatemala	326625791.0
united_states	honduras	326625791.0
united_states	el_salvador	326625791.0
united_states	nicaragua	326625791.0
united_states	costa_rica	326625791.0
united_states	panama	326625791.0
united_states	bahamas	326625791.0
united_states	cuba	326625791.0
united_states	turks_caicos_islands	326625791.0
united_states	cayman_islands	326625791.0
united_states	jamaica	326625791.0
united_states	haiti	326625791.0
united_states	dominican_republic	326625791.0
united_states	puerto_rico	326625791.0
united_states	united_states_virgin_islands	326625791.0
united_states	saint_kitts_nevis	326625791.0
united_states	antigua_barbuda	326625791.0
united_states	guadeloupe	326625791.0
united_states	dominica	326625791.0
united_states	martinique	326625791.0
united_states	saint_lucia	326625791.0
united_states	saint_vincent_grenadines	326625791.0
united_states	barbados	326625791.0
united_states	grenada	326625791.0
united_states	trinidad_tobago	326625791.0
united_states	curacao	326625791.0
united_states	aruba	326625791.0
united_states	french_guiana	326625791.0
united_states	suriname	326625791.0
united_states	guyana	326625791.0
united_states	venezuela	326625791.0
united_states	colombia	326625791.0
united_states	ecuador	326625791.0
united_states	peru	326625791.0
united_states	bolivia	326625791.0
united_states	brazil	326625791.0
united_states	paraguay	326625791.0
united_states	uruguay	326625791.0
united_states	argentina	326625791.0
united_states	chile	326625791.0
bermuda	canada	70864.0
bermuda	united_states	70864.0
bermuda	mexico	70864.0
bermuda	belize	70864.0
bermuda	guatemala	70864.0
bermuda	honduras	70864.0
bermuda	el_salvador	70864.0
bermuda	nicaragua	70864.0
bermuda	costa_rica	70864.0
bermuda	panama	70864.0
bermuda	bahamas	70864.0
bermuda	cuba	70864.0
bermuda	turks_caicos_islands	70864.0
bermuda	cayman_islands	70864.0
bermuda	jamaica	70864.0
bermuda	haiti	70864.0
bermuda	dominican_republic	70864.0
bermuda	puerto_rico	70864.0
bermuda	united_states_virgin_islands	70864.0
bermuda	saint_kitts_nevis	70864.0
bermuda	antigua_barbuda	70864.0
bermuda	guadeloupe	70864.0
bermuda	dominica	70864.0
bermuda	martinique	70864.0
bermuda	saint_lucia	70864.0
bermuda	saint_vincent_grenadines	70864.0
bermuda	barbados	70864.0
bermuda	grenada	70864.0
bermuda	trinidad_tobago	70864.0
bermuda	curacao	70864.0
bermuda	aruba	70864.0
bermuda	french_guiana	70864.0
bermuda	suriname	70864.0
bermuda	guyana	70864.0
bermuda	venezuela	70864.0
bermuda	colombia	70864.0
bermuda	ecuador	70864.0
bermuda	peru	70864.0
bermuda	bolivia	70864.0
bermuda	brazil	70864.0
bermuda	paraguay	70864.0
bermuda	uruguay	70864.0
bermuda	argentina	70864.0
bermuda	chile	70864.0
mexico	canada	124574795.0
mexico	united_states	124574795.0
mexico	bermuda	124574795.0
mexico	belize	124574795.0
mexico	guatemala	124574795.0
mexico	honduras	124574795.0
mexico	el_salvador	124574795.0
mexico	nicaragua	124574795.0
mexico	costa_rica	124574795.0
mexico	panama	124574795.0
mexico	bahamas	124574795.0
mexico	cuba	124574795.0
mexico	turks_caicos_islands	124574795.0
mexico	cayman_islands	124574795.0
mexico	jamaica	124574795.0
mexico	haiti	124574795.0
mexico	dominican_republic	124574795.0
mexico	puerto_rico	124574795.0
mexico	united_states_virgin_islands	124574795.0
mexico	saint_kitts_nevis	124574795.0
mexico	antigua_barbuda	124574795.0
mexico	guadeloupe	124574795.0
mexico	dominica	124574795.0
mexico	martinique	124574795.0
mexico	saint_lucia	124574795.0
mexico	saint_vincent_grenadines	124574795.0
mexico	barbados	124574795.0
mexico	grenada	124574795.0
mexico	trinidad_tobago	124574795.0
mexico	curacao	124574795.0
mexico	aruba	124574795.0
mexico	french_guiana	124574795.0
mexico	suriname	124574795.0
mexico	guyana	124574795.0
mexico	venezuela	124574795.0
mexico	colombia	124574795.0
mexico	ecuador	124574795.0
mexico	peru	124574795.0
mexico	bolivia	124574795.0
mexico	brazil	124574795.0
mexico	paraguay	124574795.0
mexico	uruguay	124574795.0
mexico	argentina	124574795.0
mexico	chile	124574795.0
belize	canada	360346.0
belize	united_states	360346.0
belize	bermuda	360346.0
belize	mexico	360346.0
belize	guatemala	360346.0
belize	honduras	360346.0
belize	el_salvador	360346.0
belize	nicaragua	360346.0
belize	costa_rica	360346.0
belize	panama	360346.0
belize	bahamas	360346.0
belize	cuba	360346.0
belize	turks_caicos_islands	360346.0
belize	cayman_islands	360346.0
belize	jamaica	360346.0
belize	haiti	360346.0
belize	dominican_republic	360346.0
belize	puerto_rico	360346.0
belize	united_states_virgin_islands	360346.0
belize	saint_kitts_nevis	360346.0
belize	antigua_barbuda	360346.0
belize	guadeloupe	360346.0
belize	dominica	360346.0
belize	martinique	360346.0
belize	saint_lucia	360346.0
belize	saint_vincent_grenadines	360346.0
belize	barbados	360346.0
belize	grenada	360346.0
belize	trinidad_tobago	360346.0
belize	curacao	360346.0
belize	aruba	360346.0
belize	french_guiana	360346.0
belize	suriname	360346.0
belize	guyana	360346.0
belize	venezuela	360346.0
belize	colombia	360346.0
belize	ecuador	360346.0
belize	peru	360346.0
belize	bolivia	360346.0
belize	brazil	360346.0
belize	paraguay	360346.0
belize	uruguay	360346.0
belize	argentina	360346.0
belize	chile	360346.0
guatemala	canada	15460732.0
guatemala	united_states	15460732.0
guatemala	bermuda	15460732.0
guatemala	mexico	15460732.0
guatemala	belize	15460732.0
guatemala	honduras	15460732.0
guatemala	el_salvador	15460732.0
guatemala	nicaragua	15460732.0
guatemala	costa_rica	15460732.0
guatemala	panama	15460732.0
guatemala	bahamas	15460732.0
guatemala	cuba	15460732.0
guatemala	turks_caicos_islands	15460732.0
guatemala	cayman_islands	15460732.0
guatemala	jamaica	15460732.0
guatemala	haiti	15460732.0
guatemala	dominican_republic	15460732.0
guatemala	puerto_rico	15460732.0
guatemala	united_states_virgin_islands	15460732.0
guatemala	saint_kitts_nevis	15460732.0
guatemala	antigua_barbuda	15460732.0
guatemala	guadeloupe	15460732.0
guatemala	dominica	15460732.0
guatemala	martinique	15460732.0
guatemala	saint_lucia	15460732.0
guatemala	saint_vincent_grenadines	15460732.0
guatemala	barbados	15460732.0
guatemala	grenada	15460732.0
guatemala	trinidad_tobago	15460732.0
guatemala	curacao	15460732.0
guatemala	aruba	15460732.0
guatemala	french_guiana	15460732.0
guatemala	suriname	15460732.0
guatemala	guyana	15460732.0
guatemala	venezuela	15460732.0
guatemala	colombia	15460732.0
guatemala	ecuador	15460732.0
guatemala	peru	15460732.0
guatemala	bolivia	15460732.0
guatemala	brazil	15460732.0
guatemala	paraguay	15460732.0
guatemala	uruguay	15460732.0
guatemala	argentina	15460732.0
guatemala	chile	15460732.0
honduras	canada	9038741.0
honduras	united_states	9038741.0
honduras	bermuda	9038741.0
honduras	mexico	9038741.0
honduras	belize	9038741.0
honduras	guatemala	9038741.0
honduras	el_salvador	9038741.0
honduras	nicaragua	9038741.0
honduras	costa_rica	9038741.0
honduras	panama	9038741.0
honduras	bahamas	9038741.0
honduras	cuba	9038741.0
honduras	turks_caicos_islands	9038741.0
honduras	cayman_islands	9038741.0
honduras	jamaica	9038741.0
honduras	haiti	9038741.0
honduras	dominican_republic	9038741.0
honduras	puerto_rico	9038741.0
honduras	united_states_virgin_islands	9038741.0
honduras	saint_kitts_nevis	9038741.0
honduras	antigua_barbuda	9038741.0
honduras	guadeloupe	9038741.0
honduras	dominica	9038741.0
honduras	martinique	9038741.0
honduras	saint_lucia	9038741.0
honduras	saint_vincent_grenadines	9038741.0
honduras	barbados	9038741.0
honduras	grenada	9038741.0
honduras	trinidad_tobago	9038741.0
honduras	curacao	9038741.0
honduras	aruba	9038741.0
honduras	french_guiana	9038741.0
honduras	suriname	9038741.0
honduras	guyana	9038741.0
honduras	venezuela	9038741.0
honduras	colombia	9038741.0
honduras	ecuador	9038741.0
honduras	peru	9038741.0
honduras	bolivia	9038741.0
honduras	brazil	9038741.0
honduras	paraguay	9038741.0
honduras	uruguay	9038741.0
honduras	argentina	9038741.0
honduras	chile	9038741.0
el_salvador	canada	6172011.0
el_salvador	united_states	6172011.0
el_salvador	bermuda	6172011.0
el_salvador	mexico	6172011.0
el_salvador	belize	6172011.0
el_salvador	guatemala	6172011.0
el_salvador	honduras	6172011.0
el_salvador	nicaragua	6172011.0
el_salvador	costa_rica	6172011.0
el_salvador	panama	6172011.0
el_salvador	bahamas	6172011.0
el_salvador	cuba	6172011.0
el_salvador	turks_caicos_islands	6172011.0
el_salvador	cayman_islands	6172011.0
el_salvador	jamaica	6172011.0
el_salvador	haiti	6172011.0
el_salvador	dominican_republic	6172011.0
el_salvador	puerto_rico	6172011.0
el_salvador	united_states_virgin_islands	6172011.0
el_salvador	saint_kitts_nevis	6172011.0
el_salvador	antigua_barbuda	6172011.0
el_salvador	guadeloupe	6172011.0
el_salvador	dominica	6172011.0
el_salvador	martinique	6172011.0
el_salvador	saint_lucia	6172011.0
el_salvador	saint_vincent_grenadines	6172011.0
el_salvador	barbados	6172011.0
el_salvador	grenada	6172011.0
el_salvador	trinidad_tobago	6172011.0
el_salvador	curacao	6172011.0
el_salvador	aruba	6172011.0
el_salvador	french_guiana	6172011.0
el_salvador	suriname	6172011.0
el_salvador	guyana	6172011.0
el_salvador	venezuela	6172011.0
el_salvador	colombia	6172011.0
el_salvador	ecuador	6172011.0
el_salvador	peru	6172011.0
el_salvador	bolivia	6172011.0
el_salvador	brazil	6172011.0
el_salvador	paraguay	6172011.0
el_salvador	uruguay	6172011.0
el_salvador	argentina	6172011.0
el_salvador	chile	6172011.0
nicaragua	canada	6025951.0
nicaragua	united_states	6025951.0
nicaragua	bermuda	6025951.0
nicaragua	mexico	6025951.0
nicaragua	belize	6025951.0
nicaragua	guatemala	6025951.0
nicaragua	honduras	6025951.0
nicaragua	el_salvador	6025951.0
nicaragua	costa_rica	6025951.0
nicaragua	panama	6025951.0
nicaragua	bahamas	6025951.0
nicaragua	cuba	6025951.0
nicaragua	turks_caicos_islands	6025951.0
nicaragua	cayman_islands	6025951.0
nicaragua	jamaica	6025951.0
nicaragua	haiti	6025951.0
nicaragua	dominican_republic	6025951.0
nicaragua	puerto_rico	6025951.0
nicaragua	united_states_virgin_islands	6025951.0
nicaragua	saint_kitts_nevis	6025951.0
nicaragua	antigua_barbuda	6025951.0
nicaragua	guadeloupe	6025951.0
nicaragua	dominica	6025951.0
nicaragua	martinique	6025951.0
nicaragua	saint_lucia	6025951.0
nicaragua	saint_vincent_grenadines	6025951.0
nicaragua	barbados	6025951.0
nicaragua	grenada	6025951.0
nicaragua	trinidad_tobago	6025951.0
nicaragua	curacao	6025951.0
nicaragua	aruba	6025951.0
nicaragua	french_guiana	6025951.0
nicaragua	suriname	6025951.0
nicaragua	guyana	6025951.0
nicaragua	venezuela	6025951.0
nicaragua	colombia	6025951.0
nicaragua	ecuador	6025951.0
nicaragua	peru	6025951.0
nicaragua	bolivia	6025951.0
nicaragua	brazil	6025951.0
nicaragua	paraguay	6025951.0
nicaragua	uruguay	6025951.0
nicaragua	argentina	6025951.0
nicaragua	chile	6025951.0
costa_rica	canada	4930258.0
costa_rica	united_states	4930258.0
costa_rica	bermuda	4930258.0
costa_rica	mexico	4930258.0
costa_rica	belize	4930258.0
costa_rica	guatemala	4930258.0
costa_rica	honduras	4930258.0
costa_rica	el_salvador	4930258.0
costa_rica	nicaragua	4930258.0
costa_rica	panama	4930258.0
costa_rica	bahamas	4930258.0
costa_rica	cuba	4930258.0
costa_rica	turks_caicos_islands	4930258.0
costa_rica	cayman_islands	4930258.0
costa_rica	jamaica	4930258.0
costa_rica	haiti	4930258.0
costa_rica	dominican_republic	4930258.0
costa_rica	puerto_rico	4930258.0
costa_rica	united_states_virgin_islands	4930258.0
costa_rica	saint_kitts_nevis	4930258.0
costa_rica	antigua_barbuda	4930258.0
costa_rica	guadeloupe	4930258.0
costa_rica	dominica	4930258.0
costa_rica	martinique	4930258.0
costa_rica	saint_lucia	4930258.0
costa_rica	saint_vincent_grenadines	4930258.0
costa_rica	barbados	4930258.0
costa_rica	grenada	4930258.0
costa_rica	trinidad_tobago	4930258.0
costa_rica	curacao	4930258.0
costa_rica	aruba	4930258.0
costa_rica	french_guiana	4930258.0
costa_rica	suriname	4930258.0
costa_rica	guyana	4930258.0
costa_rica	venezuela	4930258.0
costa_rica	colombia	4930258.0
costa_rica	ecuador	4930258.0
costa_rica	peru	4930258.0
costa_rica	bolivia	4930258.0
costa_rica	brazil	4930258.0
costa_rica	paraguay	4930258.0
costa_rica	uruguay	4930258.0
costa_rica	argentina	4930258.0
costa_rica	chile	4930258.0
panama	canada	3753142.0
panama	united_states	3753142.0
panama	bermuda	3753142.0
panama	mexico	3753142.0
panama	belize	3753142.0
panama	guatemala	3753142.0
panama	honduras	3753142.0
panama	el_salvador	3753142.0
panama	nicaragua	3753142.0
panama	costa_rica	3753142.0
panama	bahamas	3753142.0
panama	cuba	3753142.0
panama	turks_caicos_islands	3753142.0
panama	cayman_islands	3753142.0
panama	jamaica	3753142.0
panama	haiti	3753142.0
panama	dominican_republic	3753142.0
panama	puerto_rico	3753142.0
panama	united_states_virgin_islands	3753142.0
panama	saint_kitts_nevis	3753142.0
panama	antigua_barbuda	3753142.0
panama	guadeloupe	3753142.0
panama	dominica	3753142.0
panama	martinique	3753142.0
panama	saint_lucia	3753142.0
panama	saint_vincent_grenadines	3753142.0
panama	barbados	3753142.0
panama	grenada	3753142.0
panama	trinidad_tobago	3753142.0
panama	curacao	3753142.0
panama	aruba	3753142.0
panama	french_guiana	3753142.0
panama	suriname	3753142.0
panama	guyana	3753142.0
panama	venezuela	3753142.0
panama	colombia	3753142.0
panama	ecuador	3753142.0
panama	peru	3753142.0
panama	bolivia	3753142.0
panama	brazil	3753142.0
panama	paraguay	3753142.0
panama	uruguay	3753142.0
panama	argentina	3753142.0
panama	chile	3753142.0
bahamas	canada	329988.0
bahamas	united_states	329988.0
bahamas	bermuda	329988.0
bahamas	mexico	329988.0
bahamas	belize	329988.0
bahamas	guatemala	329988.0
bahamas	honduras	329988.0
bahamas	el_salvador	329988.0
bahamas	nicaragua	329988.0
bahamas	costa_rica	329988.0
bahamas	panama	329988.0
bahamas	cuba	329988.0
bahamas	turks_caicos_islands	329988.0
bahamas	cayman_islands	329988.0
bahamas	jamaica	329988.0
bahamas	haiti	329988.0
bahamas	dominican_republic	329988.0
bahamas	puerto_rico	329988.0
bahamas	united_states_virgin_islands	329988.0
bahamas	saint_kitts_nevis	329988.0
bahamas	antigua_barbuda	329988.0
bahamas	guadeloupe	329988.0
bahamas	dominica	329988.0
bahamas	martinique	329988.0
bahamas	saint_lucia	329988.0
bahamas	saint_vincent_grenadines	329988.0
bahamas	barbados	329988.0
bahamas	grenada	329988.0
bahamas	trinidad_tobago	329988.0
bahamas	curacao	329988.0
bahamas	aruba	329988.0
bahamas	french_guiana	329988.0
bahamas	suriname	329988.0
bahamas	guyana	329988.0
bahamas	venezuela	329988.0
bahamas	colombia	329988.0
bahamas	ecuador	329988.0
bahamas	peru	329988.0
bahamas	bolivia	329988.0
bahamas	brazil	329988.0
bahamas	paraguay	329988.0
bahamas	uruguay	329988.0
bahamas	argentina	329988.0
bahamas	chile	329988.0
cuba	canada	11147407.0
cuba	united_states	11147407.0
cuba	bermuda	11147407.0
cuba	mexico	11147407.0
cuba	belize	11147407.0
cuba	guatemala	11147407.0
cuba	honduras	11147407.0
cuba	el_salvador	11147407.0
cuba	nicaragua	11147407.0
cuba	costa_rica	11147407.0
cuba	panama	11147407.0
cuba	bahamas	11147407.0
cuba	turks_caicos_islands	11147407.0
cuba	cayman_islands	11147407.0
cuba	jamaica	11147407.0
cuba	haiti	11147407.0
cuba	dominican_republic	11147407.0
cuba	puerto_rico	11147407.0
cuba	united_states_virgin_islands	11147407.0
cuba	saint_kitts_nevis	11147407.0
cuba	antigua_barbuda	11147407.0
cuba	guadeloupe	11147407.0
cuba	dominica	11147407.0
cuba	martinique	11147407.0
cuba	saint_lucia	11147407.0
cuba	saint_vincent_grenadines	11147407.0
cuba	barbados	11147407.0
cuba	grenada	11147407.0
cuba	trinidad_tobago	11147407.0
cuba	curacao	11147407.0
cuba	aruba	11147407.0
cuba	french_guiana	11147407.0
cuba	suriname	11147407.0
cuba	guyana	11147407.0
cuba	venezuela	11147407.0
cuba	colombia	11147407.0
cuba	ecuador	11147407.0
cuba	peru	11147407.0
cuba	bolivia	11147407.0
cuba	brazil	11147407.0
cuba	paraguay	11147407.0
cuba	uruguay	11147407.0
cuba	argentina	11147407.0
cuba	chile	11147407.0
turks_caicos_islands	canada	52570.0
turks_caicos_islands	united_states	52570.0
turks_caicos_islands	bermuda	52570.0
turks_caicos_islands	mexico	52570.0
turks_caicos_islands	belize	52570.0
turks_caicos_islands	guatemala	52570.0
turks_caicos_islands	honduras	52570.0
turks_caicos_islands	el_salvador	52570.0
turks_caicos_islands	nicaragua	52570.0
turks_caicos_islands	costa_rica	52570.0
turks_caicos_islands	panama	52570.0
turks_caicos_islands	bahamas	52570.0
turks_caicos_islands	cuba	52570.0
turks_caicos_islands	cayman_islands	52570.0
turks_caicos_islands	jamaica	52570.0
turks_caicos_islands	haiti	52570.0
turks_caicos_islands	dominican_republic	52570.0
turks_caicos_islands	puerto_rico	52570.0
turks_caicos_islands	united_states_virgin_islands	52570.0
turks_caicos_islands	saint_kitts_nevis	52570.0
turks_caicos_islands	antigua_barbuda	52570.0
turks_caicos_islands	guadeloupe	52570.0
turks_caicos_islands	dominica	52570.0
turks_caicos_islands	martinique	52570.0
turks_caicos_islands	saint_lucia	52570.0
turks_caicos_islands	saint_vincent_grenadines	52570.0
turks_caicos_islands	barbados	52570.0
turks_caicos_islands	grenada	52570.0
turks_caicos_islands	trinidad_tobago	52570.0
turks_caicos_islands	curacao	52570.0
turks_caicos_islands	aruba	52570.0
turks_caicos_islands	french_guiana	52570.0
turks_caicos_islands	suriname	52570.0
turks_caicos_islands	guyana	52570.0
turks_caicos_islands	venezuela	52570.0
turks_caicos_islands	colombia	52570.0
turks_caicos_islands	ecuador	52570.0
turks_caicos_islands	peru	52570.0
turks_caicos_islands	bolivia	52570.0
turks_caicos_islands	brazil	52570.0
turks_caicos_islands	paraguay	52570.0
turks_caicos_islands	uruguay	52570.0
turks_caicos_islands	argentina	52570.0
turks_caicos_islands	chile	52570.0
cayman_islands	canada	58441.0
cayman_islands	united_states	58441.0
cayman_islands	bermuda	58441.0
cayman_islands	mexico	58441.0
cayman_islands	belize	58441.0
cayman_islands	guatemala	58441.0
cayman_islands	honduras	58441.0
cayman_islands	el_salvador	58441.0
cayman_islands	nicaragua	58441.0
cayman_islands	costa_rica	58441.0
cayman_islands	panama	58441.0
cayman_islands	bahamas	58441.0
cayman_islands	cuba	58441.0
cayman_islands	turks_caicos_islands	58441.0
cayman_islands	jamaica	58441.0
cayman_islands	haiti	58441.0
cayman_islands	dominican_republic	58441.0
cayman_islands	puerto_rico	58441.0
cayman_islands	united_states_virgin_islands	58441.0
cayman_islands	saint_kitts_nevis	58441.0
cayman_islands	antigua_barbuda	58441.0
cayman_islands	guadeloupe	58441.0
cayman_islands	dominica	58441.0
cayman_islands	martinique	58441.0
cayman_islands	saint_lucia	58441.0
cayman_islands	saint_vincent_grenadines	58441.0
cayman_islands	barbados	58441.0
cayman_islands	grenada	58441.0
cayman_islands	trinidad_tobago	58441.0
cayman_islands	curacao	58441.0
cayman_islands	aruba	58441.0
cayman_islands	french_guiana	58441.0
cayman_islands	suriname	58441.0
cayman_islands	guyana	58441.0
cayman_islands	venezuela	58441.0
cayman_islands	colombia	58441.0
cayman_islands	ecuador	58441.0
cayman_islands	peru	58441.0
cayman_islands	bolivia	58441.0
cayman_islands	brazil	58441.0
cayman_islands	paraguay	58441.0
cayman_islands	uruguay	58441.0
cayman_islands	argentina	58441.0
cayman_islands	chile	58441.0
jamaica	canada	2990561.0
jamaica	united_states	2990561.0
jamaica	bermuda	2990561.0
jamaica	mexico	2990561.0
jamaica	belize	2990561.0
jamaica	guatemala	2990561.0
jamaica	honduras	2990561.0
jamaica	el_salvador	2990561.0
jamaica	nicaragua	2990561.0
jamaica	costa_rica	2990561.0
jamaica	panama	2990561.0
jamaica	bahamas	2990561.0
jamaica	cuba	2990561.0
jamaica	turks_caicos_islands	2990561.0
jamaica	cayman_islands	2990561.0
jamaica	haiti	2990561.0
jamaica	dominican_republic	2990561.0
jamaica	puerto_rico	2990561.0
jamaica	united_states_virgin_islands	2990561.0
jamaica	saint_kitts_nevis	2990561.0
jamaica	antigua_barbuda	2990561.0
jamaica	guadeloupe	2990561.0
jamaica	dominica	2990561.0
jamaica	martinique	2990561.0
jamaica	saint_lucia	2990561.0
jamaica	saint_vincent_grenadines	2990561.0
jamaica	barbados	2990561.0
jamaica	grenada	2990561.0
jamaica	trinidad_tobago	2990561.0
jamaica	curacao	2990561.0
jamaica	aruba	2990561.0
jamaica	french_guiana	2990561.0
jamaica	suriname	2990561.0
jamaica	guyana	2990561.0
jamaica	venezuela	2990561.0
jamaica	colombia	2990561.0
jamaica	ecuador	2990561.0
jamaica	peru	2990561.0
jamaica	bolivia	2990561.0
jamaica	brazil	2990561.0
jamaica	paraguay	2990561.0
jamaica	uruguay	2990561.0
jamaica	argentina	2990561.0
jamaica	chile	2990561.0
haiti	canada	10646714.0
haiti	united_states	10646714.0
haiti	bermuda	10646714.0
haiti	mexico	10646714.0
haiti	belize	10646714.0
haiti	guatemala	10646714.0
haiti	honduras	10646714.0
haiti	el_salvador	10646714.0
haiti	nicaragua	10646714.0
haiti	costa_rica	10646714.0
haiti	panama	10646714.0
haiti	bahamas	10646714.0
haiti	cuba	10646714.0
haiti	turks_caicos_islands	10646714.0
haiti	cayman_islands	10646714.0
haiti	jamaica	10646714.0
haiti	dominican_republic	10646714.0
haiti	puerto_rico	10646714.0
haiti	united_states_virgin_islands	10646714.0
haiti	saint_kitts_nevis	10646714.0
haiti	antigua_barbuda	10646714.0
haiti	guadeloupe	10646714.0
haiti	dominica	10646714.0
haiti	martinique	10646714.0
haiti	saint_lucia	10646714.0
haiti	saint_vincent_grenadines	10646714.0
haiti	barbados	10646714.0
haiti	grenada	10646714.0
haiti	trinidad_tobago	10646714.0
haiti	curacao	10646714.0
haiti	aruba	10646714.0
haiti	french_guiana	10646714.0
haiti	suriname	10646714.0
haiti	guyana	10646714.0
haiti	venezuela	10646714.0
haiti	colombia	10646714.0
haiti	ecuador	10646714.0
haiti	peru	10646714.0
haiti	bolivia	10646714.0
haiti	brazil	10646714.0
haiti	paraguay	10646714.0
haiti	uruguay	10646714.0
haiti	argentina	10646714.0
haiti	chile	10646714.0
dominican_republic	canada	10734247.0
dominican_republic	united_states	10734247.0
dominican_republic	bermuda	10734247.0
dominican_republic	mexico	10734247.0
dominican_republic	belize	10734247.0
dominican_republic	guatemala	10734247.0
dominican_republic	honduras	10734247.0
dominican_republic	el_salvador	10734247.0
dominican_republic	nicaragua	10734247.0
dominican_republic	costa_rica	10734247.0
dominican_republic	panama	10734247.0
dominican_republic	bahamas	10734247.0
dominican_republic	cuba	10734247.0
dominican_republic	turks_caicos_islands	10734247.0
dominican_republic	cayman_islands	10734247.0
dominican_republic	jamaica	10734247.0
dominican_republic	haiti	10734247.0
dominican_republic	puerto_rico	10734247.0
dominican_republic	united_states_virgin_islands	10734247.0
dominican_republic	saint_kitts_nevis	10734247.0
dominican_republic	antigua_barbuda	10734247.0
dominican_republic	guadeloupe	10734247.0
dominican_republic	dominica	10734247.0
dominican_republic	martinique	10734247.0
dominican_republic	saint_lucia	10734247.0
dominican_republic	saint_vincent_grenadines	10734247.0
dominican_republic	barbados	10734247.0
dominican_republic	grenada	10734247.0
dominican_republic	trinidad_tobago	10734247.0
dominican_republic	curacao	10734247.0
dominican_republic	aruba	10734247.0
dominican_republic	french_guiana	10734247.0
dominican_republic	suriname	10734247.0
dominican_republic	guyana	10734247.0
dominican_republic	venezuela	10734247.0
dominican_republic	colombia	10734247.0
dominican_republic	ecuador	10734247.0
dominican_republic	peru	10734247.0
dominican_republic	bolivia	10734247.0
dominican_republic	brazil	10734247.0
dominican_republic	paraguay	10734247.0
dominican_republic	uruguay	10734247.0
dominican_republic	argentina	10734247.0
dominican_republic	chile	10734247.0
puerto_rico	canada	3351827.0
puerto_rico	united_states	3351827.0
puerto_rico	bermuda	3351827.0
puerto_rico	mexico	3351827.0
puerto_rico	belize	3351827.0
puerto_rico	guatemala	3351827.0
puerto_rico	honduras	3351827.0
puerto_rico	el_salvador	3351827.0
puerto_rico	nicaragua	3351827.0
puerto_rico	costa_rica	3351827.0
puerto_rico	panama	3351827.0
puerto_rico	bahamas	3351827.0
puerto_rico	cuba	3351827.0
puerto_rico	turks_caicos_islands	3351827.0
puerto_rico	cayman_islands	3351827.0
puerto_rico	jamaica	3351827.0
puerto_rico	haiti	3351827.0
puerto_rico	dominican_republic	3351827.0
puerto_rico	united_states_virgin_islands	3351827.0
puerto_rico	saint_kitts_nevis	3351827.0
puerto_rico	antigua_barbuda	3351827.0
puerto_rico	guadeloupe	3351827.0
puerto_rico	dominica	3351827.0
puerto_rico	martinique	3351827.0
puerto_rico	saint_lucia	3351827.0
puerto_rico	saint_vincent_grenadines	3351827.0
puerto_rico	barbados	3351827.0
puerto_rico	grenada	3351827.0
puerto_rico	trinidad_tobago	3351827.0
puerto_rico	curacao	3351827.0
puerto_rico	aruba	3351827.0
puerto_rico	french_guiana	3351827.0
puerto_rico	suriname	3351827.0
puerto_rico	guyana	3351827.0
puerto_rico	venezuela	3351827.0
puerto_rico	colombia	3351827.0
puerto_rico	ecuador	3351827.0
puerto_rico	peru	3351827.0
puerto_rico	bolivia	3351827.0
puerto_rico	brazil	3351827.0
puerto_rico	paraguay	3351827.0
puerto_rico	uruguay	3351827.0
puerto_rico	argentina	3351827.0
puerto_rico	chile	3351827.0
united_states_virgin_islands	canada	107268.0
united_states_virgin_islands	united_states	107268.0
united_states_virgin_islands	bermuda	107268.0
united_states_virgin_islands	mexico	107268.0
united_states_virgin_islands	belize	107268.0
united_states_virgin_islands	guatemala	107268.0
united_states_virgin_islands	honduras	107268.0
united_states_virgin_islands	el_salvador	107268.0
united_states_virgin_islands	nicaragua	107268.0
united_states_virgin_islands	costa_rica	107268.0
united_states_virgin_islands	panama	107268.0
united_states_virgin_islands	bahamas	107268.0
united_states_virgin_islands	cuba	107268.0
united_states_virgin_islands	turks_caicos_islands	107268.0
united_states_virgin_islands	cayman_islands	107268.0
united_states_virgin_islands	jamaica	107268.0
united_states_virgin_islands	haiti	107268.0
united_states_virgin_islands	dominican_republic	107268.0
united_states_virgin_islands	puerto_rico	107268.0
united_states_virgin_islands	saint_kitts_nevis	107268.0
united_states_virgin_islands	antigua_barbuda	107268.0
united_states_virgin_islands	guadeloupe	107268.0
united_states_virgin_islands	dominica	107268.0
united_states_virgin_islands	martinique	107268.0
united_states_virgin_islands	saint_lucia	107268.0
united_states_virgin_islands	saint_vincent_grenadines	107268.0
united_states_virgin_islands	barbados	107268.0
united_states_virgin_islands	grenada	107268.0
united_states_virgin_islands	trinidad_tobago	107268.0
united_states_virgin_islands	curacao	107268.0
united_states_virgin_islands	aruba	107268.0
united_states_virgin_islands	french_guiana	107268.0
united_states_virgin_islands	suriname	107268.0
united_states_virgin_islands	guyana	107268.0
united_states_virgin_islands	venezuela	107268.0
united_states_virgin_islands	colombia	107268.0
united_states_virgin_islands	ecuador	107268.0
united_states_virgin_islands	peru	107268.0
united_states_virgin_islands	bolivia	107268.0
united_states_virgin_islands	brazil	107268.0
united_states_virgin_islands	paraguay	107268.0
united_states_virgin_islands	uruguay	107268.0
united_states_virgin_islands	argentina	107268.0
united_states_virgin_islands	chile	107268.0
saint_kitts_nevis	canada	52715.0
saint_kitts_nevis	united_states	52715.0
saint_kitts_nevis	bermuda	52715.0
saint_kitts_nevis	mexico	52715.0
saint_kitts_nevis	belize	52715.0
saint_kitts_nevis	guatemala	52715.0
saint_kitts_nevis	honduras	52715.0
saint_kitts_nevis	el_salvador	52715.0
saint_kitts_nevis	nicaragua	52715.0
saint_kitts_nevis	costa_rica	52715.0
saint_kitts_nevis	panama	52715.0
saint_kitts_nevis	bahamas	52715.0
saint_kitts_nevis	cuba	52715.0
saint_kitts_nevis	turks_caicos_islands	52715.0
saint_kitts_nevis	cayman_islands	52715.0
saint_kitts_nevis	jamaica	52715.0
saint_kitts_nevis	haiti	52715.0
saint_kitts_nevis	dominican_republic	52715.0
saint_kitts_nevis	puerto_rico	52715.0
saint_kitts_nevis	united_states_virgin_islands	52715.0
saint_kitts_nevis	antigua_barbuda	52715.0
saint_kitts_nevis	guadeloupe	52715.0
saint_kitts_nevis	dominica	52715.0
saint_kitts_nevis	martinique	52715.0
saint_kitts_nevis	saint_lucia	52715.0
saint_kitts_nevis	saint_vincent_grenadines	52715.0
saint_kitts_nevis	barbados	52715.0
saint_kitts_nevis	grenada	52715.0
saint_kitts_nevis	trinidad_tobago	52715.0
saint_kitts_nevis	curacao	52715.0
saint_kitts_nevis	aruba	52715.0
saint_kitts_nevis	french_guiana	52715.0
saint_kitts_nevis	suriname	52715.0
saint_kitts_nevis	guyana	52715.0
saint_kitts_nevis	venezuela	52715.0
saint_kitts_nevis	colombia	52715.0
saint_kitts_nevis	ecuador	52715.0
saint_kitts_nevis	peru	52715.0
saint_kitts_nevis	bolivia	52715.0
saint_kitts_nevis	brazil	52715.0
saint_kitts_nevis	paraguay	52715.0
saint_kitts_nevis	uruguay	52715.0
saint_kitts_nevis	argentina	52715.0
saint_kitts_nevis	chile	52715.0
antigua_barbuda	canada	94731.0
antigua_barbuda	united_states	94731.0
antigua_barbuda	bermuda	94731.0
antigua_barbuda	mexico	94731.0
antigua_barbuda	belize	94731.0
antigua_barbuda	guatemala	94731.0
antigua_barbuda	honduras	94731.0
antigua_barbuda	el_salvador	94731.0
antigua_barbuda	nicaragua	94731.0
antigua_barbuda	costa_rica	94731.0
antigua_barbuda	panama	94731.0
antigua_barbuda	bahamas	94731.0
antigua_barbuda	cuba	94731.0
antigua_barbuda	turks_caicos_islands	94731.0
antigua_barbuda	cayman_islands	94731.0
antigua_barbuda	jamaica	94731.0
antigua_barbuda	haiti	94731.0
antigua_barbuda	dominican_republic	94731.0
antigua_barbuda	puerto_rico	94731.0
antigua_barbuda	united_states_virgin_islands	94731.0
antigua_barbuda	saint_kitts_nevis	94731.0
antigua_barbuda	guadeloupe	94731.0
antigua_barbuda	dominica	94731.0
antigua_barbuda	martinique	94731.0
antigua_barbuda	saint_lucia	94731.0
antigua_barbuda	saint_vincent_grenadines	94731.0
antigua_barbuda	barbados	94731.0
antigua_barbuda	grenada	94731.0
antigua_barbuda	trinidad_tobago	94731.0
antigua_barbuda	curacao	94731.0
antigua_barbuda	aruba	94731.0
antigua_barbuda	french_guiana	94731.0
antigua_barbuda	suriname	94731.0
antigua_barbuda	guyana	94731.0
antigua_barbuda	venezuela	94731.0
antigua_barbuda	colombia	94731.0
antigua_barbuda	ecuador	94731.0
antigua_barbuda	peru	94731.0
antigua_barbuda	bolivia	94731.0
antigua_barbuda	brazil	94731.0
antigua_barbuda	paraguay	94731.0
antigua_barbuda	uruguay	94731.0
antigua_barbuda	argentina	94731.0
antigua_barbuda	chile	94731.0
guadeloupe	canada	402119.0
guadeloupe	united_states	402119.0
guadeloupe	bermuda	402119.0
guadeloupe	mexico	402119.0
guadeloupe	belize	402119.0
guadeloupe	guatemala	402119.0
guadeloupe	honduras	402119.0
guadeloupe	el_salvador	402119.0
guadeloupe	nicaragua	402119.0
guadeloupe	costa_rica	402119.0
guadeloupe	panama	402119.0
guadeloupe	bahamas	402119.0
guadeloupe	cuba	402119.0
guadeloupe	turks_caicos_islands	402119.0
guadeloupe	cayman_islands	402119.0
guadeloupe	jamaica	402119.0
guadeloupe	haiti	402119.0
guadeloupe	dominican_republic	402119.0
guadeloupe	puerto_rico	402119.0
guadeloupe	united_states_virgin_islands	402119.0
guadeloupe	saint_kitts_nevis	402119.0
guadeloupe	antigua_barbuda	402119.0
guadeloupe	dominica	402119.0
guadeloupe	martinique	402119.0
guadeloupe	saint_lucia	402119.0
guadeloupe	saint_vincent_grenadines	402119.0
guadeloupe	barbados	402119.0
guadeloupe	grenada	402119.0
guadeloupe	trinidad_tobago	402119.0
guadeloupe	curacao	402119.0
guadeloupe	aruba	402119.0
guadeloupe	french_guiana	402119.0
guadeloupe	suriname	402119.0
guadeloupe	guyana	402119.0
guadeloupe	venezuela	402119.0
guadeloupe	colombia	402119.0
guadeloupe	ecuador	402119.0
guadeloupe	peru	402119.0
guadeloupe	bolivia	402119.0
guadeloupe	brazil	402119.0
guadeloupe	paraguay	402119.0
guadeloupe	uruguay	402119.0
guadeloupe	argentina	402119.0
guadeloupe	chile	402119.0
dominica	canada	73897.0
dominica	united_states	73897.0
dominica	bermuda	73897.0
dominica	mexico	73897.0
dominica	belize	73897.0
dominica	guatemala	73897.0
dominica	honduras	73897.0
dominica	el_salvador	73897.0
dominica	nicaragua	73897.0
dominica	costa_rica	73897.0
dominica	panama	73897.0
dominica	bahamas	73897.0
dominica	cuba	73897.0
dominica	turks_caicos_islands	73897.0
dominica	cayman_islands	73897.0
dominica	jamaica	73897.0
dominica	haiti	73897.0
dominica	dominican_republic	73897.0
dominica	puerto_rico	73897.0
dominica	united_states_virgin_islands	73897.0
dominica	saint_kitts_nevis	73897.0
dominica	antigua_barbuda	73897.0
dominica	guadeloupe	73897.0
dominica	martinique	73897.0
dominica	saint_lucia	73897.0
dominica	saint_vincent_grenadines	73897.0
dominica	barbados	73897.0
dominica	grenada	73897.0
dominica	trinidad_tobago	73897.0
dominica	curacao	73897.0
dominica	aruba	73897.0
dominica	french_guiana	73897.0
dominica	suriname	73897.0
dominica	guyana	73897.0
dominica	venezuela	73897.0
dominica	colombia	73897.0
dominica	ecuador	73897.0
dominica	peru	73897.0
dominica	bolivia	73897.0
dominica	brazil	73897.0
dominica	paraguay	73897.0
dominica	uruguay	73897.0
dominica	argentina	73897.0
dominica	chile	73897.0
martinique	canada	385551.0
martinique	united_states	385551.0
martinique	bermuda	385551.0
martinique	mexico	385551.0
martinique	belize	385551.0
martinique	guatemala	385551.0
martinique	honduras	385551.0
martinique	el_salvador	385551.0
martinique	nicaragua	385551.0
martinique	costa_rica	385551.0
martinique	panama	385551.0
martinique	bahamas	385551.0
martinique	cuba	385551.0
martinique	turks_caicos_islands	385551.0
martinique	cayman_islands	385551.0
martinique	jamaica	385551.0
martinique	haiti	385551.0
martinique	dominican_republic	385551.0
martinique	puerto_rico	385551.0
martinique	united_states_virgin_islands	385551.0
martinique	saint_kitts_nevis	385551.0
martinique	antigua_barbuda	385551.0
martinique	guadeloupe	385551.0
martinique	dominica	385551.0
martinique	saint_lucia	385551.0
martinique	saint_vincent_grenadines	385551.0
martinique	barbados	385551.0
martinique	grenada	385551.0
martinique	trinidad_tobago	385551.0
martinique	curacao	385551.0
martinique	aruba	385551.0
martinique	french_guiana	385551.0
martinique	suriname	385551.0
martinique	guyana	385551.0
martinique	venezuela	385551.0
martinique	colombia	385551.0
martinique	ecuador	385551.0
martinique	peru	385551.0
martinique	bolivia	385551.0
martinique	brazil	385551.0
martinique	paraguay	385551.0
martinique	uruguay	385551.0
martinique	argentina	385551.0
martinique	chile	385551.0
saint_lucia	canada	164994.0
saint_lucia	united_states	164994.0
saint_lucia	bermuda	164994.0
saint_lucia	mexico	164994.0
saint_lucia	belize	164994.0
saint_lucia	guatemala	164994.0
saint_lucia	honduras	164994.0
saint_lucia	el_salvador	164994.0
saint_lucia	nicaragua	164994.0
saint_lucia	costa_rica	164994.0
saint_lucia	panama	164994.0
saint_lucia	bahamas	164994.0
saint_lucia	cuba	164994.0
saint_lucia	turks_caicos_islands	164994.0
saint_lucia	cayman_islands	164994.0
saint_lucia	jamaica	164994.0
saint_lucia	haiti	164994.0
saint_lucia	dominican_republic	164994.0
saint_lucia	puerto_rico	164994.0
saint_lucia	united_states_virgin_islands	164994.0
saint_lucia	saint_kitts_nevis	164994.0
saint_lucia	antigua_barbuda	164994.0
saint_lucia	guadeloupe	164994.0
saint_lucia	dominica	164994.0
saint_lucia	martinique	164994.0
saint_lucia	saint_vincent_grenadines	164994.0
saint_lucia	barbados	164994.0
saint_lucia	grenada	164994.0
saint_lucia	trinidad_tobago	164994.0
saint_lucia	curacao	164994.0
saint_lucia	aruba	164994.0
saint_lucia	french_guiana	164994.0
saint_lucia	suriname	164994.0
saint_lucia	guyana	164994.0
saint_lucia	venezuela	164994.0
saint_lucia	colombia	164994.0
saint_lucia	ecuador	164994.0
saint_lucia	peru	164994.0
saint_lucia	bolivia	164994.0
saint_lucia	brazil	164994.0
saint_lucia	paraguay	164994.0
saint_lucia	uruguay	164994.0
saint_lucia	argentina	164994.0
saint_lucia	chile	164994.0
saint_vincent_grenadines	canada	102089.0
saint_vincent_grenadines	united_states	102089.0
saint_vincent_grenadines	bermuda	102089.0
saint_vincent_grenadines	mexico	102089.0
saint_vincent_grenadines	belize	102089.0
saint_vincent_grenadines	guatemala	102089.0
saint_vincent_grenadines	honduras	102089.0
saint_vincent_grenadines	el_salvador	102089.0
saint_vincent_grenadines	nicaragua	102089.0
saint_vincent_grenadines	costa_rica	102089.0
saint_vincent_grenadines	panama	102089.0
saint_vincent_grenadines	bahamas	102089.0
saint_vincent_grenadines	cuba	102089.0
saint_vincent_grenadines	turks_caicos_islands	102089.0
saint_vincent_grenadines	cayman_islands	102089.0
saint_vincent_grenadines	jamaica	102089.0
saint_vincent_grenadines	haiti	102089.0
saint_vincent_grenadines	dominican_republic	102089.0
saint_vincent_grenadines	puerto_rico	102089.0
saint_vincent_grenadines	united_states_virgin_islands	102089.0
saint_vincent_grenadines	saint_kitts_nevis	102089.0
saint_vincent_grenadines	antigua_barbuda	102089.0
saint_vincent_grenadines	guadeloupe	102089.0
saint_vincent_grenadines	dominica	102089.0
saint_vincent_grenadines	martinique	102089.0
saint_vincent_grenadines	saint_lucia	102089.0
saint_vincent_grenadines	barbados	102089.0
saint_vincent_grenadines	grenada	102089.0
saint_vincent_grenadines	trinidad_tobago	102089.0
saint_vincent_grenadines	curacao	102089.0
saint_vincent_grenadines	aruba	102089.0
saint_vincent_grenadines	french_guiana	102089.0
saint_vincent_grenadines	suriname	102089.0
saint_vincent_grenadines	guyana	102089.0
saint_vincent_grenadines	venezuela	102089.0
saint_vincent_grenadines	colombia	102089.0
saint_vincent_grenadines	ecuador	102089.0
saint_vincent_grenadines	peru	102089.0
saint_vincent_grenadines	bolivia	102089.0
saint_vincent_grenadines	brazil	102089.0
saint_vincent_grenadines	paraguay	102089.0
saint_vincent_grenadines	uruguay	102089.0
saint_vincent_grenadines	argentina	102089.0
saint_vincent_grenadines	chile	102089.0
barbados	canada	292336.0
barbados	united_states	292336.0
barbados	bermuda	292336.0
barbados	mexico	292336.0
barbados	belize	292336.0
barbados	guatemala	292336.0
barbados	honduras	292336.0
barbados	el_salvador	292336.0
barbados	nicaragua	292336.0
barbados	costa_rica	292336.0
barbados	panama	292336.0
barbados	bahamas	292336.0
barbados	cuba	292336.0
barbados	turks_caicos_islands	292336.0
barbados	cayman_islands	292336.0
barbados	jamaica	292336.0
barbados	haiti	292336.0
barbados	dominican_republic	292336.0
barbados	puerto_rico	292336.0
barbados	united_states_virgin_islands	292336.0
barbados	saint_kitts_nevis	292336.0
barbados	antigua_barbuda	292336.0
barbados	guadeloupe	292336.0
barbados	dominica	292336.0
barbados	martinique	292336.0
barbados	saint_lucia	292336.0
barbados	saint_vincent_grenadines	292336.0
barbados	grenada	292336.0
barbados	trinidad_tobago	292336.0
barbados	curacao	292336.0
barbados	aruba	292336.0
barbados	french_guiana	292336.0
barbados	suriname	292336.0
barbados	guyana	292336.0
barbados	venezuela	292336.0
barbados	colombia	292336.0
barbados	ecuador	292336.0
barbados	peru	292336.0
barbados	bolivia	292336.0
barbados	brazil	292336.0
barbados	paraguay	292336.0
barbados	uruguay	292336.0
barbados	argentina	292336.0
barbados	chile	292336.0
grenada	canada	111724.0
grenada	united_states	111724.0
grenada	bermuda	111724.0
grenada	mexico	111724.0
grenada	belize	111724.0
grenada	guatemala	111724.0
grenada	honduras	111724.0
grenada	el_salvador	111724.0
grenada	nicaragua	111724.0
grenada	costa_rica	111724.0
grenada	panama	111724.0
grenada	bahamas	111724.0
grenada	cuba	111724.0
grenada	turks_caicos_islands	111724.0
grenada	cayman_islands	111724.0
grenada	jamaica	111724.0
grenada	haiti	111724.0
grenada	dominican_republic	111724.0
grenada	puerto_rico	111724.0
grenada	united_states_virgin_islands	111724.0
grenada	saint_kitts_nevis	111724.0
grenada	antigua_barbuda	111724.0
grenada	guadeloupe	111724.0
grenada	dominica	111724.0
grenada	martinique	111724.0
grenada	saint_lucia	111724.0
grenada	saint_vincent_grenadines	111724.0
grenada	barbados	111724.0
grenada	trinidad_tobago	111724.0
grenada	curacao	111724.0
grenada	aruba	111724.0
grenada	french_guiana	111724.0
grenada	suriname	111724.0
grenada	guyana	111724.0
grenada	venezuela	111724.0
grenada	colombia	111724.0
grenada	ecuador	111724.0
grenada	peru	111724.0
grenada	bolivia	111724.0
grenada	brazil	111724.0
grenada	paraguay	111724.0
grenada	uruguay	111724.0
grenada	argentina	111724.0
grenada	chile	111724.0
trinidad_tobago	canada	1218208.0
trinidad_tobago	united_states	1218208.0
trinidad_tobago	bermuda	1218208.0
trinidad_tobago	mexico	1218208.0
trinidad_tobago	belize	1218208.0
trinidad_tobago	guatemala	1218208.0
trinidad_tobago	honduras	1218208.0
trinidad_tobago	el_salvador	1218208.0
trinidad_tobago	nicaragua	1218208.0
trinidad_tobago	costa_rica	1218208.0
trinidad_tobago	panama	1218208.0
trinidad_tobago	bahamas	1218208.0
trinidad_tobago	cuba	1218208.0
trinidad_tobago	turks_caicos_islands	1218208.0
trinidad_tobago	cayman_islands	1218208.0
trinidad_tobago	jamaica	1218208.0
trinidad_tobago	haiti	1218208.0
trinidad_tobago	dominican_republic	1218208.0
trinidad_tobago	puerto_rico	1218208.0
trinidad_tobago	united_states_virgin_islands	1218208.0
trinidad_tobago	saint_kitts_nevis	1218208.0
trinidad_tobago	antigua_barbuda	1218208.0
trinidad_tobago	guadeloupe	1218208.0
trinidad_tobago	dominica	1218208.0
trinidad_tobago	martinique	1218208.0
trinidad_tobago	saint_lucia	1218208.0
trinidad_tobago	saint_vincent_grenadines	1218208.0
trinidad_tobago	barbados	1218208.0
trinidad_tobago	grenada	1218208.0
trinidad_tobago	curacao	1218208.0
trinidad_tobago	aruba	1218208.0
trinidad_tobago	french_guiana	1218208.0
trinidad_tobago	suriname	1218208.0
trinidad_tobago	guyana	1218208.0
trinidad_tobago	venezuela	1218208.0
trinidad_tobago	colombia	1218208.0
trinidad_tobago	ecuador	1218208.0
trinidad_tobago	peru	1218208.0
trinidad_tobago	bolivia	1218208.0
trinidad_tobago	brazil	1218208.0
trinidad_tobago	paraguay	1218208.0
trinidad_tobago	uruguay	1218208.0
trinidad_tobago	argentina	1218208.0
trinidad_tobago	chile	1218208.0
curacao	canada	149648.0
curacao	united_states	149648.0
curacao	bermuda	149648.0
curacao	mexico	149648.0
curacao	belize	149648.0
curacao	guatemala	149648.0
curacao	honduras	149648.0
curacao	el_salvador	149648.0
curacao	nicaragua	149648.0
curacao	costa_rica	149648.0
curacao	panama	149648.0
curacao	bahamas	149648.0
curacao	cuba	149648.0
curacao	turks_caicos_islands	149648.0
curacao	cayman_islands	149648.0
curacao	jamaica	149648.0
curacao	haiti	149648.0
curacao	dominican_republic	149648.0
curacao	puerto_rico	149648.0
curacao	united_states_virgin_islands	149648.0
curacao	saint_kitts_nevis	149648.0
curacao	antigua_barbuda	149648.0
curacao	guadeloupe	149648.0
curacao	dominica	149648.0
curacao	martinique	149648.0
curacao	saint_lucia	149648.0
curacao	saint_vincent_grenadines	149648.0
curacao	barbados	149648.0
curacao	grenada	149648.0
curacao	trinidad_tobago	149648.0
curacao	aruba	149648.0
curacao	french_guiana	149648.0
curacao	suriname	149648.0
curacao	guyana	149648.0
curacao	venezuela	149648.0
curacao	colombia	149648.0
curacao	ecuador	149648.0
curacao	peru	149648.0
curacao	bolivia	149648.0
curacao	brazil	149648.0
curacao	paraguay	149648.0
curacao	uruguay	149648.0
curacao	argentina	149648.0
curacao	chile	149648.0
aruba	canada	115120.0
aruba	united_states	115120.0
aruba	bermuda	115120.0
aruba	mexico	115120.0
aruba	belize	115120.0
aruba	guatemala	115120.0
aruba	honduras	115120.0
aruba	el_salvador	115120.0
aruba	nicaragua	115120.0
aruba	costa_rica	115120.0
aruba	panama	115120.0
aruba	bahamas	115120.0
aruba	cuba	115120.0
aruba	turks_caicos_islands	115120.0
aruba	cayman_islands	115120.0
aruba	jamaica	115120.0
aruba	haiti	115120.0
aruba	dominican_republic	115120.0
aruba	puerto_rico	115120.0
aruba	united_states_virgin_islands	115120.0
aruba	saint_kitts_nevis	115120.0
aruba	antigua_barbuda	115120.0
aruba	guadeloupe	115120.0
aruba	dominica	115120.0
aruba	martinique	115120.0
aruba	saint_lucia	115120.0
aruba	saint_vincent_grenadines	115120.0
aruba	barbados	115120.0
aruba	grenada	115120.0
aruba	trinidad_tobago	115120.0
aruba	curacao	115120.0
aruba	french_guiana	115120.0
aruba	suriname	115120.0
aruba	guyana	115120.0
aruba	venezuela	115120.0
aruba	colombia	115120.0
aruba	ecuador	115120.0
aruba	peru	115120.0
aruba	bolivia	115120.0
aruba	brazil	115120.0
aruba	paraguay	115120.0
aruba	uruguay	115120.0
aruba	argentina	115120.0
aruba	chile	115120.0
french_guiana	canada	252338.0
french_guiana	united_states	252338.0
french_guiana	bermuda	252338.0
french_guiana	mexico	252338.0
french_guiana	belize	252338.0
french_guiana	guatemala	252338.0
french_guiana	honduras	252338.0
french_guiana	el_salvador	252338.0
french_guiana	nicaragua	252338.0
french_guiana	costa_rica	252338.0
french_guiana	panama	252338.0
french_guiana	bahamas	252338.0
french_guiana	cuba	252338.0
french_guiana	turks_caicos_islands	252338.0
french_guiana	cayman_islands	252338.0
french_guiana	jamaica	252338.0
french_guiana	haiti	252338.0
french_guiana	dominican_republic	252338.0
french_guiana	puerto_rico	252338.0
french_guiana	united_states_virgin_islands	252338.0
french_guiana	saint_kitts_nevis	252338.0
french_guiana	antigua_barbuda	252338.0
french_guiana	guadeloupe	252338.0
french_guiana	dominica	252338.0
french_guiana	martinique	252338.0
french_guiana	saint_lucia	252338.0
french_guiana	saint_vincent_grenadines	252338.0
french_guiana	barbados	252338.0
french_guiana	grenada	252338.0
french_guiana	trinidad_tobago	252338.0
french_guiana	curacao	252338.0
french_guiana	aruba	252338.0
french_guiana	suriname	252338.0
french_guiana	guyana	252338.0
french_guiana	venezuela	252338.0
french_guiana	colombia	252338.0
french_guiana	ecuador	252338.0
french_guiana	peru	252338.0
french_guiana	bolivia	252338.0
french_guiana	brazil	252338.0
french_guiana	paraguay	252338.0
french_guiana	uruguay	252338.0
french_guiana	argentina	252338.0
french_guiana	chile	252338.0
suriname	canada	591919.0
suriname	united_states	591919.0
suriname	bermuda	591919.0
suriname	mexico	591919.0
suriname	belize	591919.0
suriname	guatemala	591919.0
suriname	honduras	591919.0
suriname	el_salvador	591919.0
suriname	nicaragua	591919.0
suriname	costa_rica	591919.0
suriname	panama	591919.0
suriname	bahamas	591919.0
suriname	cuba	591919.0
suriname	turks_caicos_islands	591919.0
suriname	cayman_islands	591919.0
suriname	jamaica	591919.0
suriname	haiti	591919.0
suriname	dominican_republic	591919.0
suriname	puerto_rico	591919.0
suriname	united_states_virgin_islands	591919.0
suriname	saint_kitts_nevis	591919.0
suriname	antigua_barbuda	591919.0
suriname	guadeloupe	591919.0
suriname	dominica	591919.0
suriname	martinique	591919.0
suriname	saint_lucia	591919.0
suriname	saint_vincent_grenadines	591919.0
suriname	barbados	591919.0
suriname	grenada	591919.0
suriname	trinidad_tobago	591919.0
suriname	curacao	591919.0
suriname	aruba	591919.0
suriname	french_guiana	591919.0
suriname	guyana	591919.0
suriname	venezuela	591919.0
suriname	colombia	591919.0
suriname	ecuador	591919.0
suriname	peru	591919.0
suriname	bolivia	591919.0
suriname	brazil	591919.0
suriname	paraguay	591919.0
suriname	uruguay	591919.0
suriname	argentina	591919.0
suriname	chile	591919.0
guyana	canada	737718.0
guyana	united_states	737718.0
guyana	bermuda	737718.0
guyana	mexico	737718.0
guyana	belize	737718.0
guyana	guatemala	737718.0
guyana	honduras	737718.0
guyana	el_salvador	737718.0
guyana	nicaragua	737718.0
guyana	costa_rica	737718.0
guyana	panama	737718.0
guyana	bahamas	737718.0
guyana	cuba	737718.0
guyana	turks_caicos_islands	737718.0
guyana	cayman_islands	737718.0
guyana	jamaica	737718.0
guyana	haiti	737718.0
guyana	dominican_republic	737718.0
guyana	puerto_rico	737718.0
guyana	united_states_virgin_islands	737718.0
guyana	saint_kitts_nevis	737718.0
guyana	antigua_barbuda	737718.0
guyana	guadeloupe	737718.0
guyana	dominica	737718.0
guyana	martinique	737718.0
guyana	saint_lucia	737718.0
guyana	saint_vincent_grenadines	737718.0
guyana	barbados	737718.0
guyana	grenada	737718.0
guyana	trinidad_tobago	737718.0
guyana	curacao	737718.0
guyana	aruba	737718.0
guyana	french_guiana	737718.0
guyana	suriname	737718.0
guyana	venezuela	737718.0
guyana	colombia	737718.0
guyana	ecuador	737718.0
guyana	peru	737718.0
guyana	bolivia	737718.0
guyana	brazil	737718.0
guyana	paraguay	737718.0
guyana	uruguay	737718.0
guyana	argentina	737718.0
guyana	chile	737718.0
venezuela	canada	31304016.0
venezuela	united_states	31304016.0
venezuela	bermuda	31304016.0
venezuela	mexico	31304016.0
venezuela	belize	31304016.0
venezuela	guatemala	31304016.0
venezuela	honduras	31304016.0
venezuela	el_salvador	31304016.0
venezuela	nicaragua	31304016.0
venezuela	costa_rica	31304016.0
venezuela	panama	31304016.0
venezuela	bahamas	31304016.0
venezuela	cuba	31304016.0
venezuela	turks_caicos_islands	31304016.0
venezuela	cayman_islands	31304016.0
venezuela	jamaica	31304016.0
venezuela	haiti	31304016.0
venezuela	dominican_republic	31304016.0
venezuela	puerto_rico	31304016.0
venezuela	united_states_virgin_islands	31304016.0
venezuela	saint_kitts_nevis	31304016.0
venezuela	antigua_barbuda	31304016.0
venezuela	guadeloupe	31304016.0
venezuela	dominica	31304016.0
venezuela	martinique	31304016.0
venezuela	saint_lucia	31304016.0
venezuela	saint_vincent_grenadines	31304016.0
venezuela	barbados	31304016.0
venezuela	grenada	31304016.0
venezuela	trinidad_tobago	31304016.0
venezuela	curacao	31304016.0
venezuela	aruba	31304016.0
venezuela	french_guiana	31304016.0
venezuela	suriname	31304016.0
venezuela	guyana	31304016.0
venezuela	colombia	31304016.0
venezuela	ecuador	31304016.0
venezuela	peru	31304016.0
venezuela	bolivia	31304016.0
venezuela	brazil	31304016.0
venezuela	paraguay	31304016.0
venezuela	uruguay	31304016.0
venezuela	argentina	31304016.0
venezuela	chile	31304016.0
colombia	canada	47698524.0
colombia	united_states	47698524.0
colombia	bermuda	47698524.0
colombia	mexico	47698524.0
colombia	belize	47698524.0
colombia	guatemala	47698524.0
colombia	honduras	47698524.0
colombia	el_salvador	47698524.0
colombia	nicaragua	47698524.0
colombia	costa_rica	47698524.0
colombia	panama	47698524.0
colombia	bahamas	47698524.0
colombia	cuba	47698524.0
colombia	turks_caicos_islands	47698524.0
colombia	cayman_islands	47698524.0
colombia	jamaica	47698524.0
colombia	haiti	47698524.0
colombia	dominican_republic	47698524.0
colombia	puerto_rico	47698524.0
colombia	united_states_virgin_islands	47698524.0
colombia	saint_kitts_nevis	47698524.0
colombia	antigua_barbuda	47698524.0
colombia	guadeloupe	47698524.0
colombia	dominica	47698524.0
colombia	martinique	47698524.0
colombia	saint_lucia	47698524.0
colombia	saint_vincent_grenadines	47698524.0
colombia	barbados	47698524.0
colombia	grenada	47698524.0
colombia	trinidad_tobago	47698524.0
colombia	curacao	47698524.0
colombia	aruba	47698524.0
colombia	french_guiana	47698524.0
colombia	suriname	47698524.0
colombia	guyana	47698524.0
colombia	venezuela	47698524.0
colombia	ecuador	47698524.0
colombia	peru	47698524.0
colombia	bolivia	47698524.0
colombia	brazil	47698524.0
colombia	paraguay	47698524.0
colombia	uruguay	47698524.0
colombia	argentina	47698524.0
colombia	chile	47698524.0
ecuador	canada	16290913.0
ecuador	united_states	16290913.0
ecuador	bermuda	16290913.0
ecuador	mexico	16290913.0
ecuador	belize	16290913.0
ecuador	guatemala	16290913.0
ecuador	honduras	16290913.0
ecuador	el_salvador	16290913.0
ecuador	nicaragua	16290913.0
ecuador	costa_rica	16290913.0
ecuador	panama	16290913.0
ecuador	bahamas	16290913.0
ecuador	cuba	16290913.0
ecuador	turks_caicos_islands	16290913.0
ecuador	cayman_islands	16290913.0
ecuador	jamaica	16290913.0
ecuador	haiti	16290913.0
ecuador	dominican_republic	16290913.0
ecuador	puerto_rico	16290913.0
ecuador	united_states_virgin_islands	16290913.0
ecuador	saint_kitts_nevis	16290913.0
ecuador	antigua_barbuda	16290913.0
ecuador	guadeloupe	16290913.0
ecuador	dominica	16290913.0
ecuador	martinique	16290913.0
ecuador	saint_lucia	16290913.0
ecuador	saint_vincent_grenadines	16290913.0
ecuador	barbados	16290913.0
ecuador	grenada	16290913.0
ecuador	trinidad_tobago	16290913.0
ecuador	curacao	16290913.0
ecuador	aruba	16290913.0
ecuador	french_guiana	16290913.0
ecuador	suriname	16290913.0
ecuador	guyana	16290913.0
ecuador	venezuela	16290913.0
ecuador	colombia	16290913.0
ecuador	peru	16290913.0
ecuador	bolivia	16290913.0
ecuador	brazil	16290913.0
ecuador	paraguay	16290913.0
ecuador	uruguay	16290913.0
ecuador	argentina	16290913.0
ecuador	chile	16290913.0
peru	canada	31036656.0
peru	united_states	31036656.0
peru	bermuda	31036656.0
peru	mexico	31036656.0
peru	belize	31036656.0
peru	guatemala	31036656.0
peru	honduras	31036656.0
peru	el_salvador	31036656.0
peru	nicaragua	31036656.0
peru	costa_rica	31036656.0
peru	panama	31036656.0
peru	bahamas	31036656.0
peru	cuba	31036656.0
peru	turks_caicos_islands	31036656.0
peru	cayman_islands	31036656.0
peru	jamaica	31036656.0
peru	haiti	31036656.0
peru	dominican_republic	31036656.0
peru	puerto_rico	31036656.0
peru	united_states_virgin_islands	31036656.0
peru	saint_kitts_nevis	31036656.0
peru	antigua_barbuda	31036656.0
peru	guadeloupe	31036656.0
peru	dominica	31036656.0
peru	martinique	31036656.0
peru	saint_lucia	31036656.0
peru	saint_vincent_grenadines	31036656.0
peru	barbados	31036656.0
peru	grenada	31036656.0
peru	trinidad_tobago	31036656.0
peru	curacao	31036656.0
peru	aruba	31036656.0
peru	french_guiana	31036656.0
peru	suriname	31036656.0
peru	guyana	31036656.0
peru	venezuela	31036656.0
peru	colombia	31036656.0
peru	ecuador	31036656.0
peru	bolivia	31036656.0
peru	brazil	31036656.0
peru	paraguay	31036656.0
peru	uruguay	31036656.0
peru	argentina	31036656.0
peru	chile	31036656.0
bolivia	canada	11138234.0
bolivia	united_states	11138234.0
bolivia	bermuda	11138234.0
bolivia	mexico	11138234.0
bolivia	belize	11138234.0
bolivia	guatemala	11138234.0
bolivia	honduras	11138234.0
bolivia	el_salvador	11138234.0
bolivia	nicaragua	11138234.0
bolivia	costa_rica	11138234.0
bolivia	panama	11138234.0
bolivia	bahamas	11138234.0
bolivia	cuba	11138234.0
bolivia	turks_caicos_islands	11138234.0
bolivia	cayman_islands	11138234.0
bolivia	jamaica	11138234.0
bolivia	haiti	11138234.0
bolivia	dominican_republic	11138234.0
bolivia	puerto_rico	11138234.0
bolivia	united_states_virgin_islands	11138234.0
bolivia	saint_kitts_nevis	11138234.0
bolivia	antigua_barbuda	11138234.0
bolivia	guadeloupe	11138234.0
bolivia	dominica	11138234.0
bolivia	martinique	11138234.0
bolivia	saint_lucia	11138234.0
bolivia	saint_vincent_grenadines	11138234.0
bolivia	barbados	11138234.0
bolivia	grenada	11138234.0
bolivia	trinidad_tobago	11138234.0
bolivia	curacao	11138234.0
bolivia	aruba	11138234.0
bolivia	french_guiana	11138234.0
bolivia	suriname	11138234.0
bolivia	guyana	11138234.0
bolivia	venezuela	11138234.0
bolivia	colombia	11138234.0
bolivia	ecuador	11138234.0
bolivia	peru	11138234.0
bolivia	brazil	11138234.0
bolivia	paraguay	11138234.0
bolivia	uruguay	11138234.0
bolivia	argentina	11138234.0
bolivia	chile	11138234.0
brazil	canada	207353391.0
brazil	united_states	207353391.0
brazil	bermuda	207353391.0
brazil	mexico	207353391.0
brazil	belize	207353391.0
brazil	guatemala	207353391.0
brazil	honduras	207353391.0
brazil	el_salvador	207353391.0
brazil	nicaragua	207353391.0
brazil	costa_rica	207353391.0
brazil	panama	207353391.0
brazil	bahamas	207353391.0
brazil	cuba	207353391.0
brazil	turks_caicos_islands	207353391.0
brazil	cayman_islands	207353391.0
brazil	jamaica	207353391.0
brazil	haiti	207353391.0
brazil	dominican_republic	207353391.0
brazil	puerto_rico	207353391.0
brazil	united_states_virgin_islands	207353391.0
brazil	saint_kitts_nevis	207353391.0
brazil	antigua_barbuda	207353391.0
brazil	guadeloupe	207353391.0
brazil	dominica	207353391.0
brazil	martinique	207353391.0
brazil	saint_lucia	207353391.0
brazil	saint_vincent_grenadines	207353391.0
brazil	barbados	207353391.0
brazil	grenada	207353391.0
brazil	trinidad_tobago	207353391.0
brazil	curacao	207353391.0
brazil	aruba	207353391.0
brazil	french_guiana	207353391.0
brazil	suriname	207353391.0
brazil	guyana	207353391.0
brazil	venezuela	207353391.0
brazil	colombia	207353391.0
brazil	ecuador	207353391.0
brazil	peru	207353391.0
brazil	bolivia	207353391.0
brazil	paraguay	207353391.0
brazil	uruguay	207353391.0
brazil	argentina	207353391.0
brazil	chile	207353391.0
paraguay	canada	6943739.0
paraguay	united_states	6943739.0
paraguay	bermuda	6943739.0
paraguay	mexico	6943739.0
paraguay	belize	6943739.0
paraguay	guatemala	6943739.0
paraguay	honduras	6943739.0
paraguay	el_salvador	6943739.0
paraguay	nicaragua	6943739.0
paraguay	costa_rica	6943739.0
paraguay	panama	6943739.0
paraguay	bahamas	6943739.0
paraguay	cuba	6943739.0
paraguay	turks_caicos_islands	6943739.0
paraguay	cayman_islands	6943739.0
paraguay	jamaica	6943739.0
paraguay	haiti	6943739.0
paraguay	dominican_republic	6943739.0
paraguay	puerto_rico	6943739.0
paraguay	united_states_virgin_islands	6943739.0
paraguay	saint_kitts_nevis	6943739.0
paraguay	antigua_barbuda	6943739.0
paraguay	guadeloupe	6943739.0
paraguay	dominica	6943739.0
paraguay	martinique	6943739.0
paraguay	saint_lucia	6943739.0
paraguay	saint_vincent_grenadines	6943739.0
paraguay	barbados	6943739.0
paraguay	grenada	6943739.0
paraguay	trinidad_tobago	6943739.0
paraguay	curacao	6943739.0
paraguay	aruba	6943739.0
paraguay	french_guiana	6943739.0
paraguay	suriname	6943739.0
paraguay	guyana	6943739.0
paraguay	venezuela	6943739.0
paraguay	colombia	6943739.0
paraguay	ecuador	6943739.0
paraguay	peru	6943739.0
paraguay	bolivia	6943739.0
paraguay	brazil	6943739.0
paraguay	uruguay	6943739.0
paraguay	argentina	6943739.0
paraguay	chile	6943739.0
uruguay	canada	3360148.0
uruguay	united_states	3360148.0
uruguay	bermuda	3360148.0
uruguay	mexico	3360148.0
uruguay	belize	3360148.0
uruguay	guatemala	3360148.0
uruguay	honduras	3360148.0
uruguay	el_salvador	3360148.0
uruguay	nicaragua	3360148.0
uruguay	costa_rica	3360148.0
uruguay	panama	3360148.0
uruguay	bahamas	3360148.0
uruguay	cuba	3360148.0
uruguay	turks_caicos_islands	3360148.0
uruguay	cayman_islands	3360148.0
uruguay	jamaica	3360148.0
uruguay	haiti	3360148.0
uruguay	dominican_republic	3360148.0
uruguay	puerto_rico	3360148.0
uruguay	united_states_virgin_islands	3360148.0
uruguay	saint_kitts_nevis	3360148.0
uruguay	antigua_barbuda	3360148.0
uruguay	guadeloupe	3360148.0
uruguay	dominica	3360148.0
uruguay	martinique	3360148.0
uruguay	saint_lucia	3360148.0
uruguay	saint_vincent_grenadines	3360148.0
uruguay	barbados	3360148.0
uruguay	grenada	3360148.0
uruguay	trinidad_tobago	3360148.0
uruguay	curacao	3360148.0
uruguay	aruba	3360148.0
uruguay	french_guiana	3360148.0
uruguay	suriname	3360148.0
uruguay	guyana	3360148.0
uruguay	venezuela	3360148.0
uruguay	colombia	3360148.0
uruguay	ecuador	3360148.0
uruguay	peru	3360148.0
uruguay	bolivia	3360148.0
uruguay	brazil	3360148.0
uruguay	paraguay	3360148.0
uruguay	argentina	3360148.0
uruguay	chile	3360148.0
argentina	canada	44293293.0
argentina	united_states	44293293.0
argentina	bermuda	44293293.0
argentina	mexico	44293293.0
argentina	belize	44293293.0
argentina	guatemala	44293293.0
argentina	honduras	44293293.0
argentina	el_salvador	44293293.0
argentina	nicaragua	44293293.0
argentina	costa_rica	44293293.0
argentina	panama	44293293.0
argentina	bahamas	44293293.0
argentina	cuba	44293293.0
argentina	turks_caicos_islands	44293293.0
argentina	cayman_islands	44293293.0
argentina	jamaica	44293293.0
argentina	haiti	44293293.0
argentina	dominican_republic	44293293.0
argentina	puerto_rico	44293293.0
argentina	united_states_virgin_islands	44293293.0
argentina	saint_kitts_nevis	44293293.0
argentina	antigua_barbuda	44293293.0
argentina	guadeloupe	44293293.0
argentina	dominica	44293293.0
argentina	martinique	44293293.0
argentina	saint_lucia	44293293.0
argentina	saint_vincent_grenadines	44293293.0
argentina	barbados	44293293.0
argentina	grenada	44293293.0
argentina	trinidad_tobago	44293293.0
argentina	curacao	44293293.0
argentina	aruba	44293293.0
argentina	french_guiana	44293293.0
argentina	suriname	44293293.0
argentina	guyana	44293293.0
argentina	venezuela	44293293.0
argentina	colombia	44293293.0
argentina	ecuador	44293293.0
argentina	peru	44293293.0
argentina	bolivia	44293293.0
argentina	brazil	44293293.0
argentina	paraguay	44293293.0
argentina	uruguay	44293293.0
argentina	chile	44293293.0
chile	canada	17789267.0
chile	united_states	17789267.0
chile	bermuda	17789267.0
chile	mexico	17789267.0
chile	belize	17789267.0
chile	guatemala	17789267.0
chile	honduras	17789267.0
chile	el_salvador	17789267.0
chile	nicaragua	17789267.0
chile	costa_rica	17789267.0
chile	panama	17789267.0
chile	bahamas	17789267.0
chile	cuba	17789267.0
chile	turks_caicos_islands	17789267.0
chile	cayman_islands	17789267.0
chile	jamaica	17789267.0
chile	haiti	17789267.0
chile	dominican_republic	17789267.0
chile	puerto_rico	17789267.0
chile	united_states_virgin_islands	17789267.0
chile	saint_kitts_nevis	17789267.0
chile	antigua_barbuda	17789267.0
chile	guadeloupe	17789267.0
chile	dominica	17789267.0
chile	martinique	17789267.0
chile	saint_lucia	17789267.0
chile	saint_vincent_grenadines	17789267.0
chile	barbados	17789267.0
chile	grenada	17789267.0
chile	trinidad_tobago	17789267.0
chile	curacao	17789267.0
chile	aruba	17789267.0
chile	french_guiana	17789267.0
chile	suriname	17789267.0
chile	guyana	17789267.0
chile	venezuela	17789267.0
chile	colombia	17789267.0
chile	ecuador	17789267.0
chile	peru	17789267.0
chile	bolivia	17789267.0
chile	brazil	17789267.0
chile	paraguay	17789267.0
chile	uruguay	17789267.0
chile	argentina	17789267.0
