origin	destination	pax_volume
anguilla	antigua_barbuda	698
anguilla	argentina	3
anguilla	barbados	66
anguilla	belize	3
anguilla	brazil	5
anguilla	canada	40
anguilla	dominica	1183
anguilla	dominican_republic	11
anguilla	grenada	7
anguilla	guadeloupe	3
anguilla	guyana	6
anguilla	mexico	27
anguilla	puerto_rico	10738
anguilla	saint_barthelemy	2371
anguilla	saint_kitts_nevis	240
anguilla	saint_lucia	52
anguilla	sint_maarten	7453
anguilla	saint_vincent_grenadines	19
anguilla	trinidad_tobago	17
anguilla	turks_caicos_islands	5
anguilla	united_states	2127
anguilla	british_virgin_islands	50
anguilla	united_states_virgin_islands	6813
antigua_barbuda	anguilla	541
antigua_barbuda	argentina	95
antigua_barbuda	aruba	71
antigua_barbuda	bahamas	267
antigua_barbuda	barbados	7169
antigua_barbuda	belize	6
antigua_barbuda	bolivia	4
antigua_barbuda	brazil	91
antigua_barbuda	canada	21646
antigua_barbuda	cayman_islands	58
antigua_barbuda	chile	73
antigua_barbuda	colombia	43
antigua_barbuda	costa_rica	15
antigua_barbuda	cuba	218
antigua_barbuda	curacao	289
antigua_barbuda	dominica	8028
antigua_barbuda	dominican_republic	3641
antigua_barbuda	ecuador	34
antigua_barbuda	el_salvador	8
antigua_barbuda	grenada	738
antigua_barbuda	guadeloupe	1529
antigua_barbuda	guatemala	4
antigua_barbuda	guyana	2527
antigua_barbuda	haiti	101
antigua_barbuda	honduras	1
antigua_barbuda	jamaica	4688
antigua_barbuda	martinique	43
antigua_barbuda	mexico	131
antigua_barbuda	nicaragua	8
antigua_barbuda	panama	46
antigua_barbuda	paraguay	25
antigua_barbuda	peru	15
antigua_barbuda	puerto_rico	7004
antigua_barbuda	saint_barthelemy	2608
antigua_barbuda	saint_kitts_nevis	9733
antigua_barbuda	saint_lucia	6585
antigua_barbuda	sint_maarten	15311
antigua_barbuda	saint_martin	2
antigua_barbuda	saint_vincent_grenadines	716
antigua_barbuda	suriname	123
antigua_barbuda	trinidad_tobago	4895
antigua_barbuda	turks_caicos_islands	7702
antigua_barbuda	united_states	133848
antigua_barbuda	uruguay	32
antigua_barbuda	venezuela	84
antigua_barbuda	british_virgin_islands	5555
antigua_barbuda	united_states_virgin_islands	829
argentina	antigua_barbuda	66
argentina	aruba	11862
argentina	bahamas	1373
argentina	barbados	362
argentina	belize	307
argentina	bermuda	109
argentina	bolivia	108547
argentina	brazil	1486059
argentina	canada	32208
argentina	cayman_islands	241
argentina	chile	700220
argentina	colombia	173470
argentina	costa_rica	20096
argentina	cuba	65085
argentina	curacao	1478
argentina	dominica	3
argentina	dominican_republic	144806
argentina	ecuador	63826
argentina	el_salvador	2684
argentina	french_guiana	2
argentina	grenada	273
argentina	guadeloupe	25
argentina	guatemala	5736
argentina	guyana	69
argentina	haiti	614
argentina	honduras	2396
argentina	jamaica	1357
argentina	martinique	40
argentina	mexico	282625
argentina	nicaragua	1664
argentina	panama	39824
argentina	paraguay	94578
argentina	peru	251231
argentina	puerto_rico	7109
argentina	saint_kitts_nevis	73
argentina	saint_lucia	35
argentina	sint_maarten	3093
argentina	suriname	29
argentina	trinidad_tobago	1038
argentina	turks_caicos_islands	854
argentina	united_states	1118691
argentina	uruguay	209946
argentina	venezuela	66719
argentina	british_virgin_islands	38
argentina	united_states_virgin_islands	310
aruba	anguilla	1
aruba	antigua_barbuda	122
aruba	argentina	10448
aruba	bahamas	151
aruba	barbados	162
aruba	belize	18
aruba	bermuda	39
aruba	bolivia	147
aruba	brazil	12834
aruba	canada	38365
aruba	cayman_islands	97
aruba	chile	7645
aruba	colombia	50539
aruba	costa_rica	1151
aruba	cuba	282
aruba	curacao	84600
aruba	dominica	35
aruba	dominican_republic	14669
aruba	ecuador	4129
aruba	el_salvador	125
aruba	french_guiana	21
aruba	grenada	75
aruba	guadeloupe	23
aruba	guatemala	189
aruba	guyana	2872
aruba	haiti	168
aruba	honduras	30
aruba	jamaica	302
aruba	martinique	2
aruba	mexico	1882
aruba	nicaragua	69
aruba	panama	14107
aruba	paraguay	664
aruba	peru	3425
aruba	puerto_rico	4347
aruba	saint_barthelemy	38
aruba	saint_kitts_nevis	243
aruba	saint_lucia	24
aruba	sint_maarten	4233
aruba	saint_vincent_grenadines	23
aruba	suriname	10757
aruba	trinidad_tobago	2626
aruba	turks_caicos_islands	41
aruba	united_states	691888
aruba	uruguay	279
aruba	venezuela	260607
aruba	british_virgin_islands	29
aruba	united_states_virgin_islands	222
bahamas	anguilla	2
bahamas	antigua_barbuda	265
bahamas	argentina	950
bahamas	aruba	146
bahamas	barbados	1781
bahamas	belize	169
bahamas	bermuda	742
bahamas	bolivia	85
bahamas	brazil	3493
bahamas	canada	114751
bahamas	cayman_islands	8316
bahamas	chile	561
bahamas	colombia	2271
bahamas	costa_rica	956
bahamas	cuba	17381
bahamas	curacao	180
bahamas	dominica	32
bahamas	dominican_republic	2800
bahamas	ecuador	992
bahamas	el_salvador	210
bahamas	grenada	296
bahamas	guadeloupe	3
bahamas	guatemala	393
bahamas	guyana	726
bahamas	haiti	2130
bahamas	honduras	286
bahamas	jamaica	16077
bahamas	martinique	14
bahamas	mexico	3899
bahamas	nicaragua	1208
bahamas	panama	7600
bahamas	paraguay	258
bahamas	peru	1160
bahamas	puerto_rico	3531
bahamas	saint_kitts_nevis	159
bahamas	saint_lucia	428
bahamas	sint_maarten	532
bahamas	saint_vincent_grenadines	1
bahamas	suriname	161
bahamas	trinidad_tobago	2859
bahamas	turks_caicos_islands	8950
bahamas	united_states	1305045
bahamas	uruguay	289
bahamas	venezuela	792
bahamas	british_virgin_islands	100
bahamas	united_states_virgin_islands	585
barbados	anguilla	125
barbados	antigua_barbuda	7251
barbados	argentina	353
barbados	aruba	76
barbados	bahamas	2006
barbados	belize	518
barbados	bermuda	853
barbados	bolivia	20
barbados	brazil	2536
barbados	canada	84361
barbados	cayman_islands	862
barbados	chile	281
barbados	colombia	3215
barbados	costa_rica	294
barbados	cuba	110
barbados	curacao	308
barbados	dominica	6568
barbados	dominican_republic	493
barbados	ecuador	300
barbados	el_salvador	32
barbados	french_guiana	33
barbados	grenada	9122
barbados	guadeloupe	262
barbados	guatemala	180
barbados	guyana	14119
barbados	haiti	264
barbados	honduras	63
barbados	jamaica	13665
barbados	martinique	5101
barbados	mexico	592
barbados	nicaragua	52
barbados	panama	871
barbados	paraguay	4
barbados	peru	243
barbados	puerto_rico	1712
barbados	saint_barthelemy	19
barbados	saint_kitts_nevis	3305
barbados	saint_lucia	9396
barbados	sint_maarten	3569
barbados	saint_martin	14
barbados	saint_vincent_grenadines	12535
barbados	suriname	1804
barbados	trinidad_tobago	54650
barbados	turks_caicos_islands	467
barbados	united_states	241091
barbados	uruguay	50
barbados	venezuela	432
barbados	british_virgin_islands	2245
barbados	united_states_virgin_islands	393
belize	antigua_barbuda	4
belize	argentina	315
belize	aruba	41
belize	bahamas	190
belize	barbados	777
belize	bermuda	76
belize	bolivia	241
belize	brazil	480
belize	canada	12400
belize	cayman_islands	250
belize	chile	255
belize	colombia	913
belize	costa_rica	3165
belize	cuba	443
belize	curacao	44
belize	dominican_republic	371
belize	ecuador	367
belize	el_salvador	2357
belize	grenada	13
belize	guatemala	4370
belize	guyana	69
belize	haiti	2
belize	honduras	4852
belize	jamaica	1060
belize	mexico	5804
belize	nicaragua	1819
belize	panama	3721
belize	paraguay	69
belize	peru	432
belize	puerto_rico	401
belize	saint_kitts_nevis	72
belize	sint_maarten	76
belize	trinidad_tobago	951
belize	turks_caicos_islands	41
belize	united_states	303186
belize	uruguay	71
belize	venezuela	157
belize	british_virgin_islands	11
belize	united_states_virgin_islands	99
bermuda	antigua_barbuda	20
bermuda	argentina	122
bermuda	aruba	47
bermuda	bahamas	776
bermuda	barbados	858
bermuda	belize	105
bermuda	bolivia	13
bermuda	brazil	350
bermuda	canada	43084
bermuda	cayman_islands	1199
bermuda	chile	98
bermuda	colombia	152
bermuda	costa_rica	327
bermuda	cuba	10
bermuda	curacao	20
bermuda	dominica	2
bermuda	dominican_republic	414
bermuda	ecuador	150
bermuda	el_salvador	16
bermuda	grenada	130
bermuda	guadeloupe	2
bermuda	guatemala	37
bermuda	guyana	19
bermuda	haiti	119
bermuda	honduras	10
bermuda	jamaica	1791
bermuda	mexico	524
bermuda	nicaragua	25
bermuda	panama	241
bermuda	paraguay	4
bermuda	peru	89
bermuda	puerto_rico	656
bermuda	saint_kitts_nevis	68
bermuda	saint_lucia	1
bermuda	sint_maarten	134
bermuda	suriname	2
bermuda	trinidad_tobago	433
bermuda	turks_caicos_islands	201
bermuda	united_states	298285
bermuda	uruguay	15
bermuda	venezuela	7
bermuda	british_virgin_islands	59
bermuda	united_states_virgin_islands	349
bolivia	argentina	110928
bolivia	aruba	164
bolivia	bahamas	111
bolivia	barbados	40
bolivia	belize	190
bolivia	brazil	82792
bolivia	canada	5777
bolivia	cayman_islands	81
bolivia	chile	64751
bolivia	colombia	28392
bolivia	costa_rica	2387
bolivia	cuba	5945
bolivia	curacao	61
bolivia	dominican_republic	11553
bolivia	ecuador	9471
bolivia	el_salvador	975
bolivia	guatemala	1177
bolivia	guyana	32
bolivia	haiti	58
bolivia	honduras	664
bolivia	jamaica	195
bolivia	mexico	19437
bolivia	nicaragua	611
bolivia	panama	6954
bolivia	paraguay	18983
bolivia	peru	97957
bolivia	puerto_rico	544
bolivia	sint_maarten	27
bolivia	suriname	31
bolivia	trinidad_tobago	116
bolivia	turks_caicos_islands	3
bolivia	united_states	155001
bolivia	uruguay	3839
bolivia	venezuela	3966
bolivia	united_states_virgin_islands	4
brazil	antigua_barbuda	92
brazil	argentina	1599577
brazil	aruba	14122
brazil	bahamas	4164
brazil	barbados	2415
brazil	belize	394
brazil	bermuda	319
brazil	bolivia	86067
brazil	canada	138016
brazil	cayman_islands	377
brazil	chile	755361
brazil	colombia	246111
brazil	costa_rica	22566
brazil	cuba	21582
brazil	curacao	17292
brazil	dominica	24
brazil	dominican_republic	112044
brazil	ecuador	31623
brazil	el_salvador	5865
brazil	french_guiana	15625
brazil	grenada	21
brazil	guadeloupe	23
brazil	guatemala	7118
brazil	guyana	3743
brazil	haiti	6110
brazil	honduras	2933
brazil	jamaica	2573
brazil	martinique	75
brazil	mexico	283820
brazil	nicaragua	3915
brazil	panama	53216
brazil	paraguay	74693
brazil	peru	229735
brazil	puerto_rico	7168
brazil	saint_barthelemy	138
brazil	saint_kitts_nevis	123
brazil	saint_lucia	85
brazil	sint_maarten	2792
brazil	saint_vincent_grenadines	10
brazil	suriname	22222
brazil	trinidad_tobago	3855
brazil	turks_caicos_islands	889
brazil	united_states	2392667
brazil	uruguay	244569
brazil	venezuela	41600
brazil	british_virgin_islands	57
brazil	united_states_virgin_islands	338
canada	anguilla	22
canada	antigua_barbuda	22182
canada	argentina	32316
canada	aruba	37525
canada	bahamas	117503
canada	barbados	83066
canada	belize	10629
canada	bermuda	42472
canada	bolivia	5364
canada	brazil	120433
canada	cayman_islands	24561
canada	chile	46132
canada	colombia	79201
canada	costa_rica	143923
canada	cuba	1203166
canada	curacao	13666
canada	dominica	1963
canada	dominican_republic	680960
canada	ecuador	34535
canada	el_salvador	20882
canada	french_guiana	185
canada	grenada	13105
canada	guadeloupe	14857
canada	guatemala	29105
canada	guyana	28547
canada	haiti	38725
canada	honduras	7403
canada	jamaica	391373
canada	martinique	12259
canada	mexico	1748566
canada	nicaragua	22506
canada	panama	33192
canada	paraguay	4618
canada	peru	64470
canada	puerto_rico	51342
canada	saint_barthelemy	76
canada	saint_kitts_nevis	5500
canada	saint_lucia	38001
canada	sint_maarten	61488
canada	saint_martin	8
canada	saint_vincent_grenadines	5287
canada	suriname	1975
canada	trinidad_tobago	76854
canada	turks_caicos_islands	45477
canada	united_states	12361348
canada	uruguay	4998
canada	venezuela	8227
canada	british_virgin_islands	1039
canada	united_states_virgin_islands	8806
cayman_islands	antigua_barbuda	33
cayman_islands	argentina	152
cayman_islands	aruba	123
cayman_islands	bahamas	8190
cayman_islands	barbados	948
cayman_islands	belize	186
cayman_islands	bermuda	1174
cayman_islands	bolivia	75
cayman_islands	brazil	330
cayman_islands	canada	24225
cayman_islands	chile	84
cayman_islands	colombia	417
cayman_islands	costa_rica	290
cayman_islands	cuba	19054
cayman_islands	curacao	102
cayman_islands	dominica	1
cayman_islands	dominican_republic	824
cayman_islands	ecuador	86
cayman_islands	el_salvador	28
cayman_islands	grenada	126
cayman_islands	guadeloupe	2
cayman_islands	guatemala	89
cayman_islands	guyana	131
cayman_islands	haiti	60
cayman_islands	honduras	4108
cayman_islands	jamaica	35344
cayman_islands	martinique	7
cayman_islands	mexico	487
cayman_islands	nicaragua	141
cayman_islands	panama	524
cayman_islands	paraguay	2
cayman_islands	peru	204
cayman_islands	puerto_rico	737
cayman_islands	saint_kitts_nevis	120
cayman_islands	sint_maarten	316
cayman_islands	saint_vincent_grenadines	11
cayman_islands	suriname	17
cayman_islands	trinidad_tobago	691
cayman_islands	turks_caicos_islands	427
cayman_islands	united_states	402563
cayman_islands	uruguay	25
cayman_islands	venezuela	15
cayman_islands	british_virgin_islands	127
cayman_islands	united_states_virgin_islands	568
chile	antigua_barbuda	59
chile	argentina	708427
chile	aruba	7318
chile	bahamas	531
chile	barbados	237
chile	belize	260
chile	bermuda	68
chile	bolivia	65710
chile	brazil	607141
chile	canada	45792
chile	cayman_islands	104
chile	colombia	200813
chile	costa_rica	13150
chile	cuba	47202
chile	curacao	515
chile	dominica	5
chile	dominican_republic	118767
chile	ecuador	54157
chile	el_salvador	2243
chile	french_guiana	25
chile	grenada	27
chile	guadeloupe	25
chile	guatemala	4135
chile	guyana	152
chile	haiti	6228
chile	honduras	1695
chile	jamaica	4456
chile	martinique	15
chile	mexico	149146
chile	nicaragua	1243
chile	panama	22275
chile	paraguay	29365
chile	peru	325728
chile	puerto_rico	5163
chile	saint_barthelemy	28
chile	saint_kitts_nevis	80
chile	saint_lucia	43
chile	sint_maarten	981
chile	suriname	34
chile	trinidad_tobago	518
chile	turks_caicos_islands	148
chile	united_states	501342
chile	uruguay	89549
chile	venezuela	33943
chile	british_virgin_islands	7
chile	united_states_virgin_islands	171
colombia	anguilla	4
colombia	antigua_barbuda	38
colombia	argentina	163751
colombia	aruba	53089
colombia	bahamas	2282
colombia	barbados	2825
colombia	belize	920
colombia	bermuda	140
colombia	bolivia	27867
colombia	brazil	228618
colombia	canada	79357
colombia	cayman_islands	436
colombia	chile	211928
colombia	costa_rica	67110
colombia	cuba	54164
colombia	curacao	34553
colombia	dominica	21
colombia	dominican_republic	94389
colombia	ecuador	220357
colombia	el_salvador	42054
colombia	french_guiana	17
colombia	grenada	98
colombia	guadeloupe	22
colombia	guatemala	41983
colombia	guyana	994
colombia	haiti	1015
colombia	honduras	15287
colombia	jamaica	2758
colombia	martinique	22
colombia	mexico	487942
colombia	nicaragua	9545
colombia	panama	484150
colombia	paraguay	12473
colombia	peru	265630
colombia	puerto_rico	33845
colombia	saint_barthelemy	3
colombia	saint_kitts_nevis	51
colombia	saint_lucia	22
colombia	sint_maarten	5971
colombia	saint_vincent_grenadines	10
colombia	suriname	1149
colombia	trinidad_tobago	5301
colombia	turks_caicos_islands	117
colombia	united_states	1720308
colombia	uruguay	11830
colombia	venezuela	171073
colombia	british_virgin_islands	66
colombia	united_states_virgin_islands	179
costa_rica	antigua_barbuda	13
costa_rica	argentina	19934
costa_rica	aruba	1186
costa_rica	bahamas	1075
costa_rica	barbados	317
costa_rica	belize	2803
costa_rica	bermuda	261
costa_rica	bolivia	2369
costa_rica	brazil	21780
costa_rica	canada	142623
costa_rica	cayman_islands	307
costa_rica	chile	13245
costa_rica	colombia	68827
costa_rica	cuba	13433
costa_rica	curacao	678
costa_rica	dominica	6
costa_rica	dominican_republic	39372
costa_rica	ecuador	9302
costa_rica	el_salvador	69650
costa_rica	french_guiana	3
costa_rica	grenada	77
costa_rica	guadeloupe	12
costa_rica	guatemala	77237
costa_rica	guyana	386
costa_rica	haiti	332
costa_rica	honduras	50692
costa_rica	jamaica	1721
costa_rica	martinique	8
costa_rica	mexico	166687
costa_rica	nicaragua	48528
costa_rica	panama	137407
costa_rica	paraguay	1464
costa_rica	peru	41716
costa_rica	puerto_rico	12208
costa_rica	saint_kitts_nevis	68
costa_rica	sint_maarten	643
costa_rica	saint_vincent_grenadines	11
costa_rica	suriname	31
costa_rica	trinidad_tobago	1498
costa_rica	turks_caicos_islands	74
costa_rica	united_states	1516944
costa_rica	uruguay	3459
costa_rica	venezuela	6753
costa_rica	british_virgin_islands	41
costa_rica	united_states_virgin_islands	1212
cuba	antigua_barbuda	149
cuba	argentina	60529
cuba	aruba	317
cuba	bahamas	17590
cuba	barbados	86
cuba	belize	418
cuba	bermuda	5
cuba	bolivia	5771
cuba	brazil	17565
cuba	canada	1205397
cuba	cayman_islands	18652
cuba	chile	47849
cuba	colombia	52639
cuba	costa_rica	13247
cuba	curacao	3266
cuba	dominican_republic	50433
cuba	ecuador	26943
cuba	el_salvador	14203
cuba	french_guiana	10
cuba	grenada	66
cuba	guadeloupe	3610
cuba	guatemala	2147
cuba	guyana	4763
cuba	haiti	23936
cuba	honduras	644
cuba	jamaica	3979
cuba	martinique	3957
cuba	mexico	365708
cuba	nicaragua	5716
cuba	panama	154987
cuba	paraguay	5187
cuba	peru	45592
cuba	puerto_rico	3702
cuba	saint_barthelemy	6
cuba	saint_kitts_nevis	6
cuba	saint_lucia	15
cuba	sint_maarten	558
cuba	saint_martin	23
cuba	suriname	169
cuba	trinidad_tobago	3744
cuba	turks_caicos_islands	1988
cuba	united_states	233822
cuba	uruguay	10421
cuba	venezuela	57520
cuba	british_virgin_islands	36
cuba	united_states_virgin_islands	16
curacao	antigua_barbuda	283
curacao	argentina	1256
curacao	aruba	81671
curacao	bahamas	151
curacao	barbados	382
curacao	belize	33
curacao	bermuda	59
curacao	bolivia	70
curacao	brazil	13246
curacao	canada	13447
curacao	cayman_islands	106
curacao	chile	639
curacao	colombia	34840
curacao	costa_rica	596
curacao	cuba	2701
curacao	dominica	91
curacao	dominican_republic	35577
curacao	ecuador	2393
curacao	el_salvador	63
curacao	french_guiana	91
curacao	grenada	268
curacao	guadeloupe	63
curacao	guatemala	139
curacao	guyana	7342
curacao	haiti	4067
curacao	honduras	16
curacao	jamaica	4425
curacao	martinique	14
curacao	mexico	863
curacao	nicaragua	38
curacao	panama	9721
curacao	paraguay	229
curacao	peru	955
curacao	puerto_rico	2584
curacao	saint_barthelemy	83
curacao	saint_kitts_nevis	169
curacao	saint_lucia	132
curacao	sint_maarten	13642
curacao	saint_vincent_grenadines	42
curacao	suriname	21815
curacao	trinidad_tobago	14333
curacao	turks_caicos_islands	30
curacao	united_states	104558
curacao	uruguay	272
curacao	venezuela	115365
curacao	british_virgin_islands	112
curacao	united_states_virgin_islands	246
dominica	anguilla	1199
dominica	antigua_barbuda	8654
dominica	argentina	4
dominica	aruba	21
dominica	bahamas	50
dominica	barbados	6668
dominica	belize	2
dominica	bermuda	2
dominica	brazil	45
dominica	canada	1940
dominica	cayman_islands	4
dominica	chile	3
dominica	colombia	22
dominica	costa_rica	11
dominica	cuba	44
dominica	curacao	96
dominica	dominican_republic	484
dominica	ecuador	14
dominica	grenada	608
dominica	guadeloupe	5543
dominica	guatemala	2
dominica	guyana	289
dominica	haiti	422
dominica	honduras	3
dominica	jamaica	28
dominica	martinique	734
dominica	mexico	42
dominica	nicaragua	3
dominica	panama	29
dominica	peru	4
dominica	puerto_rico	11136
dominica	saint_barthelemy	10
dominica	saint_kitts_nevis	823
dominica	saint_lucia	558
dominica	sint_maarten	7235
dominica	saint_vincent_grenadines	415
dominica	suriname	22
dominica	trinidad_tobago	1259
dominica	turks_caicos_islands	2
dominica	united_states	15242
dominica	uruguay	1
dominica	venezuela	116
dominica	british_virgin_islands	1944
dominica	united_states_virgin_islands	2615
dominican_republic	anguilla	2
dominican_republic	antigua_barbuda	3458
dominican_republic	argentina	145443
dominican_republic	aruba	14490
dominican_republic	bahamas	3001
dominican_republic	barbados	298
dominican_republic	belize	307
dominican_republic	bermuda	311
dominican_republic	bolivia	11287
dominican_republic	brazil	106808
dominican_republic	canada	671962
dominican_republic	cayman_islands	801
dominican_republic	chile	121922
dominican_republic	colombia	100747
dominican_republic	costa_rica	39445
dominican_republic	cuba	49534
dominican_republic	curacao	35732
dominican_republic	dominica	800
dominican_republic	ecuador	12387
dominican_republic	el_salvador	4179
dominican_republic	french_guiana	340
dominican_republic	grenada	100
dominican_republic	guadeloupe	13208
dominican_republic	guatemala	8998
dominican_republic	guyana	3155
dominican_republic	haiti	19498
dominican_republic	honduras	5971
dominican_republic	jamaica	13045
dominican_republic	martinique	3369
dominican_republic	mexico	45220
dominican_republic	nicaragua	6030
dominican_republic	panama	104099
dominican_republic	paraguay	7888
dominican_republic	peru	49535
dominican_republic	puerto_rico	172701
dominican_republic	saint_barthelemy	159
dominican_republic	saint_kitts_nevis	795
dominican_republic	saint_lucia	577
dominican_republic	sint_maarten	31526
dominican_republic	saint_martin	422
dominican_republic	saint_vincent_grenadines	17
dominican_republic	suriname	3332
dominican_republic	trinidad_tobago	5695
dominican_republic	turks_caicos_islands	8743
dominican_republic	united_states	3131050
dominican_republic	uruguay	19628
dominican_republic	venezuela	149259
dominican_republic	british_virgin_islands	2749
dominican_republic	united_states_virgin_islands	4461
ecuador	antigua_barbuda	34
ecuador	argentina	63648
ecuador	aruba	4682
ecuador	bahamas	857
ecuador	barbados	216
ecuador	belize	356
ecuador	bermuda	149
ecuador	bolivia	8659
ecuador	brazil	31771
ecuador	canada	34022
ecuador	cayman_islands	106
ecuador	chile	55179
ecuador	colombia	216130
ecuador	costa_rica	9673
ecuador	cuba	28737
ecuador	curacao	2722
ecuador	dominica	2
ecuador	dominican_republic	11947
ecuador	el_salvador	9050
ecuador	french_guiana	10
ecuador	grenada	38
ecuador	guadeloupe	9
ecuador	guatemala	5375
ecuador	guyana	414
ecuador	haiti	828
ecuador	honduras	2940
ecuador	jamaica	702
ecuador	martinique	23
ecuador	mexico	49242
ecuador	nicaragua	2404
ecuador	panama	118520
ecuador	paraguay	4120
ecuador	peru	150638
ecuador	puerto_rico	3534
ecuador	saint_kitts_nevis	36
ecuador	saint_lucia	30
ecuador	sint_maarten	313
ecuador	saint_vincent_grenadines	5
ecuador	suriname	57
ecuador	trinidad_tobago	782
ecuador	turks_caicos_islands	32
ecuador	united_states	888160
ecuador	uruguay	4677
ecuador	venezuela	68146
ecuador	british_virgin_islands	8
ecuador	united_states_virgin_islands	57
el_salvador	argentina	2574
el_salvador	aruba	172
el_salvador	bahamas	166
el_salvador	barbados	59
el_salvador	belize	2925
el_salvador	bermuda	38
el_salvador	bolivia	1055
el_salvador	brazil	5806
el_salvador	canada	22494
el_salvador	cayman_islands	26
el_salvador	chile	2403
el_salvador	colombia	40674
el_salvador	costa_rica	76636
el_salvador	cuba	10105
el_salvador	curacao	139
el_salvador	dominican_republic	4089
el_salvador	ecuador	9082
el_salvador	grenada	14
el_salvador	guatemala	50806
el_salvador	guyana	21
el_salvador	haiti	297
el_salvador	honduras	23914
el_salvador	jamaica	331
el_salvador	martinique	2
el_salvador	mexico	38059
el_salvador	nicaragua	22869
el_salvador	panama	42195
el_salvador	paraguay	732
el_salvador	peru	6006
el_salvador	puerto_rico	2021
el_salvador	sint_maarten	11
el_salvador	saint_vincent_grenadines	8
el_salvador	suriname	5
el_salvador	trinidad_tobago	937
el_salvador	turks_caicos_islands	3
el_salvador	united_states	654312
el_salvador	uruguay	735
el_salvador	venezuela	1780
el_salvador	british_virgin_islands	5
el_salvador	united_states_virgin_islands	80
french_guiana	argentina	2
french_guiana	aruba	64
french_guiana	barbados	4
french_guiana	brazil	14865
french_guiana	canada	130
french_guiana	chile	1
french_guiana	colombia	17
french_guiana	costa_rica	2
french_guiana	cuba	29
french_guiana	curacao	90
french_guiana	dominica	4
french_guiana	dominican_republic	398
french_guiana	ecuador	5
french_guiana	guadeloupe	6534
french_guiana	guyana	360
french_guiana	haiti	1773
french_guiana	martinique	46774
french_guiana	nicaragua	1
french_guiana	panama	2
french_guiana	peru	2
french_guiana	saint_barthelemy	9
french_guiana	saint_lucia	115
french_guiana	sint_maarten	2
french_guiana	saint_martin	404
french_guiana	suriname	2665
french_guiana	trinidad_tobago	43
french_guiana	united_states	2155
french_guiana	venezuela	2
grenada	anguilla	7
grenada	antigua_barbuda	649
grenada	argentina	9
grenada	aruba	59
grenada	bahamas	267
grenada	barbados	10480
grenada	belize	32
grenada	bermuda	131
grenada	brazil	44
grenada	canada	13769
grenada	cayman_islands	72
grenada	chile	51
grenada	colombia	197
grenada	costa_rica	122
grenada	cuba	28
grenada	curacao	191
grenada	dominica	556
grenada	dominican_republic	11
grenada	ecuador	28
grenada	el_salvador	13
grenada	guadeloupe	34
grenada	guatemala	16
grenada	guyana	1009
grenada	haiti	90
grenada	honduras	14
grenada	jamaica	1425
grenada	martinique	174
grenada	mexico	263
grenada	nicaragua	11
grenada	panama	339
grenada	paraguay	14
grenada	peru	18
grenada	puerto_rico	286
grenada	saint_kitts_nevis	278
grenada	saint_lucia	4017
grenada	sint_maarten	318
grenada	saint_vincent_grenadines	3043
grenada	suriname	134
grenada	trinidad_tobago	22519
grenada	turks_caicos_islands	104
grenada	united_states	79833
grenada	venezuela	2356
grenada	british_virgin_islands	696
grenada	united_states_virgin_islands	69
guadeloupe	anguilla	5
guadeloupe	antigua_barbuda	290
guadeloupe	argentina	17
guadeloupe	aruba	24
guadeloupe	bahamas	2
guadeloupe	barbados	2284
guadeloupe	bermuda	5
guadeloupe	brazil	29
guadeloupe	canada	15415
guadeloupe	chile	21
guadeloupe	colombia	36
guadeloupe	costa_rica	17
guadeloupe	cuba	3373
guadeloupe	curacao	20
guadeloupe	dominica	5859
guadeloupe	dominican_republic	14054
guadeloupe	ecuador	7
guadeloupe	french_guiana	15163
guadeloupe	grenada	104
guadeloupe	guatemala	2
guadeloupe	guyana	8
guadeloupe	haiti	9043
guadeloupe	honduras	2
guadeloupe	jamaica	2
guadeloupe	martinique	240680
guadeloupe	mexico	42
guadeloupe	nicaragua	6
guadeloupe	panama	7
guadeloupe	peru	26
guadeloupe	puerto_rico	5557
guadeloupe	saint_barthelemy	12645
guadeloupe	saint_kitts_nevis	53
guadeloupe	saint_lucia	1834
guadeloupe	sint_maarten	1381
guadeloupe	saint_martin	88159
guadeloupe	saint_vincent_grenadines	83
guadeloupe	suriname	3
guadeloupe	trinidad_tobago	208
guadeloupe	turks_caicos_islands	3
guadeloupe	united_states	36487
guadeloupe	venezuela	15
guadeloupe	british_virgin_islands	72
guadeloupe	united_states_virgin_islands	87
guatemala	antigua_barbuda	6
guatemala	argentina	5222
guatemala	aruba	227
guatemala	bahamas	403
guatemala	barbados	178
guatemala	belize	4301
guatemala	bermuda	88
guatemala	bolivia	1103
guatemala	brazil	6638
guatemala	canada	30059
guatemala	cayman_islands	60
guatemala	chile	4341
guatemala	colombia	40819
guatemala	costa_rica	81212
guatemala	cuba	1837
guatemala	curacao	85
guatemala	dominican_republic	8725
guatemala	ecuador	5263
guatemala	el_salvador	52027
guatemala	grenada	30
guatemala	guadeloupe	2
guatemala	guyana	73
guatemala	haiti	393
guatemala	honduras	61835
guatemala	jamaica	484
guatemala	martinique	26
guatemala	mexico	129887
guatemala	nicaragua	37786
guatemala	panama	44318
guatemala	paraguay	697
guatemala	peru	10842
guatemala	puerto_rico	5049
guatemala	saint_lucia	1
guatemala	sint_maarten	24
guatemala	suriname	11
guatemala	trinidad_tobago	715
guatemala	turks_caicos_islands	30
guatemala	united_states	672938
guatemala	uruguay	916
guatemala	venezuela	2710
guatemala	british_virgin_islands	13
guatemala	united_states_virgin_islands	60
guyana	anguilla	8
guyana	antigua_barbuda	2832
guyana	argentina	91
guyana	aruba	2625
guyana	bahamas	704
guyana	barbados	14573
guyana	belize	12
guyana	bermuda	23
guyana	bolivia	36
guyana	brazil	3747
guyana	canada	28366
guyana	cayman_islands	112
guyana	chile	136
guyana	colombia	941
guyana	costa_rica	546
guyana	cuba	4108
guyana	curacao	7239
guyana	dominica	300
guyana	dominican_republic	3432
guyana	ecuador	559
guyana	el_salvador	115
guyana	french_guiana	158
guyana	grenada	1016
guyana	guadeloupe	17
guyana	guatemala	135
guyana	haiti	924
guyana	honduras	10
guyana	jamaica	21673
guyana	martinique	36
guyana	mexico	442
guyana	nicaragua	143
guyana	panama	9556
guyana	paraguay	139
guyana	peru	382
guyana	puerto_rico	448
guyana	saint_kitts_nevis	856
guyana	saint_lucia	1577
guyana	sint_maarten	2003
guyana	saint_vincent_grenadines	582
guyana	suriname	11843
guyana	trinidad_tobago	37825
guyana	turks_caicos_islands	50
guyana	united_states	158604
guyana	uruguay	91
guyana	venezuela	439
guyana	british_virgin_islands	2429
guyana	united_states_virgin_islands	75
haiti	antigua_barbuda	129
haiti	argentina	647
haiti	aruba	140
haiti	bahamas	2380
haiti	barbados	304
haiti	belize	38
haiti	bermuda	55
haiti	bolivia	98
haiti	brazil	12485
haiti	canada	40268
haiti	cayman_islands	99
haiti	chile	6266
haiti	colombia	1050
haiti	costa_rica	426
haiti	cuba	23642
haiti	curacao	2424
haiti	dominica	93
haiti	dominican_republic	22660
haiti	ecuador	752
haiti	el_salvador	457
haiti	french_guiana	1621
haiti	grenada	55
haiti	guadeloupe	8856
haiti	guatemala	674
haiti	guyana	823
haiti	honduras	1506
haiti	jamaica	1433
haiti	martinique	3063
haiti	mexico	1494
haiti	nicaragua	1602
haiti	panama	8443
haiti	paraguay	158
haiti	peru	376
haiti	puerto_rico	908
haiti	saint_barthelemy	5
haiti	saint_kitts_nevis	39
haiti	saint_lucia	12
haiti	sint_maarten	1221
haiti	saint_martin	26
haiti	suriname	6670
haiti	trinidad_tobago	462
haiti	turks_caicos_islands	11272
haiti	united_states	583443
haiti	uruguay	210
haiti	venezuela	692
haiti	british_virgin_islands	757
haiti	united_states_virgin_islands	301
honduras	antigua_barbuda	2
honduras	argentina	2311
honduras	aruba	132
honduras	bahamas	312
honduras	barbados	101
honduras	belize	4731
honduras	bermuda	16
honduras	bolivia	624
honduras	brazil	3025
honduras	canada	9950
honduras	cayman_islands	4574
honduras	chile	1707
honduras	colombia	15176
honduras	costa_rica	45529
honduras	cuba	612
honduras	curacao	41
honduras	dominican_republic	6519
honduras	ecuador	3020
honduras	el_salvador	20045
honduras	grenada	9
honduras	guadeloupe	4
honduras	guatemala	60913
honduras	guyana	20
honduras	haiti	1447
honduras	jamaica	381
honduras	mexico	28105
honduras	nicaragua	14586
honduras	panama	26084
honduras	paraguay	511
honduras	peru	3558
honduras	puerto_rico	3003
honduras	saint_kitts_nevis	9
honduras	sint_maarten	471
honduras	suriname	1
honduras	trinidad_tobago	328
honduras	turks_caicos_islands	22
honduras	united_states	498424
honduras	uruguay	684
honduras	venezuela	812
honduras	british_virgin_islands	2
honduras	united_states_virgin_islands	1245
jamaica	anguilla	7
jamaica	antigua_barbuda	4413
jamaica	argentina	1326
jamaica	aruba	363
jamaica	bahamas	16493
jamaica	barbados	12431
jamaica	belize	988
jamaica	bermuda	1726
jamaica	bolivia	185
jamaica	brazil	2337
jamaica	canada	395139
jamaica	cayman_islands	34044
jamaica	chile	4472
jamaica	colombia	2801
jamaica	costa_rica	1891
jamaica	cuba	3283
jamaica	curacao	4659
jamaica	dominica	5
jamaica	dominican_republic	5993
jamaica	ecuador	685
jamaica	el_salvador	306
jamaica	french_guiana	5
jamaica	grenada	1567
jamaica	guadeloupe	11
jamaica	guatemala	582
jamaica	guyana	21763
jamaica	haiti	1507
jamaica	honduras	371
jamaica	martinique	20
jamaica	mexico	6719
jamaica	nicaragua	285
jamaica	panama	11889
jamaica	paraguay	281
jamaica	peru	1992
jamaica	puerto_rico	3794
jamaica	saint_kitts_nevis	1205
jamaica	saint_lucia	31
jamaica	sint_maarten	2104
jamaica	saint_vincent_grenadines	94
jamaica	suriname	924
jamaica	trinidad_tobago	30345
jamaica	turks_caicos_islands	5370
jamaica	united_states	1754118
jamaica	uruguay	292
jamaica	venezuela	988
jamaica	british_virgin_islands	2769
jamaica	united_states_virgin_islands	1708
martinique	antigua_barbuda	34
martinique	argentina	42
martinique	aruba	1
martinique	bahamas	10
martinique	barbados	4383
martinique	bolivia	2
martinique	brazil	95
martinique	canada	12109
martinique	cayman_islands	12
martinique	chile	10
martinique	colombia	26
martinique	costa_rica	7
martinique	cuba	3653
martinique	curacao	7
martinique	dominica	465
martinique	dominican_republic	3892
martinique	ecuador	29
martinique	el_salvador	3
martinique	french_guiana	44523
martinique	grenada	224
martinique	guadeloupe	240739
martinique	guatemala	20
martinique	guyana	39
martinique	haiti	2569
martinique	jamaica	6
martinique	mexico	395
martinique	panama	7
martinique	paraguay	2
martinique	peru	48
martinique	puerto_rico	2821
martinique	saint_barthelemy	474
martinique	saint_kitts_nevis	107
martinique	saint_lucia	11747
martinique	sint_maarten	204
martinique	saint_martin	12929
martinique	saint_vincent_grenadines	135
martinique	suriname	23
martinique	trinidad_tobago	403
martinique	turks_caicos_islands	4
martinique	united_states	38799
martinique	venezuela	9
martinique	british_virgin_islands	654
martinique	united_states_virgin_islands	14
mexico	anguilla	11
mexico	antigua_barbuda	9
mexico	argentina	276948
mexico	aruba	1711
mexico	bahamas	3805
mexico	barbados	699
mexico	belize	5371
mexico	bermuda	594
mexico	bolivia	18654
mexico	brazil	247011
mexico	canada	1745152
mexico	cayman_islands	583
mexico	chile	151037
mexico	colombia	482634
mexico	costa_rica	167285
mexico	cuba	352778
mexico	curacao	670
mexico	dominica	12
mexico	dominican_republic	45017
mexico	ecuador	47910
mexico	el_salvador	42319
mexico	french_guiana	1
mexico	grenada	246
mexico	guadeloupe	27
mexico	guatemala	131651
mexico	guyana	405
mexico	haiti	1291
mexico	honduras	28338
mexico	jamaica	6046
mexico	martinique	73
mexico	nicaragua	24731
mexico	panama	98918
mexico	paraguay	17930
mexico	peru	201491
mexico	puerto_rico	51214
mexico	saint_barthelemy	25
mexico	saint_kitts_nevis	119
mexico	saint_lucia	41
mexico	sint_maarten	893
mexico	saint_vincent_grenadines	11
mexico	suriname	67
mexico	trinidad_tobago	5489
mexico	turks_caicos_islands	257
mexico	united_states	13089114
mexico	uruguay	26465
mexico	venezuela	42725
mexico	british_virgin_islands	99
mexico	united_states_virgin_islands	826
nicaragua	antigua_barbuda	1
nicaragua	argentina	1488
nicaragua	aruba	47
nicaragua	bahamas	710
nicaragua	barbados	63
nicaragua	belize	1296
nicaragua	bermuda	29
nicaragua	bolivia	579
nicaragua	brazil	3707
nicaragua	canada	24083
nicaragua	cayman_islands	148
nicaragua	chile	1241
nicaragua	colombia	9030
nicaragua	costa_rica	60471
nicaragua	cuba	5148
nicaragua	curacao	25
nicaragua	dominican_republic	6339
nicaragua	ecuador	2496
nicaragua	el_salvador	23552
nicaragua	grenada	70
nicaragua	guadeloupe	4
nicaragua	guatemala	33559
nicaragua	guyana	63
nicaragua	haiti	1481
nicaragua	honduras	10851
nicaragua	jamaica	264
nicaragua	martinique	14
nicaragua	mexico	24543
nicaragua	panama	42115
nicaragua	paraguay	339
nicaragua	peru	3268
nicaragua	puerto_rico	2725
nicaragua	saint_kitts_nevis	10
nicaragua	saint_lucia	12
nicaragua	sint_maarten	157
nicaragua	suriname	9
nicaragua	trinidad_tobago	272
nicaragua	turks_caicos_islands	2
nicaragua	united_states	401997
nicaragua	uruguay	529
nicaragua	venezuela	3118
nicaragua	british_virgin_islands	4
nicaragua	united_states_virgin_islands	1022
panama	antigua_barbuda	73
panama	argentina	52873
panama	aruba	10835
panama	bahamas	7521
panama	barbados	841
panama	belize	4745
panama	bermuda	176
panama	bolivia	8714
panama	brazil	66972
panama	canada	32490
panama	cayman_islands	420
panama	chile	27422
panama	colombia	469400
panama	costa_rica	133970
panama	cuba	150265
panama	curacao	9193
panama	dominica	173
panama	dominican_republic	95416
panama	ecuador	122437
panama	el_salvador	36938
panama	french_guiana	9
panama	grenada	89
panama	guadeloupe	22
panama	guatemala	44711
panama	guyana	11930
panama	haiti	10554
panama	honduras	30906
panama	jamaica	13877
panama	martinique	21
panama	mexico	94190
panama	nicaragua	44512
panama	paraguay	20777
panama	peru	57328
panama	puerto_rico	15040
panama	saint_barthelemy	151
panama	saint_kitts_nevis	85
panama	saint_lucia	26
panama	sint_maarten	10162
panama	saint_vincent_grenadines	4
panama	suriname	147
panama	trinidad_tobago	17838
panama	turks_caicos_islands	104
panama	united_states	453616
panama	uruguay	23401
panama	venezuela	245403
panama	british_virgin_islands	141
panama	united_states_virgin_islands	144
paraguay	antigua_barbuda	7
paraguay	argentina	96072
paraguay	aruba	610
paraguay	bahamas	350
paraguay	barbados	14
paraguay	belize	43
paraguay	bermuda	6
paraguay	bolivia	20040
paraguay	brazil	66579
paraguay	canada	4657
paraguay	cayman_islands	2
paraguay	chile	28013
paraguay	colombia	12935
paraguay	costa_rica	1461
paraguay	cuba	5369
paraguay	curacao	169
paraguay	dominican_republic	9068
paraguay	ecuador	4637
paraguay	el_salvador	846
paraguay	grenada	9
paraguay	guatemala	828
paraguay	guyana	152
paraguay	haiti	268
paraguay	honduras	414
paraguay	jamaica	303
paraguay	martinique	3
paraguay	mexico	18477
paraguay	nicaragua	417
paraguay	panama	18854
paraguay	peru	23713
paraguay	puerto_rico	505
paraguay	saint_lucia	2
paraguay	sint_maarten	483
paraguay	saint_vincent_grenadines	1
paraguay	suriname	8
paraguay	trinidad_tobago	222
paraguay	turks_caicos_islands	79
paraguay	united_states	77921
paraguay	uruguay	38545
paraguay	venezuela	1379
paraguay	british_virgin_islands	10
peru	antigua_barbuda	46
peru	argentina	240052
peru	aruba	3566
peru	bahamas	1191
peru	barbados	258
peru	belize	533
peru	bermuda	98
peru	bolivia	94350
peru	brazil	202661
peru	canada	65799
peru	cayman_islands	190
peru	chile	335729
peru	colombia	268216
peru	costa_rica	40607
peru	cuba	45612
peru	curacao	899
peru	dominica	5
peru	dominican_republic	46753
peru	ecuador	142274
peru	el_salvador	5969
peru	french_guiana	22
peru	grenada	29
peru	guadeloupe	37
peru	guatemala	11155
peru	guyana	285
peru	haiti	384
peru	honduras	3574
peru	jamaica	2036
peru	martinique	38
peru	mexico	195621
peru	nicaragua	3569
peru	panama	58417
peru	paraguay	25846
peru	puerto_rico	9423
peru	saint_barthelemy	2
peru	saint_kitts_nevis	55
peru	saint_lucia	54
peru	sint_maarten	234
peru	saint_vincent_grenadines	4
peru	suriname	247
peru	trinidad_tobago	895
peru	turks_caicos_islands	161
peru	united_states	890997
peru	uruguay	32597
peru	venezuela	29479
peru	british_virgin_islands	26
peru	united_states_virgin_islands	213
puerto_rico	anguilla	11503
puerto_rico	antigua_barbuda	8743
puerto_rico	argentina	6668
puerto_rico	aruba	3633
puerto_rico	bahamas	3603
puerto_rico	barbados	1737
puerto_rico	belize	315
puerto_rico	bermuda	560
puerto_rico	bolivia	531
puerto_rico	brazil	6969
puerto_rico	canada	48597
puerto_rico	cayman_islands	776
puerto_rico	chile	5032
puerto_rico	colombia	33746
puerto_rico	costa_rica	12639
puerto_rico	cuba	3608
puerto_rico	curacao	2568
puerto_rico	dominica	6304
puerto_rico	dominican_republic	168132
puerto_rico	ecuador	3894
puerto_rico	el_salvador	1709
puerto_rico	grenada	378
puerto_rico	guadeloupe	6572
puerto_rico	guatemala	5426
puerto_rico	guyana	354
puerto_rico	haiti	748
puerto_rico	honduras	2805
puerto_rico	jamaica	3576
puerto_rico	martinique	2794
puerto_rico	mexico	50770
puerto_rico	nicaragua	2695
puerto_rico	panama	16747
puerto_rico	paraguay	558
puerto_rico	peru	9462
puerto_rico	saint_barthelemy	13250
puerto_rico	saint_kitts_nevis	15964
puerto_rico	saint_lucia	943
puerto_rico	sint_maarten	25740
puerto_rico	saint_vincent_grenadines	579
puerto_rico	suriname	68
puerto_rico	trinidad_tobago	2606
puerto_rico	turks_caicos_islands	3374
puerto_rico	united_states	3678711
puerto_rico	uruguay	824
puerto_rico	venezuela	4819
puerto_rico	british_virgin_islands	61039
puerto_rico	united_states_virgin_islands	86493
saint_barthelemy	anguilla	2294
saint_barthelemy	antigua_barbuda	2598
saint_barthelemy	aruba	19
saint_barthelemy	barbados	62
saint_barthelemy	brazil	160
saint_barthelemy	canada	89
saint_barthelemy	chile	25
saint_barthelemy	colombia	3
saint_barthelemy	costa_rica	8
saint_barthelemy	cuba	3
saint_barthelemy	curacao	58
saint_barthelemy	dominica	6
saint_barthelemy	dominican_republic	143
saint_barthelemy	french_guiana	14
saint_barthelemy	guadeloupe	12376
saint_barthelemy	haiti	8
saint_barthelemy	martinique	842
saint_barthelemy	mexico	25
saint_barthelemy	panama	113
saint_barthelemy	paraguay	6
saint_barthelemy	puerto_rico	13114
saint_barthelemy	saint_kitts_nevis	465
saint_barthelemy	saint_lucia	63
saint_barthelemy	sint_maarten	113105
saint_barthelemy	saint_martin	8636
saint_barthelemy	saint_vincent_grenadines	3
saint_barthelemy	trinidad_tobago	5
saint_barthelemy	united_states	2543
saint_barthelemy	venezuela	35
saint_barthelemy	british_virgin_islands	127
saint_barthelemy	united_states_virgin_islands	657
saint_kitts_nevis	anguilla	212
saint_kitts_nevis	antigua_barbuda	10944
saint_kitts_nevis	argentina	59
saint_kitts_nevis	aruba	155
saint_kitts_nevis	bahamas	156
saint_kitts_nevis	barbados	3002
saint_kitts_nevis	belize	28
saint_kitts_nevis	bermuda	171
saint_kitts_nevis	bolivia	2
saint_kitts_nevis	brazil	113
saint_kitts_nevis	canada	4991
saint_kitts_nevis	cayman_islands	83
saint_kitts_nevis	chile	93
saint_kitts_nevis	colombia	77
saint_kitts_nevis	costa_rica	42
saint_kitts_nevis	cuba	60
saint_kitts_nevis	curacao	167
saint_kitts_nevis	dominica	768
saint_kitts_nevis	dominican_republic	736
saint_kitts_nevis	ecuador	20
saint_kitts_nevis	el_salvador	2
saint_kitts_nevis	grenada	503
saint_kitts_nevis	guadeloupe	148
saint_kitts_nevis	guatemala	16
saint_kitts_nevis	guyana	1139
saint_kitts_nevis	haiti	130
saint_kitts_nevis	jamaica	1089
saint_kitts_nevis	martinique	34
saint_kitts_nevis	mexico	109
saint_kitts_nevis	nicaragua	31
saint_kitts_nevis	panama	44
saint_kitts_nevis	paraguay	3
saint_kitts_nevis	peru	62
saint_kitts_nevis	puerto_rico	16915
saint_kitts_nevis	saint_barthelemy	401
saint_kitts_nevis	saint_lucia	1235
saint_kitts_nevis	sint_maarten	16223
saint_kitts_nevis	saint_vincent_grenadines	376
saint_kitts_nevis	suriname	17
saint_kitts_nevis	trinidad_tobago	1436
saint_kitts_nevis	turks_caicos_islands	67
saint_kitts_nevis	united_states	73239
saint_kitts_nevis	uruguay	17
saint_kitts_nevis	venezuela	94
saint_kitts_nevis	british_virgin_islands	3746
saint_kitts_nevis	united_states_virgin_islands	2874
saint_lucia	anguilla	42
saint_lucia	antigua_barbuda	3565
saint_lucia	argentina	44
saint_lucia	aruba	26
saint_lucia	bahamas	345
saint_lucia	barbados	18297
saint_lucia	bolivia	5
saint_lucia	brazil	111
saint_lucia	canada	37917
saint_lucia	cayman_islands	30
saint_lucia	chile	88
saint_lucia	colombia	22
saint_lucia	cuba	4
saint_lucia	curacao	141
saint_lucia	dominica	959
saint_lucia	dominican_republic	317
saint_lucia	ecuador	17
saint_lucia	french_guiana	67
saint_lucia	grenada	4212
saint_lucia	guadeloupe	1970
saint_lucia	guatemala	1
saint_lucia	guyana	1621
saint_lucia	haiti	1
saint_lucia	honduras	1
saint_lucia	jamaica	136
saint_lucia	martinique	11759
saint_lucia	mexico	60
saint_lucia	nicaragua	2
saint_lucia	panama	14
saint_lucia	peru	43
saint_lucia	puerto_rico	690
saint_lucia	saint_barthelemy	6
saint_lucia	saint_kitts_nevis	837
saint_lucia	sint_maarten	1576
saint_lucia	saint_martin	108
saint_lucia	saint_vincent_grenadines	1800
saint_lucia	suriname	241
saint_lucia	trinidad_tobago	21769
saint_lucia	turks_caicos_islands	1
saint_lucia	united_states	179905
saint_lucia	uruguay	8
saint_lucia	venezuela	275
saint_lucia	british_virgin_islands	745
saint_lucia	united_states_virgin_islands	807
sint_maarten	anguilla	7547
sint_maarten	antigua_barbuda	16489
sint_maarten	argentina	2767
sint_maarten	aruba	4295
sint_maarten	bahamas	491
sint_maarten	barbados	2356
sint_maarten	belize	30
sint_maarten	bermuda	142
sint_maarten	bolivia	66
sint_maarten	brazil	2322
sint_maarten	canada	61449
sint_maarten	cayman_islands	239
sint_maarten	chile	795
sint_maarten	colombia	4965
sint_maarten	costa_rica	576
sint_maarten	cuba	1675
sint_maarten	curacao	13378
sint_maarten	dominica	8481
sint_maarten	dominican_republic	33529
sint_maarten	ecuador	466
sint_maarten	el_salvador	57
sint_maarten	french_guiana	3
sint_maarten	grenada	439
sint_maarten	guadeloupe	1181
sint_maarten	guatemala	84
sint_maarten	guyana	1903
sint_maarten	haiti	1414
sint_maarten	honduras	90
sint_maarten	jamaica	2649
sint_maarten	martinique	259
sint_maarten	mexico	1021
sint_maarten	nicaragua	382
sint_maarten	panama	9325
sint_maarten	paraguay	544
sint_maarten	peru	221
sint_maarten	puerto_rico	24737
sint_maarten	saint_barthelemy	113539
sint_maarten	saint_kitts_nevis	18051
sint_maarten	saint_lucia	1400
sint_maarten	saint_martin	2575
sint_maarten	saint_vincent_grenadines	332
sint_maarten	suriname	1633
sint_maarten	trinidad_tobago	4054
sint_maarten	turks_caicos_islands	130
sint_maarten	united_states	389982
sint_maarten	uruguay	459
sint_maarten	venezuela	1832
sint_maarten	british_virgin_islands	18507
sint_maarten	united_states_virgin_islands	17863
saint_martin	antigua_barbuda	4
saint_martin	barbados	33
saint_martin	canada	11
saint_martin	cuba	19
saint_martin	dominican_republic	129
saint_martin	french_guiana	458
saint_martin	guadeloupe	85301
saint_martin	haiti	18
saint_martin	martinique	13062
saint_martin	puerto_rico	4
saint_martin	saint_barthelemy	9016
saint_martin	saint_lucia	296
saint_martin	sint_maarten	2478
saint_martin	united_states	6
saint_vincent_grenadines	anguilla	10
saint_vincent_grenadines	antigua_barbuda	841
saint_vincent_grenadines	aruba	16
saint_vincent_grenadines	bahamas	3
saint_vincent_grenadines	barbados	13305
saint_vincent_grenadines	brazil	14
saint_vincent_grenadines	canada	4047
saint_vincent_grenadines	cayman_islands	6
saint_vincent_grenadines	chile	1
saint_vincent_grenadines	colombia	22
saint_vincent_grenadines	costa_rica	6
saint_vincent_grenadines	curacao	29
saint_vincent_grenadines	dominica	426
saint_vincent_grenadines	dominican_republic	24
saint_vincent_grenadines	ecuador	3
saint_vincent_grenadines	el_salvador	5
saint_vincent_grenadines	grenada	3908
saint_vincent_grenadines	guadeloupe	77
saint_vincent_grenadines	guyana	583
saint_vincent_grenadines	jamaica	301
saint_vincent_grenadines	martinique	211
saint_vincent_grenadines	mexico	2
saint_vincent_grenadines	nicaragua	4
saint_vincent_grenadines	paraguay	3
saint_vincent_grenadines	peru	3
saint_vincent_grenadines	puerto_rico	767
saint_vincent_grenadines	saint_kitts_nevis	406
saint_vincent_grenadines	saint_lucia	4665
saint_vincent_grenadines	sint_maarten	300
saint_vincent_grenadines	suriname	59
saint_vincent_grenadines	trinidad_tobago	13544
saint_vincent_grenadines	united_states	10570
saint_vincent_grenadines	venezuela	101
saint_vincent_grenadines	british_virgin_islands	1829
saint_vincent_grenadines	united_states_virgin_islands	30
suriname	antigua_barbuda	95
suriname	argentina	17
suriname	aruba	11739
suriname	bahamas	261
suriname	barbados	1987
suriname	belize	1
suriname	bermuda	1
suriname	bolivia	4
suriname	brazil	23827
suriname	canada	2604
suriname	cayman_islands	8
suriname	chile	45
suriname	colombia	829
suriname	costa_rica	29
suriname	cuba	220
suriname	curacao	21582
suriname	dominica	21
suriname	dominican_republic	3202
suriname	ecuador	75
suriname	el_salvador	16
suriname	french_guiana	949
suriname	grenada	122
suriname	guadeloupe	7
suriname	guatemala	10
suriname	guyana	12335
suriname	haiti	6201
suriname	honduras	6
suriname	jamaica	898
suriname	mexico	60
suriname	nicaragua	11
suriname	panama	179
suriname	paraguay	10
suriname	peru	154
suriname	puerto_rico	41
suriname	saint_kitts_nevis	31
suriname	saint_lucia	221
suriname	sint_maarten	1492
suriname	saint_vincent_grenadines	55
suriname	trinidad_tobago	10168
suriname	united_states	27485
suriname	uruguay	4
suriname	venezuela	609
suriname	british_virgin_islands	7
suriname	united_states_virgin_islands	10
trinidad_tobago	anguilla	13
trinidad_tobago	antigua_barbuda	6203
trinidad_tobago	argentina	812
trinidad_tobago	aruba	2518
trinidad_tobago	bahamas	3031
trinidad_tobago	barbados	57840
trinidad_tobago	belize	726
trinidad_tobago	bermuda	528
trinidad_tobago	bolivia	101
trinidad_tobago	brazil	4120
trinidad_tobago	canada	76878
trinidad_tobago	cayman_islands	669
trinidad_tobago	chile	631
trinidad_tobago	colombia	5670
trinidad_tobago	costa_rica	1573
trinidad_tobago	cuba	3717
trinidad_tobago	curacao	14877
trinidad_tobago	dominica	1442
trinidad_tobago	dominican_republic	4902
trinidad_tobago	ecuador	871
trinidad_tobago	el_salvador	861
trinidad_tobago	french_guiana	68
trinidad_tobago	grenada	22420
trinidad_tobago	guadeloupe	123
trinidad_tobago	guatemala	834
trinidad_tobago	guyana	37919
trinidad_tobago	haiti	642
trinidad_tobago	honduras	231
trinidad_tobago	jamaica	30748
trinidad_tobago	martinique	263
trinidad_tobago	mexico	5292
trinidad_tobago	nicaragua	311
trinidad_tobago	panama	18303
trinidad_tobago	paraguay	215
trinidad_tobago	peru	878
trinidad_tobago	puerto_rico	2228
trinidad_tobago	saint_kitts_nevis	1704
trinidad_tobago	saint_lucia	24719
trinidad_tobago	sint_maarten	3761
trinidad_tobago	saint_vincent_grenadines	13864
trinidad_tobago	suriname	10050
trinidad_tobago	turks_caicos_islands	457
trinidad_tobago	united_states	410173
trinidad_tobago	uruguay	212
trinidad_tobago	venezuela	22076
trinidad_tobago	british_virgin_islands	1040
trinidad_tobago	united_states_virgin_islands	786
turks_caicos_islands	anguilla	1
turks_caicos_islands	antigua_barbuda	6788
turks_caicos_islands	argentina	474
turks_caicos_islands	aruba	61
turks_caicos_islands	bahamas	6751
turks_caicos_islands	barbados	317
turks_caicos_islands	belize	30
turks_caicos_islands	bermuda	176
turks_caicos_islands	brazil	487
turks_caicos_islands	canada	46218
turks_caicos_islands	cayman_islands	368
turks_caicos_islands	chile	81
turks_caicos_islands	colombia	95
turks_caicos_islands	costa_rica	79
turks_caicos_islands	cuba	2133
turks_caicos_islands	curacao	48
turks_caicos_islands	dominica	3
turks_caicos_islands	dominican_republic	8908
turks_caicos_islands	ecuador	32
turks_caicos_islands	el_salvador	9
turks_caicos_islands	grenada	119
turks_caicos_islands	guadeloupe	2
turks_caicos_islands	guatemala	28
turks_caicos_islands	guyana	63
turks_caicos_islands	haiti	12625
turks_caicos_islands	honduras	22
turks_caicos_islands	jamaica	5067
turks_caicos_islands	mexico	263
turks_caicos_islands	nicaragua	8
turks_caicos_islands	panama	91
turks_caicos_islands	peru	65
turks_caicos_islands	puerto_rico	2851
turks_caicos_islands	saint_kitts_nevis	45
turks_caicos_islands	sint_maarten	122
turks_caicos_islands	saint_vincent_grenadines	2
turks_caicos_islands	trinidad_tobago	353
turks_caicos_islands	united_states	373194
turks_caicos_islands	uruguay	87
turks_caicos_islands	venezuela	19
turks_caicos_islands	british_virgin_islands	65
turks_caicos_islands	united_states_virgin_islands	253
united_states	anguilla	1756
united_states	antigua_barbuda	137622
united_states	argentina	1086129
united_states	aruba	692631
united_states	bahamas	1303447
united_states	barbados	242635
united_states	belize	305217
united_states	bermuda	300084
united_states	bolivia	151862
united_states	brazil	2250336
united_states	canada	12264871
united_states	cayman_islands	403326
united_states	chile	511157
united_states	colombia	1679945
united_states	costa_rica	1500260
united_states	cuba	232083
united_states	curacao	102197
united_states	dominica	17428
united_states	dominican_republic	3046049
united_states	ecuador	882707
united_states	el_salvador	641046
united_states	french_guiana	2256
united_states	grenada	75991
united_states	guadeloupe	36162
united_states	guatemala	671513
united_states	guyana	154728
united_states	haiti	568776
united_states	honduras	493496
united_states	jamaica	1735902
united_states	martinique	38067
united_states	mexico	13145673
united_states	nicaragua	401800
united_states	panama	443120
united_states	paraguay	77818
united_states	peru	893582
united_states	puerto_rico	3567914
united_states	saint_barthelemy	2623
united_states	saint_kitts_nevis	72893
united_states	saint_lucia	178640
united_states	sint_maarten	392870
united_states	saint_vincent_grenadines	10866
united_states	suriname	28404
united_states	trinidad_tobago	409613
united_states	turks_caicos_islands	375926
united_states	uruguay	116206
united_states	venezuela	572615
united_states	british_virgin_islands	24618
united_states	united_states_virgin_islands	762123
uruguay	antigua_barbuda	38
uruguay	argentina	210509
uruguay	aruba	296
uruguay	bahamas	337
uruguay	barbados	100
uruguay	belize	57
uruguay	bermuda	6
uruguay	bolivia	3911
uruguay	brazil	239944
uruguay	canada	5016
uruguay	cayman_islands	26
uruguay	chile	88557
uruguay	colombia	11761
uruguay	costa_rica	3397
uruguay	cuba	12062
uruguay	curacao	339
uruguay	dominica	2
uruguay	dominican_republic	20370
uruguay	ecuador	4981
uruguay	el_salvador	766
uruguay	french_guiana	4
uruguay	grenada	5
uruguay	guatemala	953
uruguay	guyana	103
uruguay	haiti	207
uruguay	honduras	556
uruguay	jamaica	283
uruguay	mexico	28109
uruguay	nicaragua	548
uruguay	panama	20930
uruguay	paraguay	38480
uruguay	peru	33438
uruguay	puerto_rico	838
uruguay	saint_barthelemy	10
uruguay	saint_kitts_nevis	14
uruguay	saint_lucia	12
uruguay	sint_maarten	462
uruguay	suriname	5
uruguay	trinidad_tobago	220
uruguay	turks_caicos_islands	109
uruguay	united_states	117257
uruguay	venezuela	4702
uruguay	british_virgin_islands	14
uruguay	united_states_virgin_islands	102
venezuela	antigua_barbuda	69
venezuela	argentina	66580
venezuela	aruba	264558
venezuela	bahamas	508
venezuela	barbados	355
venezuela	belize	148
venezuela	bermuda	4
venezuela	bolivia	3990
venezuela	brazil	41004
venezuela	canada	8537
venezuela	cayman_islands	28
venezuela	chile	37870
venezuela	colombia	178323
venezuela	costa_rica	6428
venezuela	cuba	55851
venezuela	curacao	116406
venezuela	dominica	67
venezuela	dominican_republic	148075
venezuela	ecuador	70105
venezuela	el_salvador	1636
venezuela	grenada	2236
venezuela	guadeloupe	9
venezuela	guatemala	2909
venezuela	guyana	351
venezuela	haiti	767
venezuela	honduras	832
venezuela	jamaica	979
venezuela	martinique	3
venezuela	mexico	45719
venezuela	nicaragua	3142
venezuela	panama	248313
venezuela	paraguay	1587
venezuela	peru	40007
venezuela	puerto_rico	4417
venezuela	saint_barthelemy	25
venezuela	saint_kitts_nevis	51
venezuela	saint_lucia	379
venezuela	sint_maarten	1782
venezuela	saint_vincent_grenadines	129
venezuela	suriname	171
venezuela	trinidad_tobago	22090
venezuela	turks_caicos_islands	11
venezuela	united_states	606134
venezuela	uruguay	5492
venezuela	british_virgin_islands	40
venezuela	united_states_virgin_islands	34
british_virgin_islands	anguilla	45
british_virgin_islands	antigua_barbuda	6018
british_virgin_islands	argentina	34
british_virgin_islands	aruba	73
british_virgin_islands	bahamas	76
british_virgin_islands	barbados	2087
british_virgin_islands	belize	2
british_virgin_islands	bermuda	52
british_virgin_islands	brazil	44
british_virgin_islands	canada	1072
british_virgin_islands	cayman_islands	91
british_virgin_islands	chile	11
british_virgin_islands	colombia	77
british_virgin_islands	costa_rica	19
british_virgin_islands	cuba	39
british_virgin_islands	curacao	244
british_virgin_islands	dominica	1901
british_virgin_islands	dominican_republic	1809
british_virgin_islands	ecuador	1
british_virgin_islands	el_salvador	8
british_virgin_islands	grenada	767
british_virgin_islands	guadeloupe	167
british_virgin_islands	guatemala	4
british_virgin_islands	guyana	2556
british_virgin_islands	haiti	142
british_virgin_islands	jamaica	1706
british_virgin_islands	martinique	93
british_virgin_islands	mexico	110
british_virgin_islands	nicaragua	9
british_virgin_islands	panama	102
british_virgin_islands	peru	7
british_virgin_islands	puerto_rico	59119
british_virgin_islands	saint_barthelemy	201
british_virgin_islands	saint_kitts_nevis	4067
british_virgin_islands	saint_lucia	1787
british_virgin_islands	sint_maarten	21438
british_virgin_islands	saint_vincent_grenadines	1943
british_virgin_islands	suriname	7
british_virgin_islands	trinidad_tobago	1186
british_virgin_islands	turks_caicos_islands	70
british_virgin_islands	united_states	26096
british_virgin_islands	uruguay	4
british_virgin_islands	venezuela	81
british_virgin_islands	united_states_virgin_islands	18826
united_states_virgin_islands	anguilla	7229
united_states_virgin_islands	antigua_barbuda	1646
united_states_virgin_islands	argentina	202
united_states_virgin_islands	aruba	136
united_states_virgin_islands	bahamas	490
united_states_virgin_islands	barbados	478
united_states_virgin_islands	belize	81
united_states_virgin_islands	bermuda	305
united_states_virgin_islands	bolivia	10
united_states_virgin_islands	brazil	333
united_states_virgin_islands	canada	8787
united_states_virgin_islands	cayman_islands	618
united_states_virgin_islands	chile	176
united_states_virgin_islands	colombia	190
united_states_virgin_islands	costa_rica	1158
united_states_virgin_islands	cuba	6
united_states_virgin_islands	curacao	198
united_states_virgin_islands	dominica	2462
united_states_virgin_islands	dominican_republic	4576
united_states_virgin_islands	ecuador	92
united_states_virgin_islands	el_salvador	76
united_states_virgin_islands	grenada	202
united_states_virgin_islands	guadeloupe	63
united_states_virgin_islands	guatemala	55
united_states_virgin_islands	guyana	97
united_states_virgin_islands	haiti	544
united_states_virgin_islands	honduras	1077
united_states_virgin_islands	jamaica	1962
united_states_virgin_islands	martinique	12
united_states_virgin_islands	mexico	827
united_states_virgin_islands	nicaragua	900
united_states_virgin_islands	panama	214
united_states_virgin_islands	peru	149
united_states_virgin_islands	puerto_rico	81100
united_states_virgin_islands	saint_barthelemy	591
united_states_virgin_islands	saint_kitts_nevis	1934
united_states_virgin_islands	saint_lucia	615
united_states_virgin_islands	sint_maarten	17012
united_states_virgin_islands	saint_vincent_grenadines	23
united_states_virgin_islands	suriname	6
united_states_virgin_islands	trinidad_tobago	945
united_states_virgin_islands	turks_caicos_islands	278
united_states_virgin_islands	united_states	766760
united_states_virgin_islands	uruguay	77
united_states_virgin_islands	venezuela	13
united_states_virgin_islands	british_virgin_islands	18951
